--2026-05-13 01:31:35--  https://dpsmap.com/
Resolving dpsmap.com (dpsmap.com)... 172.67.214.179, 104.21.23.243
Connecting to dpsmap.com (dpsmap.com)|172.67.214.179|:443... connected.
HTTP request sent, awaiting response... 200 OK
Length: unspecified [text/html]
Saving to: ‘dpsmap.com/index.html’

     0K ....                                                   10.4K=0.4s

2026-05-13 01:31:38 (10.4 KB/s) - ‘dpsmap.com/index.html’ saved [4184]

Loading robots.txt; please ignore errors.
--2026-05-13 01:31:38--  https://dpsmap.com/robots.txt
Reusing existing connection to dpsmap.com:443.
HTTP request sent, awaiting response... 200 OK
Length: 338 [text/plain]
Saving to: ‘dpsmap.com/robots.txt’

     0K                                                       100%  276M=0s

2026-05-13 01:31:38 (276 MB/s) - ‘dpsmap.com/robots.txt’ saved [338/338]

--2026-05-13 01:31:39--  https://dpsmap.com/assets/favicon/favicon-512x512.png
Reusing existing connection to dpsmap.com:443.
HTTP request sent, awaiting response... 200 OK
Length: unspecified [image/png]
Saving to: ‘dpsmap.com/assets/favicon/favicon-512x512.png’

     0K .......... .......... .......... .......... .......... 75.1K
    50K .......... .....                                        170K=0.8s

2026-05-13 01:31:40 (86.3 KB/s) - ‘dpsmap.com/assets/favicon/favicon-512x512.png’ saved [66668]

--2026-05-13 01:31:40--  https://dpsmap.com/assets/index-DQ8LZH7b.js
Reusing existing connection to dpsmap.com:443.
HTTP request sent, awaiting response... 200 OK
Length: unspecified [application/javascript]
Saving to: ‘dpsmap.com/assets/index-DQ8LZH7b.js’

     0K .......... .......... .......... .......... .......... 93.1K
    50K .......... .......... .......... .......... ..........  169K
   100K .......... .......... .......... .......... .......... 95.2K
   150K .......... .......... .......... .......... ..........  176K
   200K .......... .......... .......... .......... ..........  177K
   250K .......... .......... .......... .......... ..........  179K
   300K .......... .......... .......... .......... ..........  182K
   350K .......... .......... .......... .......... ..........  187K
   400K .......... .......... .......... .......... ..........  175K
   450K .......... .......... .......... .......... ..........  193K
   500K .......... .......... .......... .......... ..........  187K
   550K .......... .......... .......... .......... ..........  196K
   600K .......... .......... .......... .......... ..........  196K
   650K .......... .......... .......... .......... ..........  820K
   700K .......... .......... .......... .......... ..........  211K
   750K .......... .......... .......... .......... ..........  206K
   800K .......... .......... .......... .......... ..........  694K
   850K .......... .......... .......... .......... ..........  225K
   900K .......... .......... .......... .......... ..........  759K
   950K .......... .......... .......... .......... ..........  244K
  1000K .......... .......... .......... .......... ..........  763K
  1050K .......... .......... .......... .......... ..........  257K
  1100K .......... .......... .......... .......... ..........  668K
  1150K .......... .......... .......... .......... .....       217K=5.7s

2026-05-13 01:31:47 (209 KB/s) - ‘dpsmap.com/assets/index-DQ8LZH7b.js’ saved [1224169]

--2026-05-13 01:31:47--  https://dpsmap.com/assets/index-BdgmOU_-.css
Reusing existing connection to dpsmap.com:443.
HTTP request sent, awaiting response... 200 OK
Length: unspecified [text/css]
Saving to: ‘dpsmap.com/assets/index-BdgmOU_-.css’

     0K .......... .......... .......... .......... ..........  183K
    50K .......... .......... .......... ....                   555K=0.3s

2026-05-13 01:31:48 (251 KB/s) - ‘dpsmap.com/assets/index-BdgmOU_-.css’ saved [86267]

--2026-05-13 01:31:48--  https://dpsmap.com/products
Reusing existing connection to dpsmap.com:443.
HTTP request sent, awaiting response... 200 OK
Length: unspecified [text/html]
Saving to: ‘dpsmap.com/products.html’

     0K .                                                       775M=0s

2026-05-13 01:31:49 (775 MB/s) - ‘dpsmap.com/products.html’ saved [1235]

Loading robots.txt; please ignore errors.
--2026-05-13 01:31:49--  https://www.dpsmap.com/robots.txt
Resolving www.dpsmap.com (www.dpsmap.com)... failed: Name or service not known.
wget: unable to resolve host address ‘www.dpsmap.com’
--2026-05-13 01:31:50--  https://www.dpsmap.com/assets/favicon/favicon-512x512.png
Resolving www.dpsmap.com (www.dpsmap.com)... failed: Name or service not known.
wget: unable to resolve host address ‘www.dpsmap.com’
--2026-05-13 01:31:50--  https://dpsmap.com/assets/index-BW2DIxxJ.js
Reusing existing connection to dpsmap.com:443.
HTTP request sent, awaiting response... 200 OK
Length: unspecified [application/javascript]
Saving to: ‘dpsmap.com/assets/index-BW2DIxxJ.js’

     0K .......... .......... .......... .......... ..........  178K
    50K .......... .......... .......... .......... ..........  187K
   100K .......... .......... .......... .......... .......... 1.86M
   150K .......... .......... .......... .......... ..........  205K
   200K .......... .......... .......... .......... .......... 1.85M
   250K .......... .......... .......... .......... .......... 1.87M
   300K .......... .......... .......... .......... ..........  220K
   350K .......... .......... .......... .......... ..........  991K
   400K .......... .......... .......... .......... ..........  218K
   450K .......... .........                                    116K=1.5s

2026-05-13 01:31:52 (304 KB/s) - ‘dpsmap.com/assets/index-BW2DIxxJ.js’ saved [480302]

--2026-05-13 01:31:53--  https://dpsmap.com/assets/index-t21ne6dI.css
Reusing existing connection to dpsmap.com:443.
HTTP request sent, awaiting response... 200 OK
Length: unspecified [text/css]
Saving to: ‘dpsmap.com/assets/index-t21ne6dI.css’

     0K .......... .......... .......... .......... ..........  195K
    50K .......... .......... .                                 296K=0.3s

2026-05-13 01:31:54 (217 KB/s) - ‘dpsmap.com/assets/index-t21ne6dI.css’ saved [72756]

--2026-05-13 01:31:54--  https://myanmar.dpsmap.com/
Resolving myanmar.dpsmap.com (myanmar.dpsmap.com)... 104.21.23.243, 172.67.214.179
Connecting to myanmar.dpsmap.com (myanmar.dpsmap.com)|104.21.23.243|:443... connected.
HTTP request sent, awaiting response... 200 OK
Length: unspecified [text/html]
Saving to: ‘myanmar.dpsmap.com/index.html’

     0K .......... .......... .......... .......... .......... 93.1K
    50K .......... .......... .......... .......... ....        585K=0.6s

2026-05-13 01:31:58 (154 KB/s) - ‘myanmar.dpsmap.com/index.html’ saved [96346]

Loading robots.txt; please ignore errors.
--2026-05-13 01:31:58--  https://myanmar.dpsmap.com/robots.txt
Reusing existing connection to myanmar.dpsmap.com:443.
HTTP request sent, awaiting response... 404 Not Found
2026-05-13 01:31:59 ERROR 404: Not Found.

Loading robots.txt; please ignore errors.
--2026-05-13 01:31:59--  https://yangontownshipmapbook.dpsmap.com/robots.txt
Resolving yangontownshipmapbook.dpsmap.com (yangontownshipmapbook.dpsmap.com)... 172.67.214.179, 104.21.23.243
Connecting to yangontownshipmapbook.dpsmap.com (yangontownshipmapbook.dpsmap.com)|172.67.214.179|:443... connected.
HTTP request sent, awaiting response... 500 Internal Server Error
2026-05-13 01:32:02 ERROR 500: Internal Server Error.

Loading robots.txt; please ignore errors.
--2026-05-13 01:32:03--  https://shop.dpsmap.com/robots.txt
Resolving shop.dpsmap.com (shop.dpsmap.com)... 172.67.214.179, 104.21.23.243
Connecting to shop.dpsmap.com (shop.dpsmap.com)|172.67.214.179|:443... connected.
HTTP request sent, awaiting response... 200 OK
Length: unspecified [text/plain]
Saving to: ‘shop.dpsmap.com/robots.txt’

     0K                                                        63.4M=0s

2026-05-13 01:32:05 (63.4 MB/s) - ‘shop.dpsmap.com/robots.txt’ saved [116]

--2026-05-13 01:32:06--  https://myanmar.dpsmap.com/assets/img/favicon/favicon-144x144.png
Connecting to myanmar.dpsmap.com (myanmar.dpsmap.com)|104.21.23.243|:443... connected.
HTTP request sent, awaiting response... 200 OK
Length: unspecified [image/png]
Saving to: ‘myanmar.dpsmap.com/assets/img/favicon/favicon-144x144.png’

     0K .......... ...                                         35.2K=0.4s

2026-05-13 01:32:09 (35.2 KB/s) - ‘myanmar.dpsmap.com/assets/img/favicon/favicon-144x144.png’ saved [13731]

--2026-05-13 01:32:09--  https://myanmar.dpsmap.com/assets/vendor/bootstrap/css/bootstrap.min.css
Reusing existing connection to myanmar.dpsmap.com:443.
HTTP request sent, awaiting response... 200 OK
Length: unspecified [text/css]
Saving to: ‘myanmar.dpsmap.com/assets/vendor/bootstrap/css/bootstrap.min.css’

     0K .......... .......... .......... .......... .......... 93.0K
    50K .......... .......... .......... .......... ..........  188K
   100K .......... .......... .......... .......... .......... 4.93M
   150K .......... .......... .......... .......... ..........  192K
   200K .......... .......... .......                           143K=1.3s

2026-05-13 01:32:11 (180 KB/s) - ‘myanmar.dpsmap.com/assets/vendor/bootstrap/css/bootstrap.min.css’ saved [232803]

--2026-05-13 01:32:11--  https://myanmar.dpsmap.com/assets/vendor/bootstrap-icons/bootstrap-icons.css
Reusing existing connection to myanmar.dpsmap.com:443.
HTTP request sent, awaiting response... 200 OK
Length: unspecified [text/css]
Saving to: ‘myanmar.dpsmap.com/assets/vendor/bootstrap-icons/bootstrap-icons.css’

     0K .......... .......... .......... .......... ..........  194K
    50K .......... .......... .......... .......... .....       404K=0.4s

2026-05-13 01:32:13 (258 KB/s) - ‘myanmar.dpsmap.com/assets/vendor/bootstrap-icons/bootstrap-icons.css’ saved [98255]

--2026-05-13 01:32:13--  https://myanmar.dpsmap.com/assets/vendor/aos/aos.css
Reusing existing connection to myanmar.dpsmap.com:443.
HTTP request sent, awaiting response... 200 OK
Length: unspecified [text/css]
Saving to: ‘myanmar.dpsmap.com/assets/vendor/aos/aos.css’

     0K .......... .......... ........                         76.8K=0.4s

2026-05-13 01:32:14 (76.8 KB/s) - ‘myanmar.dpsmap.com/assets/vendor/aos/aos.css’ saved [28765]

--2026-05-13 01:32:14--  https://myanmar.dpsmap.com/assets/vendor/glightbox/css/glightbox.min.css
Reusing existing connection to myanmar.dpsmap.com:443.
HTTP request sent, awaiting response... 200 OK
Length: unspecified [text/css]
Saving to: ‘myanmar.dpsmap.com/assets/vendor/glightbox/css/glightbox.min.css’

     0K .......... ...                                          394M=0s

2026-05-13 01:32:15 (394 MB/s) - ‘myanmar.dpsmap.com/assets/vendor/glightbox/css/glightbox.min.css’ saved [13749]

--2026-05-13 01:32:16--  https://myanmar.dpsmap.com/assets/vendor/swiper/swiper-bundle.min.css
Reusing existing connection to myanmar.dpsmap.com:443.
HTTP request sent, awaiting response... 200 OK
Length: unspecified [text/css]
Saving to: ‘myanmar.dpsmap.com/assets/vendor/swiper/swiper-bundle.min.css’

     0K .......... ........                                     151K=0.1s

2026-05-13 01:32:17 (151 KB/s) - ‘myanmar.dpsmap.com/assets/vendor/swiper/swiper-bundle.min.css’ saved [18432]

--2026-05-13 01:32:17--  https://myanmar.dpsmap.com/assets/css/main.css
Reusing existing connection to myanmar.dpsmap.com:443.
HTTP request sent, awaiting response... 200 OK
Length: unspecified [text/css]
Saving to: ‘myanmar.dpsmap.com/assets/css/main.css’

     0K .......... .......... .......... .......... ..........  172K
    50K ..........                                              185M=0.3s

2026-05-13 01:32:18 (209 KB/s) - ‘myanmar.dpsmap.com/assets/css/main.css’ saved [62169]

--2026-05-13 01:32:18--  https://myanmar.dpsmap.com/cdn-cgi/l/email-protection
Reusing existing connection to myanmar.dpsmap.com:443.
HTTP request sent, awaiting response... 404 Not Found
2026-05-13 01:32:19 ERROR 404: Not Found.

--2026-05-13 01:32:19--  https://myanmar.dpsmap.com/service-details.html
Reusing existing connection to myanmar.dpsmap.com:443.
HTTP request sent, awaiting response... 200 OK
Length: unspecified [text/html]
Saving to: ‘myanmar.dpsmap.com/service-details.html’

     0K .......... .......... .......... .......... ..........  131K
    50K ........                                                119M=0.4s

2026-05-13 01:32:21 (153 KB/s) - ‘myanmar.dpsmap.com/service-details.html’ saved [59547]

--2026-05-13 01:32:21--  https://myanmar.dpsmap.com/gis-details.html
Reusing existing connection to myanmar.dpsmap.com:443.
HTTP request sent, awaiting response... 200 OK
Length: unspecified [text/html]
Saving to: ‘myanmar.dpsmap.com/gis-details.html’

     0K .......... .......... .......... .......... .........   135K=0.4s

2026-05-13 01:32:22 (135 KB/s) - ‘myanmar.dpsmap.com/gis-details.html’ saved [50306]

--2026-05-13 01:32:22--  https://dpsmap.com/assets/images/bg-arts/bg-art-map.png
Connecting to dpsmap.com (dpsmap.com)|172.67.214.179|:443... connected.
HTTP request sent, awaiting response... 200 OK
Length: unspecified [image/png]
Saving to: ‘dpsmap.com/assets/images/bg-arts/bg-art-map.png’

     0K .......... .......... .......... .......... .......... 70.1K
    50K .......... .......... .......... .......... ..........  155K
   100K .......... .......... .......... .......... ..........  331K
   150K .......... .....                                       70.2K=1.4s

2026-05-13 01:32:27 (117 KB/s) - ‘dpsmap.com/assets/images/bg-arts/bg-art-map.png’ saved [169714]

--2026-05-13 01:32:27--  https://yangontownshipmapbook.dpsmap.com/
Connecting to yangontownshipmapbook.dpsmap.com (yangontownshipmapbook.dpsmap.com)|172.67.214.179|:443... connected.
HTTP request sent, awaiting response... 500 Internal Server Error
2026-05-13 01:32:30 ERROR 500: Internal Server Error.

--2026-05-13 01:32:31--  https://myanmar.dpsmap.com/book.jpg
Connecting to myanmar.dpsmap.com (myanmar.dpsmap.com)|104.21.23.243|:443... connected.
HTTP request sent, awaiting response... 200 OK
Length: unspecified [image/jpeg]
Saving to: ‘myanmar.dpsmap.com/book.jpg’

     0K .......... .......... .......... ...                   64.7K=0.5s

2026-05-13 01:32:35 (64.7 KB/s) - ‘myanmar.dpsmap.com/book.jpg’ saved [34340]

--2026-05-13 01:32:35--  https://shop.dpsmap.com/index.php/product/%e1%80%9b%e1%80%94%e1%80%ba%e1%80%80%e1%80%af%e1%80%94%e1%80%ba%e1%80%99%e1%80%bc%e1%80%ad%e1%80%af%e1%80%b7%e1%80%94%e1%80%9a%e1%80%ba%e1%80%99%e1%80%bb%e1%80%ac%e1%80%b8%e1%80%95%e1%80%bc%e1%80%99/
Connecting to shop.dpsmap.com (shop.dpsmap.com)|172.67.214.179|:443... connected.
HTTP request sent, awaiting response... 200 OK
Length: unspecified [text/html]
Saving to: ‘shop.dpsmap.com/index.php/product/ရန်ကုန်မြို့နယ်များပြမ/index.html’

     0K .......... .......... .......... .......... .......... 52.9K
    50K .......... .......... ..                                104K=1.2s

Last-modified header missing -- time-stamps turned off.
2026-05-13 01:32:41 (62.4 KB/s) - ‘shop.dpsmap.com/index.php/product/ရန်ကုန်မြို့နယ်များပြမ/index.html’ saved [74122]

--2026-05-13 01:32:41--  https://myanmar.dpsmap.com/assets/img/dm.jpg
Connecting to myanmar.dpsmap.com (myanmar.dpsmap.com)|104.21.23.243|:443... connected.
HTTP request sent, awaiting response... 200 OK
Length: unspecified [image/jpeg]
Saving to: ‘myanmar.dpsmap.com/assets/img/dm.jpg’

     0K .......... .......... .......... .......... ......     84.2K=0.5s

2026-05-13 01:32:44 (84.2 KB/s) - ‘myanmar.dpsmap.com/assets/img/dm.jpg’ saved [47363]

--2026-05-13 01:32:45--  https://myanmar.dpsmap.com/assets/img/map-plotting.jpg
Reusing existing connection to myanmar.dpsmap.com:443.
HTTP request sent, awaiting response... 200 OK
Length: unspecified [image/jpeg]
Saving to: ‘myanmar.dpsmap.com/assets/img/map-plotting.jpg’

     0K .......... .......... .......... .......... ..........  164K
    50K .......... .......... .......... .......... ....        165K=0.6s

2026-05-13 01:32:46 (164 KB/s) - ‘myanmar.dpsmap.com/assets/img/map-plotting.jpg’ saved [96852]

--2026-05-13 01:32:46--  https://myanmar.dpsmap.com/assets/img/db.jpg
Reusing existing connection to myanmar.dpsmap.com:443.
HTTP request sent, awaiting response... 200 OK
Length: unspecified [image/jpeg]
Saving to: ‘myanmar.dpsmap.com/assets/img/db.jpg’

     0K .......... .......... .......... .......... ..........  174K
    50K .......... .......... .......... .......... ..........  183K
   100K .......... .......... .......... .......... ..........  193K
   150K .......... .......... .......... .......... ..........  193K
   200K .......... .......... .......... .......... ..........  197K
   250K .......... .......... ..                                156K=1.5s

2026-05-13 01:32:48 (185 KB/s) - ‘myanmar.dpsmap.com/assets/img/db.jpg’ saved [278568]

--2026-05-13 01:32:49--  https://myanmar.dpsmap.com/assets/img/db2.jpg
Reusing existing connection to myanmar.dpsmap.com:443.
HTTP request sent, awaiting response... 200 OK
Length: unspecified [image/jpeg]
Saving to: ‘myanmar.dpsmap.com/assets/img/db2.jpg’

     0K .......... .......... .......... .......... ..........  179K
    50K .......... .......... .......... .......... ..........  191K
   100K .......... .......... .......... .......... ..........  193K
   150K .......... .......... .......... .......... ..........  195K
   200K .......... .......... .......... .......... ..........  199K
   250K .......... .......... .......... .......... ..........  198K
   300K .......... .......... .......... .......... ..........  220K
   350K .......... ......                                       512K=1.8s

2026-05-13 01:32:51 (201 KB/s) - ‘myanmar.dpsmap.com/assets/img/db2.jpg’ saved [375289]

--2026-05-13 01:32:52--  https://myanmar.dpsmap.com/assets/img/gis.png
Reusing existing connection to myanmar.dpsmap.com:443.
HTTP request sent, awaiting response... 200 OK
Length: unspecified [image/png]
Saving to: ‘myanmar.dpsmap.com/assets/img/gis.png’

     0K .......... .......... .......... .......... ..........  181K
    50K .......... .......... .......... .......... ..........  199K
   100K .......... .......... .......... .......... .......... 1.01M
   150K .......... .......... .......... .......... ..........  216K
   200K .......... .......... .......... .....                  604K=0.9s

2026-05-13 01:32:54 (272 KB/s) - ‘myanmar.dpsmap.com/assets/img/gis.png’ saved [240984]

--2026-05-13 01:32:54--  https://myanmar.dpsmap.com/assets/img/ver.png
Reusing existing connection to myanmar.dpsmap.com:443.
HTTP request sent, awaiting response... 200 OK
Length: unspecified [image/png]
Saving to: ‘myanmar.dpsmap.com/assets/img/ver.png’

     0K .......... .......... .......... .......... ..........  183K
    50K .......... .......... .......... .......... ..........  194K
   100K .......... .......... .......... .......... ..........  213K
   150K .......... .......... .......... .......... .......... 1.22M
   200K .......... .......... .......... .......... ..........  227K
   250K .......... .......... .......... .......... .......... 1.22M
   300K .......... .......... .......... .......... .......... 1.22M
   350K .......... .......... .......... .......... .......... 91.9K
   400K .......... .......... .......... .......... .......... 1.60M
   450K .......... .......... .......... .......... .......... 1.24M
   500K .......... .......... .......... .......... ..........  576K
   550K .......... .......... .......... .......... .......... 1.60M
   600K .......... .......... .......... .......... ..........  218K
   650K .......... .......... .......... .......... .......... 3.12M
   700K .......... .......... .......... .......... .......... 3.14M
   750K .......... .......... .......... .......... ..........  224K
   800K .......... .......... .......... .......... .......... 1.12M
   850K .......... .......... .......... .......... ..........  221K
   900K .......... .......... .......... .......... .......... 3.09M
   950K .......... .......... .......... .......... ..........  201K
  1000K .......... .......... .......... .......... ..........  199K
  1050K .......... .......... .......... .......... .......... 3.19M
  1100K .......... .......... .......... .......... .......... 2.80M
  1150K .......... .......... .......... .......... .......     204K=3.4s

2026-05-13 01:32:58 (355 KB/s) - ‘myanmar.dpsmap.com/assets/img/ver.png’ saved [1226187]

--2026-05-13 01:32:58--  https://myanmar.dpsmap.com/assets/img/dg%20printing.png
Reusing existing connection to myanmar.dpsmap.com:443.
HTTP request sent, awaiting response... 200 OK
Length: unspecified [image/png]
Saving to: ‘myanmar.dpsmap.com/assets/img/dg printing.png’

     0K .......... .......... .......... .......... ..........  206K
    50K .......... .......... .......... .......... .......... 1.48M
   100K .......... .......... .......... .......... ..........  208K
   150K .......... .......... .......... .......... .......... 1.45M
   200K .......... .......... .......... .......... .......... 3.17M
   250K .......... .......... .......... .......... ..........  199K
   300K .......... .......... .......... .......... .......... 2.80M
   350K .......... .......... .......... .......... .......... 2.09M
   400K .......... .......... .......... .......... ..........  234K
   450K .......... .......... .......... .......... ..........  863K
   500K .......... .......... .......... .......... ..........  195K
   550K .......... .......... .......... .......... .......... 3.31M
   600K .......... .......... .......... .......... .......... 3.07M
   650K .......... .......... .......... .......... .......... 1.93M
   700K .......... .......... .......... .......... .......... 2.34M
   750K .......... .......... .......... .......... .......... 1.94M
   800K .......... .......... .......... .......... ..........  307K
   850K .......... .......... .......... .......... ..........  456K
   900K .......... .......... .......... .......... .......... 2.46M
   950K .......... .......... .......... .......... ..........  200K
  1000K .......... .......... .......... .......... ..........  197K
  1050K .......... .......... ..........                        361K=2.4s

2026-05-13 01:33:01 (456 KB/s) - ‘myanmar.dpsmap.com/assets/img/dg printing.png’ saved [1106367]

--2026-05-13 01:33:01--  https://myanmar.dpsmap.com/assets/img/oprinting.png
Reusing existing connection to myanmar.dpsmap.com:443.
HTTP request sent, awaiting response... 200 OK
Length: unspecified [image/png]
Saving to: ‘myanmar.dpsmap.com/assets/img/oprinting.png’

     0K .......... .......... .......... .......... .......... 1.87M
    50K .......... .......... .......... .......... ..........  202K
   100K .......... .......... .......... .......... .......... 2.48M
   150K .......... .......... .......... ......                40.9K=1.2s

2026-05-13 01:33:03 (157 KB/s) - ‘myanmar.dpsmap.com/assets/img/oprinting.png’ saved [191229]

--2026-05-13 01:33:04--  https://myanmar.dpsmap.com/index.html
Reusing existing connection to myanmar.dpsmap.com:443.
HTTP request sent, awaiting response... 304 Not Modified
File ‘myanmar.dpsmap.com/index.html’ not modified on server. Omitting download.

--2026-05-13 01:33:05--  https://myanmar.dpsmap.com/cdn-cgi/scripts/5c5dd728/cloudflare-static/email-decode.min.js
Reusing existing connection to myanmar.dpsmap.com:443.
HTTP request sent, awaiting response... 200 OK
Length: 1239 (1.2K) [application/javascript]
Saving to: ‘myanmar.dpsmap.com/cdn-cgi/scripts/5c5dd728/cloudflare-static/email-decode.min.js’

     0K .                                                     100%  555M=0s

Last-modified header missing -- time-stamps turned off.
2026-05-13 01:33:05 (555 MB/s) - ‘myanmar.dpsmap.com/cdn-cgi/scripts/5c5dd728/cloudflare-static/email-decode.min.js’ saved [1239/1239]

--2026-05-13 01:33:05--  https://myanmar.dpsmap.com/assets/js/main.js
Reusing existing connection to myanmar.dpsmap.com:443.
HTTP request sent, awaiting response... 200 OK
Length: unspecified [application/javascript]
Saving to: ‘myanmar.dpsmap.com/assets/js/main.js’

     0K ......                                                 1.97G=0s

2026-05-13 01:33:07 (1.97 GB/s) - ‘myanmar.dpsmap.com/assets/js/main.js’ saved [6924]

--2026-05-13 01:33:07--  https://myanmar.dpsmap.com/assets/vendor/bootstrap/js/bootstrap.bundle.min.js
Reusing existing connection to myanmar.dpsmap.com:443.
HTTP request sent, awaiting response... 200 OK
Length: unspecified [application/javascript]
Saving to: ‘myanmar.dpsmap.com/assets/vendor/bootstrap/js/bootstrap.bundle.min.js’

     0K .......... .......... .......... .......... ..........  189K
    50K .......... .......... ........                         6.16M=0.3s

2026-05-13 01:33:08 (292 KB/s) - ‘myanmar.dpsmap.com/assets/vendor/bootstrap/js/bootstrap.bundle.min.js’ saved [80721]

--2026-05-13 01:33:08--  https://myanmar.dpsmap.com/assets/vendor/php-email-form/validate.js
Reusing existing connection to myanmar.dpsmap.com:443.
HTTP request sent, awaiting response... 200 OK
Length: unspecified [application/javascript]
Saving to: ‘myanmar.dpsmap.com/assets/vendor/php-email-form/validate.js’

     0K ..                                                      771M=0s

2026-05-13 01:33:09 (771 MB/s) - ‘myanmar.dpsmap.com/assets/vendor/php-email-form/validate.js’ saved [2734]

--2026-05-13 01:33:10--  https://myanmar.dpsmap.com/assets/vendor/aos/aos.js
Reusing existing connection to myanmar.dpsmap.com:443.
HTTP request sent, awaiting response... 200 OK
Length: unspecified [application/javascript]
Saving to: ‘myanmar.dpsmap.com/assets/vendor/aos/aos.js’

     0K .......... ...                                          356M=0s

2026-05-13 01:33:11 (356 MB/s) - ‘myanmar.dpsmap.com/assets/vendor/aos/aos.js’ saved [13800]

--2026-05-13 01:33:11--  https://myanmar.dpsmap.com/assets/vendor/glightbox/js/glightbox.min.js
Reusing existing connection to myanmar.dpsmap.com:443.
HTTP request sent, awaiting response... 200 OK
Length: unspecified [application/javascript]
Saving to: ‘myanmar.dpsmap.com/assets/vendor/glightbox/js/glightbox.min.js’

     0K .......... .......... .......... .......... ..........  192K
    50K ....                                                   9.28T=0.3s

2026-05-13 01:33:12 (211 KB/s) - ‘myanmar.dpsmap.com/assets/vendor/glightbox/js/glightbox.min.js’ saved [56300]

--2026-05-13 01:33:12--  https://myanmar.dpsmap.com/assets/vendor/swiper/swiper-bundle.min.js
Reusing existing connection to myanmar.dpsmap.com:443.
HTTP request sent, awaiting response... 200 OK
Length: unspecified [application/javascript]
Saving to: ‘myanmar.dpsmap.com/assets/vendor/swiper/swiper-bundle.min.js’

     0K .......... .......... .......... .......... ..........  224K
    50K .......... .......... .......... .......... ..........  623K
   100K .......... .......... .......... .......... .......     256K=0.5s

2026-05-13 01:33:14 (302 KB/s) - ‘myanmar.dpsmap.com/assets/vendor/swiper/swiper-bundle.min.js’ saved [151102]

--2026-05-13 01:33:14--  https://myanmar.dpsmap.com/assets/vendor/purecounter/purecounter_vanilla.js
Reusing existing connection to myanmar.dpsmap.com:443.
HTTP request sent, awaiting response... 200 OK
Length: unspecified [application/javascript]
Saving to: ‘myanmar.dpsmap.com/assets/vendor/purecounter/purecounter_vanilla.js’

     0K .....                                                  2.21G=0s

2026-05-13 01:33:15 (2.21 GB/s) - ‘myanmar.dpsmap.com/assets/vendor/purecounter/purecounter_vanilla.js’ saved [5417]

--2026-05-13 01:33:15--  https://myanmar.dpsmap.com/assets/vendor/imagesloaded/imagesloaded.pkgd.min.js
Reusing existing connection to myanmar.dpsmap.com:443.
HTTP request sent, awaiting response... 200 OK
Length: unspecified [application/javascript]
Saving to: ‘myanmar.dpsmap.com/assets/vendor/imagesloaded/imagesloaded.pkgd.min.js’

     0K .....                                                  1.96G=0s

2026-05-13 01:33:16 (1.96 GB/s) - ‘myanmar.dpsmap.com/assets/vendor/imagesloaded/imagesloaded.pkgd.min.js’ saved [5485]

--2026-05-13 01:33:16--  https://myanmar.dpsmap.com/assets/vendor/isotope-layout/isotope.pkgd.min.js
Reusing existing connection to myanmar.dpsmap.com:443.
HTTP request sent, awaiting response... 200 OK
Length: unspecified [application/javascript]
Saving to: ‘myanmar.dpsmap.com/assets/vendor/isotope-layout/isotope.pkgd.min.js’

     0K .......... .......... .......... ....                   382K=0.09s

2026-05-13 01:33:17 (382 KB/s) - ‘myanmar.dpsmap.com/assets/vendor/isotope-layout/isotope.pkgd.min.js’ saved [35445]

--2026-05-13 01:33:18--  https://myanmar.dpsmap.com/assets/vendor/bootstrap-icons/fonts/bootstrap-icons.woff2?dd67030699838ea613ee6dbda90effa6
Reusing existing connection to myanmar.dpsmap.com:443.
HTTP request sent, awaiting response... 200 OK
Length: 130396 (127K) [font/woff2]
Saving to: ‘myanmar.dpsmap.com/assets/vendor/bootstrap-icons/fonts/bootstrap-icons.woff2@dd67030699838ea613ee6dbda90effa6’

     0K .......... .......... .......... .......... .......... 39%  190K 0s
    50K .......... .......... .......... .......... .......... 78%  195K 0s
   100K .......... .......... .......                         100%  160K=0.7s

2026-05-13 01:33:19 (184 KB/s) - ‘myanmar.dpsmap.com/assets/vendor/bootstrap-icons/fonts/bootstrap-icons.woff2@dd67030699838ea613ee6dbda90effa6’ saved [130396/130396]

--2026-05-13 01:33:20--  https://myanmar.dpsmap.com/assets/vendor/bootstrap-icons/fonts/bootstrap-icons.woff?dd67030699838ea613ee6dbda90effa6
Reusing existing connection to myanmar.dpsmap.com:443.
HTTP request sent, awaiting response... 200 OK
Length: 176032 (172K) [font/woff]
Saving to: ‘myanmar.dpsmap.com/assets/vendor/bootstrap-icons/fonts/bootstrap-icons.woff@dd67030699838ea613ee6dbda90effa6’

     0K .......... .......... .......... .......... .......... 29%  179K 1s
    50K .......... .......... .......... .......... .......... 58%  200K 0s
   100K .......... .......... .......... .......... .......... 87% 2.47M 0s
   150K .......... .......... .                               100%  146K=0.7s

2026-05-13 01:33:21 (246 KB/s) - ‘myanmar.dpsmap.com/assets/vendor/bootstrap-icons/fonts/bootstrap-icons.woff@dd67030699838ea613ee6dbda90effa6’ saved [176032/176032]

--2026-05-13 01:33:21--  https://myanmar.dpsmap.com/assets/img/satellite.jpg
Reusing existing connection to myanmar.dpsmap.com:443.
HTTP request sent, awaiting response... 200 OK
Length: unspecified [image/jpeg]
Saving to: ‘myanmar.dpsmap.com/assets/img/satellite.jpg’

     0K .......... .......... .......... .......... ..........  107K
    50K .......... .......... .......... .......... .......... 3.14M
   100K .......... .......... .......... .......... .......... 1.54M
   150K .......... .......... .......... ........               254K=0.7s

2026-05-13 01:33:23 (284 KB/s) - ‘myanmar.dpsmap.com/assets/img/satellite.jpg’ saved [192972]

--2026-05-13 01:33:23--  https://myanmar.dpsmap.com/assets/img/image1.jpg
Reusing existing connection to myanmar.dpsmap.com:443.
HTTP request sent, awaiting response... 200 OK
Length: unspecified [image/jpeg]
Saving to: ‘myanmar.dpsmap.com/assets/img/image1.jpg’

     0K .......... .......... .......... .......... ..........  201K
    50K .......... .......... .......... .......... .......... 2.41M
   100K .......... .......... .......... .......... .......... 1.80M
   150K .......... .......... .......... .......... ..........  128K
   200K .                                                      22.1M=0.7s

2026-05-13 01:33:24 (294 KB/s) - ‘myanmar.dpsmap.com/assets/img/image1.jpg’ saved [206355]

--2026-05-13 01:33:25--  https://myanmar.dpsmap.com/assets/img/image2.jpg
Reusing existing connection to myanmar.dpsmap.com:443.
HTTP request sent, awaiting response... 200 OK
Length: unspecified [image/jpeg]
Saving to: ‘myanmar.dpsmap.com/assets/img/image2.jpg’

     0K .......... .......... .......... .......... ..........  147K
    50K ....                                                   8.71T=0.3s

2026-05-13 01:33:26 (160 KB/s) - ‘myanmar.dpsmap.com/assets/img/image2.jpg’ saved [55987]

--2026-05-13 01:33:26--  https://myanmar.dpsmap.com/assets/img/image3.JPG
Reusing existing connection to myanmar.dpsmap.com:443.
HTTP request sent, awaiting response... 200 OK
Length: unspecified [image/jpeg]
Saving to: ‘myanmar.dpsmap.com/assets/img/image3.JPG’

     0K .......... .......... .......... .......... ..........  194K
    50K .......... .......... .......... .......... ..........  196K
   100K .......... .......... .......... .........             4.30M=0.5s

2026-05-13 01:33:27 (268 KB/s) - ‘myanmar.dpsmap.com/assets/img/image3.JPG’ saved [143293]

--2026-05-13 01:33:28--  https://myanmar.dpsmap.com/assets/img/image4.JPG
Reusing existing connection to myanmar.dpsmap.com:443.
HTTP request sent, awaiting response... 200 OK
Length: unspecified [image/jpeg]
Saving to: ‘myanmar.dpsmap.com/assets/img/image4.JPG’

     0K .......... .......... .......... .......... ..........  193K
    50K .......... .......... .......... .......... .......... 2.47M
   100K .......... .........                                    341K=0.3s

2026-05-13 01:33:29 (356 KB/s) - ‘myanmar.dpsmap.com/assets/img/image4.JPG’ saved [121915]

--2026-05-13 01:33:29--  https://myanmar.dpsmap.com/assets/img/image5.jpg
Reusing existing connection to myanmar.dpsmap.com:443.
HTTP request sent, awaiting response... 200 OK
Length: unspecified [image/jpeg]
Saving to: ‘myanmar.dpsmap.com/assets/img/image5.jpg’

     0K .......... .......... .......... .......... ..          127K=0.3s

2026-05-13 01:33:30 (127 KB/s) - ‘myanmar.dpsmap.com/assets/img/image5.jpg’ saved [43367]

--2026-05-13 01:33:30--  https://myanmar.dpsmap.com/assets/img/image6.jpg
Reusing existing connection to myanmar.dpsmap.com:443.
HTTP request sent, awaiting response... 200 OK
Length: unspecified [image/jpeg]
Saving to: ‘myanmar.dpsmap.com/assets/img/image6.jpg’

     0K .......... .......... .......... .......... ..........  101K
    50K .......... .......... .......... .......... .......... 2.01M
   100K .......... .......... .......... .......... ..........  209K
   150K .......... .......... .......... .......... ..........  539K
   200K ....                                                    111M=0.9s

2026-05-13 01:33:32 (240 KB/s) - ‘myanmar.dpsmap.com/assets/img/image6.jpg’ saved [209586]

--2026-05-13 01:33:32--  https://myanmar.dpsmap.com/assets/img/image7.jpg
Reusing existing connection to myanmar.dpsmap.com:443.
HTTP request sent, awaiting response... 200 OK
Length: unspecified [image/jpeg]
Saving to: ‘myanmar.dpsmap.com/assets/img/image7.jpg’

     0K .......... .......... .......... .......... ..........  199K
    50K .......... .......... .......... .......... .......... 3.08M
   100K .......... .......... .......... .......... .......... 2.08M
   150K .......... .......... .......... .......... ..........  218K
   200K ..........                                             11.4M=0.5s

2026-05-13 01:33:33 (404 KB/s) - ‘myanmar.dpsmap.com/assets/img/image7.jpg’ saved [215238]

--2026-05-13 01:33:33--  https://dpsmap.com/pages/about-us/
Connecting to dpsmap.com (dpsmap.com)|172.67.214.179|:443... connected.
HTTP request sent, awaiting response... 200 OK
Length: unspecified [text/html]
Saving to: ‘dpsmap.com/pages/about-us/index.html’

     0K .......... .......... .......... .......... .......... 98.9K
    50K .......... .......... .......... .......... .....       135K=0.8s

Last-modified header missing -- time-stamps turned off.
2026-05-13 01:33:37 (113 KB/s) - ‘dpsmap.com/pages/about-us/index.html’ saved [97834]

Loading robots.txt; please ignore errors.
--2026-05-13 01:33:37--  https://address.dpsmap.com/robots.txt
Resolving address.dpsmap.com (address.dpsmap.com)... 104.21.23.243, 172.67.214.179
Connecting to address.dpsmap.com (address.dpsmap.com)|104.21.23.243|:443... connected.
HTTP request sent, awaiting response... 404 Not Found
2026-05-13 01:33:41 ERROR 404: Not Found.

Loading robots.txt; please ignore errors.
--2026-05-13 01:33:41--  https://eshop.dpsmap.com/robots.txt
Resolving eshop.dpsmap.com (eshop.dpsmap.com)... 104.21.23.243, 172.67.214.179
Connecting to eshop.dpsmap.com (eshop.dpsmap.com)|104.21.23.243|:443... connected.
HTTP request sent, awaiting response... 200 OK
Length: 24 [text/plain]
Saving to: ‘eshop.dpsmap.com/robots.txt’

     0K                                                       100% 21.0M=0s

2026-05-13 01:33:44 (21.0 MB/s) - ‘eshop.dpsmap.com/robots.txt’ saved [24/24]

--2026-05-13 01:33:44--  https://dpsmap.com/pages/map-download/
Connecting to dpsmap.com (dpsmap.com)|172.67.214.179|:443... connected.
HTTP request sent, awaiting response... 200 OK
Length: unspecified [text/html]
Saving to: ‘dpsmap.com/pages/map-download/index.html’

     0K .......... .......... .......... .......... .......... 88.1K
    50K ........                                                188K=0.6s

Last-modified header missing -- time-stamps turned off.
2026-05-13 01:33:47 (95.4 KB/s) - ‘dpsmap.com/pages/map-download/index.html’ saved [59740]

--2026-05-13 01:33:48--  https://dpsmap.com/valuedclients/
Reusing existing connection to dpsmap.com:443.
HTTP request sent, awaiting response... 200 OK
Length: unspecified [text/html]
Saving to: ‘dpsmap.com/valuedclients/index.html’

     0K .......... .......... .......... .......... ..........  169K
    50K .......... .......... .......... .......... ..........  431K
   100K ..........                                             56.1K=0.6s

Last-modified header missing -- time-stamps turned off.
2026-05-13 01:33:49 (183 KB/s) - ‘dpsmap.com/valuedclients/index.html’ saved [113633]

--2026-05-13 01:33:49--  https://dpsmap.com/pages/privacy-and-policy/
Reusing existing connection to dpsmap.com:443.
HTTP request sent, awaiting response... 200 OK
Length: unspecified [text/html]
Saving to: ‘dpsmap.com/pages/privacy-and-policy/index.html’

     0K .......... .......... .......... .......... ..........  138K
    50K .....                                                  10.7T=0.4s

Last-modified header missing -- time-stamps turned off.
2026-05-13 01:33:50 (154 KB/s) - ‘dpsmap.com/pages/privacy-and-policy/index.html’ saved [57099]

--2026-05-13 01:33:51--  https://myanmar.dpsmap.com/assets/img/gis/dpsgis-1-768x576.jpg
Connecting to myanmar.dpsmap.com (myanmar.dpsmap.com)|104.21.23.243|:443... connected.
HTTP request sent, awaiting response... 200 OK
Length: unspecified [image/jpeg]
Saving to: ‘myanmar.dpsmap.com/assets/img/gis/dpsgis-1-768x576.jpg’

     0K .......... .......... .......... .......... .......... 59.0K
    50K .......... .......... .......... .......... ..........  137K
   100K .......... .......... .......... .......... ..........  152K
   150K .......... .......... .........                         499K=1.6s

2026-05-13 01:33:56 (112 KB/s) - ‘myanmar.dpsmap.com/assets/img/gis/dpsgis-1-768x576.jpg’ saved [184139]

--2026-05-13 01:33:56--  https://myanmar.dpsmap.com/assets/img/gis/house-number-data-survey.jpg
Reusing existing connection to myanmar.dpsmap.com:443.
HTTP request sent, awaiting response... 200 OK
Length: unspecified [image/jpeg]
Saving to: ‘myanmar.dpsmap.com/assets/img/gis/house-number-data-survey.jpg’

     0K .......... .......... .......... .......... ..........  118K
    50K .......... .......... .......... .......... ..........  137K
   100K .......... .                                            166M=0.8s

2026-05-13 01:33:58 (141 KB/s) - ‘myanmar.dpsmap.com/assets/img/gis/house-number-data-survey.jpg’ saved [114158]

--2026-05-13 01:33:58--  https://myanmar.dpsmap.com/assets/img/gis/shop-data.jpg
Reusing existing connection to myanmar.dpsmap.com:443.
HTTP request sent, awaiting response... 200 OK
Length: unspecified [image/jpeg]
Saving to: ‘myanmar.dpsmap.com/assets/img/gis/shop-data.jpg’

     0K .......... .......... .......... .......... ..........  127K
    50K .......... .......... .......... .......... ..........  143K
   100K .......... .......... .......... .......... .......... 91.0K
   150K .......                                                 130M=1.3s

2026-05-13 01:34:00 (122 KB/s) - ‘myanmar.dpsmap.com/assets/img/gis/shop-data.jpg’ saved [161343]

--2026-05-13 01:34:00--  https://myanmar.dpsmap.com/assets/img/gis/ygn-condo-2048x1448.jpg
Reusing existing connection to myanmar.dpsmap.com:443.
HTTP request sent, awaiting response... 200 OK
Length: unspecified [image/jpeg]
Saving to: ‘myanmar.dpsmap.com/assets/img/gis/ygn-condo-2048x1448.jpg’

     0K .......... .......... .......... .......... ..........  136K
    50K .......... .......... .......... .......... ..........  146K
   100K .......... .......... .......... .......... ..........  548K
   150K .......... .......... .......... .......... ..........  157K
   200K .......... .......... .......... .......... ..........  165K
   250K .......... .......... .......... .......... ..........  835K
   300K .......... .......... .......... .......... ..........  165K
   350K .......... .......... .......... .......... ..........  828K
   400K .......... .......... .....                             573K=1.9s

2026-05-13 01:34:04 (225 KB/s) - ‘myanmar.dpsmap.com/assets/img/gis/ygn-condo-2048x1448.jpg’ saved [435757]

--2026-05-13 01:34:04--  https://myanmar.dpsmap.com/assets/img/gis/aerial-photo/1-150x150.jpg
Reusing existing connection to myanmar.dpsmap.com:443.
HTTP request sent, awaiting response... 200 OK
Length: unspecified [image/jpeg]
Saving to: ‘myanmar.dpsmap.com/assets/img/gis/aerial-photo/1-150x150.jpg’

     0K .......                                                1.87G=0s

2026-05-13 01:34:05 (1.87 GB/s) - ‘myanmar.dpsmap.com/assets/img/gis/aerial-photo/1-150x150.jpg’ saved [7408]

--2026-05-13 01:34:05--  https://myanmar.dpsmap.com/assets/img/gis/aerial-photo/2-150x150.jpg
Reusing existing connection to myanmar.dpsmap.com:443.
HTTP request sent, awaiting response... 200 OK
Length: unspecified [image/jpeg]
Saving to: ‘myanmar.dpsmap.com/assets/img/gis/aerial-photo/2-150x150.jpg’

     0K ...                                                    2.05G=0s

2026-05-13 01:34:07 (2.05 GB/s) - ‘myanmar.dpsmap.com/assets/img/gis/aerial-photo/2-150x150.jpg’ saved [4024]

--2026-05-13 01:34:07--  https://myanmar.dpsmap.com/assets/img/gis/aerial-photo/3-150x150.jpg
Reusing existing connection to myanmar.dpsmap.com:443.
HTTP request sent, awaiting response... 200 OK
Length: unspecified [image/jpeg]
Saving to: ‘myanmar.dpsmap.com/assets/img/gis/aerial-photo/3-150x150.jpg’

     0K ......                                                 2.05G=0s

2026-05-13 01:34:09 (2.05 GB/s) - ‘myanmar.dpsmap.com/assets/img/gis/aerial-photo/3-150x150.jpg’ saved [6865]

--2026-05-13 01:34:09--  https://myanmar.dpsmap.com/assets/img/gis/aerial-photo/4-150x150.jpg
Reusing existing connection to myanmar.dpsmap.com:443.
HTTP request sent, awaiting response... 200 OK
Length: unspecified [image/jpeg]
Saving to: ‘myanmar.dpsmap.com/assets/img/gis/aerial-photo/4-150x150.jpg’

     0K ...                                                    2.42G=0s

2026-05-13 01:34:10 (2.42 GB/s) - ‘myanmar.dpsmap.com/assets/img/gis/aerial-photo/4-150x150.jpg’ saved [3865]

--2026-05-13 01:34:10--  https://myanmar.dpsmap.com/assets/img/gis/aerial-photo/5-150x150.jpg
Reusing existing connection to myanmar.dpsmap.com:443.
HTTP request sent, awaiting response... 200 OK
Length: unspecified [image/jpeg]
Saving to: ‘myanmar.dpsmap.com/assets/img/gis/aerial-photo/5-150x150.jpg’

     0K .........                                               180M=0s

2026-05-13 01:34:12 (180 MB/s) - ‘myanmar.dpsmap.com/assets/img/gis/aerial-photo/5-150x150.jpg’ saved [9629]

--2026-05-13 01:34:12--  https://myanmar.dpsmap.com/assets/img/gis/aerial-photo/6-150x150.jpg
Reusing existing connection to myanmar.dpsmap.com:443.
HTTP request sent, awaiting response... 200 OK
Length: unspecified [image/jpeg]
Saving to: ‘myanmar.dpsmap.com/assets/img/gis/aerial-photo/6-150x150.jpg’

     0K .........                                               191M=0s

2026-05-13 01:34:14 (191 MB/s) - ‘myanmar.dpsmap.com/assets/img/gis/aerial-photo/6-150x150.jpg’ saved [9513]

--2026-05-13 01:34:14--  https://myanmar.dpsmap.com/assets/img/gis/aerial-photo/7-150x150.jpg
Reusing existing connection to myanmar.dpsmap.com:443.
HTTP request sent, awaiting response... 200 OK
Length: unspecified [image/jpeg]
Saving to: ‘myanmar.dpsmap.com/assets/img/gis/aerial-photo/7-150x150.jpg’

     0K ........                                                167M=0s

2026-05-13 01:34:15 (167 MB/s) - ‘myanmar.dpsmap.com/assets/img/gis/aerial-photo/7-150x150.jpg’ saved [9143]

--2026-05-13 01:34:15--  https://myanmar.dpsmap.com/assets/img/gis/aerial-photo/8-150x150.jpg
Reusing existing connection to myanmar.dpsmap.com:443.
HTTP request sent, awaiting response... 200 OK
Length: unspecified [image/jpeg]
Saving to: ‘myanmar.dpsmap.com/assets/img/gis/aerial-photo/8-150x150.jpg’

     0K .........                                               213M=0s

2026-05-13 01:34:17 (213 MB/s) - ‘myanmar.dpsmap.com/assets/img/gis/aerial-photo/8-150x150.jpg’ saved [9283]

--2026-05-13 01:34:17--  https://myanmar.dpsmap.com/assets/img/gis/aerial-photo/9-150x150.jpg
Reusing existing connection to myanmar.dpsmap.com:443.
HTTP request sent, awaiting response... 200 OK
Length: unspecified [image/jpeg]
Saving to: ‘myanmar.dpsmap.com/assets/img/gis/aerial-photo/9-150x150.jpg’

     0K ........                                                233M=0s

2026-05-13 01:34:19 (233 MB/s) - ‘myanmar.dpsmap.com/assets/img/gis/aerial-photo/9-150x150.jpg’ saved [9137]

--2026-05-13 01:34:19--  https://myanmar.dpsmap.com/assets/img/gis/aerial-photo/10-150x150.jpg
Reusing existing connection to myanmar.dpsmap.com:443.
HTTP request sent, awaiting response... 200 OK
Length: unspecified [image/jpeg]
Saving to: ‘myanmar.dpsmap.com/assets/img/gis/aerial-photo/10-150x150.jpg’

     0K ........                                                123M=0s

2026-05-13 01:34:20 (123 MB/s) - ‘myanmar.dpsmap.com/assets/img/gis/aerial-photo/10-150x150.jpg’ saved [8505]

--2026-05-13 01:34:21--  https://myanmar.dpsmap.com/assets/img/gis/aerial-photo/11-150x150.jpg
Reusing existing connection to myanmar.dpsmap.com:443.
HTTP request sent, awaiting response... 200 OK
Length: unspecified [image/jpeg]
Saving to: ‘myanmar.dpsmap.com/assets/img/gis/aerial-photo/11-150x150.jpg’

     0K .......                                                2.13G=0s

2026-05-13 01:34:22 (2.13 GB/s) - ‘myanmar.dpsmap.com/assets/img/gis/aerial-photo/11-150x150.jpg’ saved [7351]

--2026-05-13 01:34:22--  https://myanmar.dpsmap.com/assets/img/gis/myanmargis.jpg
Reusing existing connection to myanmar.dpsmap.com:443.
HTTP request sent, awaiting response... 200 OK
Length: unspecified [image/jpeg]
Saving to: ‘myanmar.dpsmap.com/assets/img/gis/myanmargis.jpg’

     0K .......... .......... .......... .......... ..........  135K
    50K .......... .......... .                                2.52M=0.4s

2026-05-13 01:34:24 (188 KB/s) - ‘myanmar.dpsmap.com/assets/img/gis/myanmargis.jpg’ saved [73321]

--2026-05-13 01:34:24--  https://myanmar.dpsmap.com/assets/img/gis/yangongis.jpg
Reusing existing connection to myanmar.dpsmap.com:443.
HTTP request sent, awaiting response... 200 OK
Length: unspecified [image/jpeg]
Saving to: ‘myanmar.dpsmap.com/assets/img/gis/yangongis.jpg’

     0K .......... .......... .......... .......... .......... 72.2K
    50K .......... .......... .......... .......... .......... 1.11M
   100K .......... .......... .......... .......... ..........  155K
   150K .......... .......... .......... .......... .......... 1.05M
   200K .......... .....                                       83.6K=1.3s

2026-05-13 01:34:26 (167 KB/s) - ‘myanmar.dpsmap.com/assets/img/gis/yangongis.jpg’ saved [220842]

--2026-05-13 01:34:27--  https://myanmar.dpsmap.com/assets/img/gis/yangon-city-digital-map-768x576.jpg
Reusing existing connection to myanmar.dpsmap.com:443.
HTTP request sent, awaiting response... 200 OK
Length: unspecified [image/jpeg]
Saving to: ‘myanmar.dpsmap.com/assets/img/gis/yangon-city-digital-map-768x576.jpg’

     0K .......... .......... .......... .......... ..........  134K
    50K .......... .......... .......... .......... ..........  146K
   100K .......... .......... .......... .....                 1.63M=0.7s

2026-05-13 01:34:28 (184 KB/s) - ‘myanmar.dpsmap.com/assets/img/gis/yangon-city-digital-map-768x576.jpg’ saved [139176]

--2026-05-13 01:34:28--  https://myanmar.dpsmap.com/assets/img/gis/mergui-768x464.png
Reusing existing connection to myanmar.dpsmap.com:443.
HTTP request sent, awaiting response... 200 OK
Length: unspecified [image/png]
Saving to: ‘myanmar.dpsmap.com/assets/img/gis/mergui-768x464.png’

     0K .......... .......... .......... .......... .......... 72.3K
    50K .......... .......... .......... .......... .......... 1.07M
   100K .......... .......... .......... .......... ..........  156K
   150K .......... .......... .......... .......... .......... 1.06M
   200K .......... .......... .......... .......... .......... 1.06M
   250K .......... .......... .......... .......... ..........  180K
   300K .......... .......... .......... .......... ..........  663K
   350K .......... .......... .......... .......... ..........  149K
   400K .......... .......... .......... .......... .......... 1.52M
   450K .......... .......... .......... ...                    159K=2.1s

2026-05-13 01:34:31 (232 KB/s) - ‘myanmar.dpsmap.com/assets/img/gis/mergui-768x464.png’ saved [494814]

--2026-05-13 01:34:32--  https://myanmar.dpsmap.com/assets/img/gis/fiberoptic-768x567.jpg
Reusing existing connection to myanmar.dpsmap.com:443.
HTTP request sent, awaiting response... 200 OK
Length: unspecified [image/jpeg]
Saving to: ‘myanmar.dpsmap.com/assets/img/gis/fiberoptic-768x567.jpg’

     0K .......... .......... .......... .......... .......... 2.20M
    50K ..                                                     6.41K=0.4s

2026-05-13 01:34:33 (118 KB/s) - ‘myanmar.dpsmap.com/assets/img/gis/fiberoptic-768x567.jpg’ saved [53980]

--2026-05-13 01:34:33--  https://myanmar.dpsmap.com/assets/img/gis/mapillary-768x566.jpg
Reusing existing connection to myanmar.dpsmap.com:443.
HTTP request sent, awaiting response... 200 OK
Length: unspecified [image/jpeg]
Saving to: ‘myanmar.dpsmap.com/assets/img/gis/mapillary-768x566.jpg’

     0K .......... .......... .......... .......... .......... 85.0K
    50K .......... .......... .......                          2.82M=0.6s

2026-05-13 01:34:35 (129 KB/s) - ‘myanmar.dpsmap.com/assets/img/gis/mapillary-768x566.jpg’ saved [79198]

--2026-05-13 01:34:35--  https://shop.dpsmap.com/index.php/feed/
Connecting to shop.dpsmap.com (shop.dpsmap.com)|172.67.214.179|:443... connected.
HTTP request sent, awaiting response... 200 OK
Length: unspecified [application/rss+xml]
Saving to: ‘shop.dpsmap.com/index.php/feed/index.html’

     0K ..                                                     7.32K=0.4s

2026-05-13 01:34:40 (7.32 KB/s) - ‘shop.dpsmap.com/index.php/feed/index.html’ saved [3034]

--2026-05-13 01:34:40--  https://shop.dpsmap.com/index.php/comments/feed/
Reusing existing connection to shop.dpsmap.com:443.
HTTP request sent, awaiting response... 200 OK
Length: unspecified [application/rss+xml]
Saving to: ‘shop.dpsmap.com/index.php/comments/feed/index.html’

     0K                                                        3.93K=0.2s

2026-05-13 01:34:43 (3.93 KB/s) - ‘shop.dpsmap.com/index.php/comments/feed/index.html’ saved [724]

--2026-05-13 01:34:43--  https://shop.dpsmap.com/index.php/product/%e1%80%9b%e1%80%94%e1%80%ba%e1%80%80%e1%80%af%e1%80%94%e1%80%ba%e1%80%99%e1%80%bc%e1%80%ad%e1%80%af%e1%80%b7%e1%80%94%e1%80%9a%e1%80%ba%e1%80%99%e1%80%bb%e1%80%ac%e1%80%b8%e1%80%95%e1%80%bc%e1%80%99/feed/
Reusing existing connection to shop.dpsmap.com:443.
HTTP request sent, awaiting response... 200 OK
Length: unspecified [application/rss+xml]
Saving to: ‘shop.dpsmap.com/index.php/product/ရန်ကုန်မြို့နယ်များပြမ/feed/index.html’

     0K .                                                      4.76K=0.3s

2026-05-13 01:34:46 (4.76 KB/s) - ‘shop.dpsmap.com/index.php/product/ရန်ကုန်မြို့နယ်များပြမ/feed/index.html’ saved [1241]

The destination name is too long (265), reducing to 236
--2026-05-13 01:34:46--  https://shop.dpsmap.com/index.php/wp-json/oembed/1.0/embed?url=https%3A%2F%2Fshop.dpsmap.com%2Findex.php%2Fproduct%2F%25e1%2580%259b%25e1%2580%2594%25e1%2580%25ba%25e1%2580%2580%25e1%2580%25af%25e1%2580%2594%25e1%2580%25ba%25e1%2580%2599%25e1%2580%25bc%25e1%2580%25ad%25e1%2580%25af%25e1%2580%25b7%25e1%2580%2594%25e1%2580%259a%25e1%2580%25ba%25e1%2580%2599%25e1%2580%25bb%25e1%2580%25ac%25e1%2580%25b8%25e1%2580%2595%25e1%2580%25bc%25e1%2580%2599%2F
Reusing existing connection to shop.dpsmap.com:443.
HTTP request sent, awaiting response... 200 OK
Length: unspecified [application/json]
Saving to: ‘shop.dpsmap.com/index.php/wp-json/oembed/1.0/embed@url=https%3A%2F%2Fshop.dpsmap.com%2Findex.php%2Fproduct%2F%e1%80%9b%e1%80%94%e1%80%ba%e1%80%80%e1%80%af%e1%80%94%e1%80%ba%e1%80%99%e1%80%bc%e1%80%ad%e1%80%af%e1%80%b7%e1%80%94%e1%80%9a%e1%80%ba%e1%80%99%e1%80%bb%e1%80%ac%e1%80%b8%’

     0K ...                                                    13.0K=0.3s

Last-modified header missing -- time-stamps turned off.
2026-05-13 01:34:51 (13.0 KB/s) - ‘shop.dpsmap.com/index.php/wp-json/oembed/1.0/embed@url=https%3A%2F%2Fshop.dpsmap.com%2Findex.php%2Fproduct%2F%e1%80%9b%e1%80%94%e1%80%ba%e1%80%80%e1%80%af%e1%80%94%e1%80%ba%e1%80%99%e1%80%bc%e1%80%ad%e1%80%af%e1%80%b7%e1%80%94%e1%80%9a%e1%80%ba%e1%80%99%e1%80%bb%e1%80%ac%e1%80%b8%’ saved [3402]

The destination name is too long (276), reducing to 236
--2026-05-13 01:34:51--  https://shop.dpsmap.com/index.php/wp-json/oembed/1.0/embed?url=https%3A%2F%2Fshop.dpsmap.com%2Findex.php%2Fproduct%2F%25e1%2580%259b%25e1%2580%2594%25e1%2580%25ba%25e1%2580%2580%25e1%2580%25af%25e1%2580%2594%25e1%2580%25ba%25e1%2580%2599%25e1%2580%25bc%25e1%2580%25ad%25e1%2580%25af%25e1%2580%25b7%25e1%2580%2594%25e1%2580%259a%25e1%2580%25ba%25e1%2580%2599%25e1%2580%25bb%25e1%2580%25ac%25e1%2580%25b8%25e1%2580%2595%25e1%2580%25bc%25e1%2580%2599%2F&format=xml
Reusing existing connection to shop.dpsmap.com:443.
HTTP request sent, awaiting response... 200 OK
Length: unspecified [text/xml]
Saving to: ‘shop.dpsmap.com/index.php/wp-json/oembed/1.0/embed@url=https%3A%2F%2Fshop.dpsmap.com%2Findex.php%2Fproduct%2F%e1%80%9b%e1%80%94%e1%80%ba%e1%80%80%e1%80%af%e1%80%94%e1%80%ba%e1%80%99%e1%80%bc%e1%80%ad%e1%80%af%e1%80%b7%e1%80%94%e1%80%9a%e1%80%ba%e1%80%99%e1%80%bb%e1%80%ac%e1%80%b8%’

     0K ...                                                    10.3K=0.4s

Last-modified header missing -- time-stamps turned off.
2026-05-13 01:34:56 (10.3 KB/s) - ‘shop.dpsmap.com/index.php/wp-json/oembed/1.0/embed@url=https%3A%2F%2Fshop.dpsmap.com%2Findex.php%2Fproduct%2F%e1%80%9b%e1%80%94%e1%80%ba%e1%80%80%e1%80%af%e1%80%94%e1%80%ba%e1%80%99%e1%80%bc%e1%80%ad%e1%80%af%e1%80%b7%e1%80%94%e1%80%9a%e1%80%ba%e1%80%99%e1%80%bb%e1%80%ac%e1%80%b8%’ saved [3806]

--2026-05-13 01:34:56--  https://shop.dpsmap.com/wp-includes/css/dist/block-library/style.min.css?ver=6.9.4
Reusing existing connection to shop.dpsmap.com:443.
HTTP request sent, awaiting response... 200 OK
Length: unspecified [text/css]
Saving to: ‘shop.dpsmap.com/wp-includes/css/dist/block-library/style.min.css@ver=6.9.4.css’

     0K .......... .......... .......... .......... .......... 97.3K
    50K .......... .......... .......... .......... ..........  198K
   100K .......... ......                                       616K=0.8s

2026-05-13 01:34:58 (147 KB/s) - ‘shop.dpsmap.com/wp-includes/css/dist/block-library/style.min.css@ver=6.9.4.css’ saved [119358]

--2026-05-13 01:34:58--  https://shop.dpsmap.com/wp-content/plugins/woocommerce/assets/css/woocommerce-layout.css?ver=7.1.0
Reusing existing connection to shop.dpsmap.com:443.
HTTP request sent, awaiting response... 200 OK
Length: unspecified [text/css]
Saving to: ‘shop.dpsmap.com/wp-content/plugins/woocommerce/assets/css/woocommerce-layout.css@ver=7.1.0.css’

     0K .......... .......                                     48.4K=0.4s

2026-05-13 01:34:59 (48.4 KB/s) - ‘shop.dpsmap.com/wp-content/plugins/woocommerce/assets/css/woocommerce-layout.css@ver=7.1.0.css’ saved [17809]

--2026-05-13 01:34:59--  https://shop.dpsmap.com/wp-content/plugins/woocommerce/assets/css/woocommerce-smallscreen.css?ver=7.1.0
Reusing existing connection to shop.dpsmap.com:443.
HTTP request sent, awaiting response... 200 OK
Length: unspecified [text/css]
Saving to: ‘shop.dpsmap.com/wp-content/plugins/woocommerce/assets/css/woocommerce-smallscreen.css@ver=7.1.0.css’

     0K ......                                                 19.1K=0.4s

2026-05-13 01:35:00 (19.1 KB/s) - ‘shop.dpsmap.com/wp-content/plugins/woocommerce/assets/css/woocommerce-smallscreen.css@ver=7.1.0.css’ saved [7043]

--2026-05-13 01:35:00--  https://shop.dpsmap.com/wp-content/plugins/woocommerce/assets/css/woocommerce.css?ver=7.1.0
Reusing existing connection to shop.dpsmap.com:443.
HTTP request sent, awaiting response... 200 OK
Length: unspecified [text/css]
Saving to: ‘shop.dpsmap.com/wp-content/plugins/woocommerce/assets/css/woocommerce.css@ver=7.1.0.css’

     0K .......... .......... .......... .......... .......... 93.5K
    50K .......... .                                            139M=0.5s

2026-05-13 01:35:02 (115 KB/s) - ‘shop.dpsmap.com/wp-content/plugins/woocommerce/assets/css/woocommerce.css@ver=7.1.0.css’ saved [62783]

--2026-05-13 01:35:02--  https://shop.dpsmap.com/wp-content/themes/storely/assets/css/bootstrap.min.css?ver=6.9.4
Reusing existing connection to shop.dpsmap.com:443.
HTTP request sent, awaiting response... 200 OK
Length: unspecified [text/css]
Saving to: ‘shop.dpsmap.com/wp-content/themes/storely/assets/css/bootstrap.min.css@ver=6.9.4.css’

     0K .......... .......... .......... .......... ..........  195K
    50K .......... .......... .......... .......... ..........  198K
   100K .......... .......... .......... .......... .          1.45M=0.5s

2026-05-13 01:35:03 (263 KB/s) - ‘shop.dpsmap.com/wp-content/themes/storely/assets/css/bootstrap.min.css@ver=6.9.4.css’ saved [144813]

--2026-05-13 01:35:03--  https://shop.dpsmap.com/wp-content/themes/storely/assets/css/tiny-slider.css?ver=6.9.4
Reusing existing connection to shop.dpsmap.com:443.
HTTP request sent, awaiting response... 200 OK
Length: unspecified [text/css]
Saving to: ‘shop.dpsmap.com/wp-content/themes/storely/assets/css/tiny-slider.css@ver=6.9.4.css’

     0K ..                                                     1.32G=0s

2026-05-13 01:35:07 (1.32 GB/s) - ‘shop.dpsmap.com/wp-content/themes/storely/assets/css/tiny-slider.css@ver=6.9.4.css’ saved [2692]

--2026-05-13 01:35:07--  https://shop.dpsmap.com/wp-content/themes/storely/assets/css/owl.carousel.min.css?ver=6.9.4
Reusing existing connection to shop.dpsmap.com:443.
HTTP request sent, awaiting response... 200 OK
Length: unspecified [text/css]
Saving to: ‘shop.dpsmap.com/wp-content/themes/storely/assets/css/owl.carousel.min.css@ver=6.9.4.css’

     0K ........                                                177M=0s

2026-05-13 01:35:08 (177 MB/s) - ‘shop.dpsmap.com/wp-content/themes/storely/assets/css/owl.carousel.min.css@ver=6.9.4.css’ saved [8288]

--2026-05-13 01:35:08--  https://shop.dpsmap.com/wp-content/plugins/elementor/assets/lib/font-awesome/css/font-awesome.min.css?ver=4.7.0
Reusing existing connection to shop.dpsmap.com:443.
HTTP request sent, awaiting response... 200 OK
Length: unspecified [text/css]
Saving to: ‘shop.dpsmap.com/wp-content/plugins/elementor/assets/lib/font-awesome/css/font-awesome.min.css@ver=4.7.0.css’

     0K .......... .......... ..........                        298K=0.1s

2026-05-13 01:35:10 (298 KB/s) - ‘shop.dpsmap.com/wp-content/plugins/elementor/assets/lib/font-awesome/css/font-awesome.min.css@ver=4.7.0.css’ saved [30999]

--2026-05-13 01:35:10--  https://shop.dpsmap.com/wp-content/themes/storely/assets/css/animate.min.css?ver=6.9.4
Reusing existing connection to shop.dpsmap.com:443.
HTTP request sent, awaiting response... 200 OK
Length: unspecified [text/css]
Saving to: ‘shop.dpsmap.com/wp-content/themes/storely/assets/css/animate.min.css@ver=6.9.4.css’

     0K .......... .......... .......... .......... ..........  176K
    50K .......                                                92.3M=0.3s

2026-05-13 01:35:11 (201 KB/s) - ‘shop.dpsmap.com/wp-content/themes/storely/assets/css/animate.min.css@ver=6.9.4.css’ saved [58607]

--2026-05-13 01:35:11--  https://shop.dpsmap.com/wp-content/themes/storely/assets/css/editor-style.css?ver=6.9.4
Reusing existing connection to shop.dpsmap.com:443.
HTTP request sent, awaiting response... 200 OK
Length: unspecified [text/css]
Saving to: ‘shop.dpsmap.com/wp-content/themes/storely/assets/css/editor-style.css@ver=6.9.4.css’

     0K .....                                                  1.44G=0s

2026-05-13 01:35:13 (1.44 GB/s) - ‘shop.dpsmap.com/wp-content/themes/storely/assets/css/editor-style.css@ver=6.9.4.css’ saved [5423]

--2026-05-13 01:35:13--  https://shop.dpsmap.com/wp-content/themes/storely/assets/css/meanmenu.css?ver=6.9.4
Reusing existing connection to shop.dpsmap.com:443.
HTTP request sent, awaiting response... 200 OK
Length: unspecified [text/css]
Saving to: ‘shop.dpsmap.com/wp-content/themes/storely/assets/css/meanmenu.css@ver=6.9.4.css’

     0K .......... .......... .......... ..........             467K=0.09s

2026-05-13 01:35:14 (467 KB/s) - ‘shop.dpsmap.com/wp-content/themes/storely/assets/css/meanmenu.css@ver=6.9.4.css’ saved [41731]

--2026-05-13 01:35:14--  https://shop.dpsmap.com/wp-content/themes/storely/assets/css/widgets.css?ver=6.9.4
Reusing existing connection to shop.dpsmap.com:443.
HTTP request sent, awaiting response... 200 OK
Length: unspecified [text/css]
Saving to: ‘shop.dpsmap.com/wp-content/themes/storely/assets/css/widgets.css@ver=6.9.4.css’

     0K .......... .......... .......... .......... .....       160K=0.3s

2026-05-13 01:35:16 (160 KB/s) - ‘shop.dpsmap.com/wp-content/themes/storely/assets/css/widgets.css@ver=6.9.4.css’ saved [46818]

--2026-05-13 01:35:16--  https://shop.dpsmap.com/wp-content/themes/storely/assets/css/main.css?ver=6.9.4
Reusing existing connection to shop.dpsmap.com:443.
HTTP request sent, awaiting response... 200 OK
Length: unspecified [text/css]
Saving to: ‘shop.dpsmap.com/wp-content/themes/storely/assets/css/main.css@ver=6.9.4.css’

     0K .......... .......... .......... .......... ..........  193K
    50K .......... .......... .                                 880K=0.3s

2026-05-13 01:35:17 (254 KB/s) - ‘shop.dpsmap.com/wp-content/themes/storely/assets/css/main.css@ver=6.9.4.css’ saved [73639]

--2026-05-13 01:35:17--  https://shop.dpsmap.com/wp-content/themes/storely/assets/css/woo-style.css?ver=6.9.4
Reusing existing connection to shop.dpsmap.com:443.
HTTP request sent, awaiting response... 200 OK
Length: unspecified [text/css]
Saving to: ‘shop.dpsmap.com/wp-content/themes/storely/assets/css/woo-style.css@ver=6.9.4.css’

     0K .......... .......... .......... .......... .......... 97.2K
    50K .......... ...                                          119M=0.5s

2026-05-13 01:35:19 (124 KB/s) - ‘shop.dpsmap.com/wp-content/themes/storely/assets/css/woo-style.css@ver=6.9.4.css’ saved [65178]

--2026-05-13 01:35:19--  https://shop.dpsmap.com/wp-content/themes/storely/assets/css/responsive.css?ver=6.9.4
Reusing existing connection to shop.dpsmap.com:443.
HTTP request sent, awaiting response... 200 OK
Length: unspecified [text/css]
Saving to: ‘shop.dpsmap.com/wp-content/themes/storely/assets/css/responsive.css@ver=6.9.4.css’

     0K .......... ....                                         224M=0s

2026-05-13 01:35:20 (224 MB/s) - ‘shop.dpsmap.com/wp-content/themes/storely/assets/css/responsive.css@ver=6.9.4.css’ saved [14880]

--2026-05-13 01:35:20--  https://shop.dpsmap.com/wp-content/themes/storely/style.css?ver=6.9.4
Reusing existing connection to shop.dpsmap.com:443.
HTTP request sent, awaiting response... 200 OK
Length: unspecified [text/css]
Saving to: ‘shop.dpsmap.com/wp-content/themes/storely/style.css@ver=6.9.4.css’

     0K .                                                       696M=0s

2026-05-13 01:35:21 (696 MB/s) - ‘shop.dpsmap.com/wp-content/themes/storely/style.css@ver=6.9.4.css’ saved [1198]

--2026-05-13 01:35:21--  https://shop.dpsmap.com/wp-content/uploads/2022/11/slide-bg1.png
Reusing existing connection to shop.dpsmap.com:443.
HTTP request sent, awaiting response... 200 OK
Length: unspecified [image/png]
Saving to: ‘shop.dpsmap.com/wp-content/uploads/2022/11/slide-bg1.png’

     0K ..                                                     1.02G=0s

2026-05-13 01:35:22 (1.02 GB/s) - ‘shop.dpsmap.com/wp-content/uploads/2022/11/slide-bg1.png’ saved [2375]

--2026-05-13 01:35:23--  https://shop.dpsmap.com/wp-includes/js/jquery/jquery.min.js?ver=3.7.1
Reusing existing connection to shop.dpsmap.com:443.
HTTP request sent, awaiting response... 200 OK
Length: unspecified [application/javascript]
Saving to: ‘shop.dpsmap.com/wp-includes/js/jquery/jquery.min.js@ver=3.7.1’

     0K .......... .......... .......... .......... ..........  195K
    50K .......... .......... .......... .....                 4.76M=0.3s

2026-05-13 01:35:24 (324 KB/s) - ‘shop.dpsmap.com/wp-includes/js/jquery/jquery.min.js@ver=3.7.1’ saved [87553]

--2026-05-13 01:35:24--  https://shop.dpsmap.com/wp-includes/js/jquery/jquery-migrate.min.js?ver=3.4.1
Reusing existing connection to shop.dpsmap.com:443.
HTTP request sent, awaiting response... 200 OK
Length: unspecified [application/javascript]
Saving to: ‘shop.dpsmap.com/wp-includes/js/jquery/jquery-migrate.min.js@ver=3.4.1’

     0K .......... ...                                          348M=0s

2026-05-13 01:35:25 (348 MB/s) - ‘shop.dpsmap.com/wp-includes/js/jquery/jquery-migrate.min.js@ver=3.4.1’ saved [13577]

--2026-05-13 01:35:25--  https://shop.dpsmap.com/wp-content/plugins/wp-statistics/assets/js/tracker.js?ver=6.9.4
Reusing existing connection to shop.dpsmap.com:443.
HTTP request sent, awaiting response... 200 OK
Length: unspecified [application/javascript]
Saving to: ‘shop.dpsmap.com/wp-content/plugins/wp-statistics/assets/js/tracker.js@ver=6.9.4’

     0K .                                                       545M=0s

2026-05-13 01:35:26 (545 MB/s) - ‘shop.dpsmap.com/wp-content/plugins/wp-statistics/assets/js/tracker.js@ver=6.9.4’ saved [1426]

--2026-05-13 01:35:27--  https://shop.dpsmap.com/wp-content/themes/storely/assets/js/tiny-slider.min.js?ver=1
Reusing existing connection to shop.dpsmap.com:443.
HTTP request sent, awaiting response... 200 OK
Length: unspecified [application/javascript]
Saving to: ‘shop.dpsmap.com/wp-content/themes/storely/assets/js/tiny-slider.min.js@ver=1’

     0K .......... .......... ..........                        340K=0.09s

2026-05-13 01:35:28 (340 KB/s) - ‘shop.dpsmap.com/wp-content/themes/storely/assets/js/tiny-slider.min.js@ver=1’ saved [31683]

--2026-05-13 01:35:28--  https://shop.dpsmap.com/wp-content/themes/storely/assets/js/owl.carousel.min.js?ver=1
Reusing existing connection to shop.dpsmap.com:443.
HTTP request sent, awaiting response... 200 OK
Length: unspecified [application/javascript]
Saving to: ‘shop.dpsmap.com/wp-content/themes/storely/assets/js/owl.carousel.min.js@ver=1’

     0K .......... .......... .......... .......... ...         154K=0.3s

2026-05-13 01:35:29 (154 KB/s) - ‘shop.dpsmap.com/wp-content/themes/storely/assets/js/owl.carousel.min.js@ver=1’ saved [44342]

--2026-05-13 01:35:29--  https://shop.dpsmap.com/wp-content/themes/storely/assets/js/isotope.pkgd.min.js?ver=1
Reusing existing connection to shop.dpsmap.com:443.
HTTP request sent, awaiting response... 200 OK
Length: unspecified [application/javascript]
Saving to: ‘shop.dpsmap.com/wp-content/themes/storely/assets/js/isotope.pkgd.min.js@ver=1’

     0K .......... .......... .......... .......... ..........  186K
    50K .......... .......... .......... .......... ..........  191K
   100K .......... .........                                    186K=0.6s

2026-05-13 01:35:31 (188 KB/s) - ‘shop.dpsmap.com/wp-content/themes/storely/assets/js/isotope.pkgd.min.js@ver=1’ saved [122168]

--2026-05-13 01:35:31--  https://shop.dpsmap.com/index.php/wp-json/
Reusing existing connection to shop.dpsmap.com:443.
HTTP request sent, awaiting response... 200 OK
Length: unspecified [application/json]
Saving to: ‘shop.dpsmap.com/index.php/wp-json/index.html’

     0K .......... .......... .......... .......... ..........  193K
    50K .......... .......... .......... .......... ..........  197K
   100K .......... .......... .......... .......... .......... 4.71M
   150K .......... .......... .......... .......... ..........  206K
   200K .......... .......... .......... .......... .......... 3.93M
   250K .......... .......... .......... .......... .......... 2.22M
   300K .......... .......... .......... .......... ..........  200K
   350K .......... .......... .......... .......... .......... 4.45M
   400K .......... .......... .......... .......... ..........  198K
   450K .......... .......... .......... .......... .......... 4.83M
   500K .......... .......... .......... .......... ..........  198K
   550K .......... .......... .......... .......... .......... 3.36M
   600K .......... .......... .......... .......... .......... 1.20M
   650K .......... .......... .......... .......... .......... 1.81M
   700K .......... .......... .......... .......... .......... 1.19M
   750K .......... .......... .......... .......... ..........  203K
   800K .......... .......... .......... .......... .......... 7.15M
   850K .......... .......... .......... .......... ..........  196K
   900K .......... .......... .......... .......... .......... 4.20M
   950K .......... .......... .......... .......... .......... 1.32M
  1000K .......... .......... .......... .......... .......... 1.40M
  1050K .......... .......... .......... .......... .......... 1.77M
  1100K .......... .......... .......... .......... .......... 1.24M
  1150K .......... .......... ......                            196K=2.5s

Last-modified header missing -- time-stamps turned off.
2026-05-13 01:35:38 (472 KB/s) - ‘shop.dpsmap.com/index.php/wp-json/index.html’ saved [1204230]

--2026-05-13 01:35:38--  https://shop.dpsmap.com/index.php/wp-json/wp/v2/product/824
Reusing existing connection to shop.dpsmap.com:443.
HTTP request sent, awaiting response... 200 OK
Length: unspecified [application/json]
Saving to: ‘shop.dpsmap.com/index.php/wp-json/wp/v2/product/824’

     0K .......                                                1.82G=0s

Last-modified header missing -- time-stamps turned off.
2026-05-13 01:35:43 (1.82 GB/s) - ‘shop.dpsmap.com/index.php/wp-json/wp/v2/product/824’ saved [8054]

--2026-05-13 01:35:43--  https://shop.dpsmap.com/xmlrpc.php?rsd
Reusing existing connection to shop.dpsmap.com:443.
HTTP request sent, awaiting response... 200 OK
Length: unspecified [text/xml]
Saving to: ‘shop.dpsmap.com/xmlrpc.php@rsd’

     0K                                                         420M=0s

Last-modified header missing -- time-stamps turned off.
2026-05-13 01:35:45 (420 MB/s) - ‘shop.dpsmap.com/xmlrpc.php@rsd’ saved [814]

--2026-05-13 01:35:46--  https://shop.dpsmap.com/?p=824
Reusing existing connection to shop.dpsmap.com:443.
HTTP request sent, awaiting response... 301 Moved Permanently
Location: https://shop.dpsmap.com/index.php/product/%e1%80%9b%e1%80%94%e1%80%ba%e1%80%80%e1%80%af%e1%80%94%e1%80%ba%e1%80%99%e1%80%bc%e1%80%ad%e1%80%af%e1%80%b7%e1%80%94%e1%80%9a%e1%80%ba%e1%80%99%e1%80%bb%e1%80%ac%e1%80%b8%e1%80%95%e1%80%bc%e1%80%99/ [following]
--2026-05-13 01:35:48--  https://shop.dpsmap.com/index.php/product/%e1%80%9b%e1%80%94%e1%80%ba%e1%80%80%e1%80%af%e1%80%94%e1%80%ba%e1%80%99%e1%80%bc%e1%80%ad%e1%80%af%e1%80%b7%e1%80%94%e1%80%9a%e1%80%ba%e1%80%99%e1%80%bb%e1%80%ac%e1%80%b8%e1%80%95%e1%80%bc%e1%80%99/
Reusing existing connection to shop.dpsmap.com:443.
HTTP request sent, awaiting response... 200 OK
Length: unspecified [text/html]
Saving to: ‘shop.dpsmap.com/index.html@p=824.html’

     0K .......... .......... .......... .......... ..........  193K
    50K .......... .......... .                                1.11M=0.3s

Last-modified header missing -- time-stamps turned off.
2026-05-13 01:35:51 (257 KB/s) - ‘shop.dpsmap.com/index.html@p=824.html’ saved [73070]

--2026-05-13 01:35:51--  https://shop.dpsmap.com/wp-content/uploads/2022/11/cropped-19679298_810929929071769_8587988658533980942_o-removebg-preview-32x32.png
Reusing existing connection to shop.dpsmap.com:443.
HTTP request sent, awaiting response... 200 OK
Length: unspecified [image/png]
Saving to: ‘shop.dpsmap.com/wp-content/uploads/2022/11/cropped-19679298_810929929071769_8587988658533980942_o-removebg-preview-32x32.png’

     0K .                                                       675M=0s

2026-05-13 01:35:52 (675 MB/s) - ‘shop.dpsmap.com/wp-content/uploads/2022/11/cropped-19679298_810929929071769_8587988658533980942_o-removebg-preview-32x32.png’ saved [1431]

--2026-05-13 01:35:52--  https://shop.dpsmap.com/wp-content/uploads/2022/11/cropped-19679298_810929929071769_8587988658533980942_o-removebg-preview-192x192.png
Reusing existing connection to shop.dpsmap.com:443.
HTTP request sent, awaiting response... 200 OK
Length: unspecified [image/png]
Saving to: ‘shop.dpsmap.com/wp-content/uploads/2022/11/cropped-19679298_810929929071769_8587988658533980942_o-removebg-preview-192x192.png’

     0K .......... .....                                       43.2K=0.4s

2026-05-13 01:35:54 (43.2 KB/s) - ‘shop.dpsmap.com/wp-content/uploads/2022/11/cropped-19679298_810929929071769_8587988658533980942_o-removebg-preview-192x192.png’ saved [15672]

--2026-05-13 01:35:54--  https://shop.dpsmap.com/wp-content/uploads/2022/11/cropped-19679298_810929929071769_8587988658533980942_o-removebg-preview-180x180.png
Reusing existing connection to shop.dpsmap.com:443.
HTTP request sent, awaiting response... 200 OK
Length: unspecified [image/png]
Saving to: ‘shop.dpsmap.com/wp-content/uploads/2022/11/cropped-19679298_810929929071769_8587988658533980942_o-removebg-preview-180x180.png’

     0K .......... ..........                                   195K=0.1s

2026-05-13 01:35:55 (195 KB/s) - ‘shop.dpsmap.com/wp-content/uploads/2022/11/cropped-19679298_810929929071769_8587988658533980942_o-removebg-preview-180x180.png’ saved [20709]

--2026-05-13 01:35:55--  https://shop.dpsmap.com/
Reusing existing connection to shop.dpsmap.com:443.
HTTP request sent, awaiting response... 200 OK
Length: unspecified [text/html]
Saving to: ‘shop.dpsmap.com/index.html’

     0K .......... .......... .......... .......... ..........  197K
    50K .......... .......... .......... .......... ..........  196K
   100K .......... .......... .......... ..                     182K=0.7s

Last-modified header missing -- time-stamps turned off.
2026-05-13 01:35:59 (193 KB/s) - ‘shop.dpsmap.com/index.html’ saved [135873]

--2026-05-13 01:35:59--  https://shop.dpsmap.com/wp-content/uploads/2023/05/cropped-shop-app-top-word-copy.jpg
Reusing existing connection to shop.dpsmap.com:443.
HTTP request sent, awaiting response... 200 OK
Length: unspecified [image/jpeg]
Saving to: ‘shop.dpsmap.com/wp-content/uploads/2023/05/cropped-shop-app-top-word-copy.jpg’

     0K ........                                                250M=0s

2026-05-13 01:36:00 (250 MB/s) - ‘shop.dpsmap.com/wp-content/uploads/2023/05/cropped-shop-app-top-word-copy.jpg’ saved [8641]

--2026-05-13 01:36:00--  https://shop.dpsmap.com/index.php/shop/
Reusing existing connection to shop.dpsmap.com:443.
HTTP request sent, awaiting response... 200 OK
Length: unspecified [text/html]
Saving to: ‘shop.dpsmap.com/index.php/shop/index.html’

     0K .......... .......... .......... .......... ..........  188K
    50K .......... .......... .....                            1.59M=0.3s

Last-modified header missing -- time-stamps turned off.
2026-05-13 01:36:05 (268 KB/s) - ‘shop.dpsmap.com/index.php/shop/index.html’ saved [77162]

--2026-05-13 01:36:05--  https://shop.dpsmap.com/index.php/cart/
Reusing existing connection to shop.dpsmap.com:443.
HTTP request sent, awaiting response... 200 OK
Length: unspecified [text/html]
Saving to: ‘shop.dpsmap.com/index.php/cart/index.html’

     0K .......... .......... .......... .......... ..........  189K
    50K .......... .......... .......... .......... ..........  116K
   100K .....                                                  90.3M=0.7s

Last-modified header missing -- time-stamps turned off.
2026-05-13 01:36:09 (151 KB/s) - ‘shop.dpsmap.com/index.php/cart/index.html’ saved [107572]

--2026-05-13 01:36:09--  https://shop.dpsmap.com/index.php/checkout/
Reusing existing connection to shop.dpsmap.com:443.
HTTP request sent, awaiting response... 302 Found
Location: https://shop.dpsmap.com/index.php/cart/ [following]
--2026-05-13 01:36:11--  https://shop.dpsmap.com/index.php/cart/
Reusing existing connection to shop.dpsmap.com:443.
HTTP request sent, awaiting response... 200 OK
Length: unspecified [text/html]
Saving to: ‘shop.dpsmap.com/index.php/checkout/index.html’

     0K .......... .......... .......... .......... ..........  194K
    50K .......... .......... .......... .......... ..........  129K
   100K .....                                                  93.0M=0.6s

Last-modified header missing -- time-stamps turned off.
2026-05-13 01:36:14 (163 KB/s) - ‘shop.dpsmap.com/index.php/checkout/index.html’ saved [107572]

--2026-05-13 01:36:14--  https://shop.dpsmap.com/index.php/my-account/
Reusing existing connection to shop.dpsmap.com:443.
HTTP request sent, awaiting response... 200 OK
Length: unspecified [text/html]
Saving to: ‘shop.dpsmap.com/index.php/my-account/index.html’

     0K .......... .......... .......... .......... .........   176K=0.3s

Last-modified header missing -- time-stamps turned off.
2026-05-13 01:36:17 (176 KB/s) - ‘shop.dpsmap.com/index.php/my-account/index.html’ saved [51034]

--2026-05-13 01:36:17--  https://shop.dpsmap.com/index.php/product-category/all-products/
Reusing existing connection to shop.dpsmap.com:443.
HTTP request sent, awaiting response... 200 OK
Length: unspecified [text/html]
Saving to: ‘shop.dpsmap.com/index.php/product-category/all-products/index.html’

     0K .......... .......... .......... .......... ..........  193K
    50K .......... .......... .....                            1.26M=0.3s

Last-modified header missing -- time-stamps turned off.
2026-05-13 01:36:20 (272 KB/s) - ‘shop.dpsmap.com/index.php/product-category/all-products/index.html’ saved [77799]

--2026-05-13 01:36:20--  https://shop.dpsmap.com/index.php/product-category/dgps-tracker/
Reusing existing connection to shop.dpsmap.com:443.
HTTP request sent, awaiting response... 200 OK
Length: unspecified [text/html]
Saving to: ‘shop.dpsmap.com/index.php/product-category/dgps-tracker/index.html’

     0K .......... .......... .......... .......... ..........  176K
    50K                                                        1.52T=0.3s

Last-modified header missing -- time-stamps turned off.
2026-05-13 01:36:24 (179 KB/s) - ‘shop.dpsmap.com/index.php/product-category/dgps-tracker/index.html’ saved [52038]

--2026-05-13 01:36:24--  https://shop.dpsmap.com/index.php/product-category/hard-copy/
Reusing existing connection to shop.dpsmap.com:443.
HTTP request sent, awaiting response... 200 OK
Length: unspecified [text/html]
Saving to: ‘shop.dpsmap.com/index.php/product-category/hard-copy/index.html’

     0K .......... .......... .......... .......... ..........  195K
    50K .......... .......... .......                          1.10M=0.3s

Last-modified header missing -- time-stamps turned off.
2026-05-13 01:36:27 (276 KB/s) - ‘shop.dpsmap.com/index.php/product-category/hard-copy/index.html’ saved [79479]

--2026-05-13 01:36:27--  https://shop.dpsmap.com/index.php/product-category/map-softcopy/
Reusing existing connection to shop.dpsmap.com:443.
HTTP request sent, awaiting response... 200 OK
Length: unspecified [text/html]
Saving to: ‘shop.dpsmap.com/index.php/product-category/map-softcopy/index.html’

     0K .......... .......... .......... .......... ..........  177K
    50K .......... ..                                           244M=0.3s

Last-modified header missing -- time-stamps turned off.
2026-05-13 01:36:29 (223 KB/s) - ‘shop.dpsmap.com/index.php/product-category/map-softcopy/index.html’ saved [64475]

--2026-05-13 01:36:30--  https://shop.dpsmap.com/index.php/product-category/mobile/
Reusing existing connection to shop.dpsmap.com:443.
HTTP request sent, awaiting response... 200 OK
Length: unspecified [text/html]
Saving to: ‘shop.dpsmap.com/index.php/product-category/mobile/index.html’

     0K .......... .......... .......... .......... ....        159K=0.3s

Last-modified header missing -- time-stamps turned off.
2026-05-13 01:36:33 (159 KB/s) - ‘shop.dpsmap.com/index.php/product-category/mobile/index.html’ saved [45808]

--2026-05-13 01:36:33--  https://shop.dpsmap.com/index.php/product-category/website/
Reusing existing connection to shop.dpsmap.com:443.
HTTP request sent, awaiting response... 200 OK
Length: unspecified [text/html]
Saving to: ‘shop.dpsmap.com/index.php/product-category/website/index.html’

     0K .......... .......... .......... .......... ..........  180K
    50K .                                                      3.15T=0.3s

Last-modified header missing -- time-stamps turned off.
2026-05-13 01:36:37 (186 KB/s) - ‘shop.dpsmap.com/index.php/product-category/website/index.html’ saved [52934]

--2026-05-13 01:36:37--  https://shop.dpsmap.com/wp-content/uploads/2024/08/03.jpg
Reusing existing connection to shop.dpsmap.com:443.
HTTP request sent, awaiting response... 200 OK
Length: unspecified [image/jpeg]
Saving to: ‘shop.dpsmap.com/wp-content/uploads/2024/08/03.jpg’

     0K .......... .......... .......... .......... ..........  196K
    50K .......... .......... .......... .......... ..........  210K
   100K .......... .......... .......... .......... .......... 1.60M
   150K .......... .......... .......... .......... .          5.68M=0.5s

2026-05-13 01:36:38 (360 KB/s) - ‘shop.dpsmap.com/wp-content/uploads/2024/08/03.jpg’ saved [195626]

--2026-05-13 01:36:39--  https://shop.dpsmap.com/wp-content/uploads/2024/08/03-600x861.jpg
Reusing existing connection to shop.dpsmap.com:443.
HTTP request sent, awaiting response... 200 OK
Length: unspecified [image/jpeg]
Saving to: ‘shop.dpsmap.com/wp-content/uploads/2024/08/03-600x861.jpg’

     0K .......... .......... .......... ........               111K=0.3s

2026-05-13 01:36:40 (111 KB/s) - ‘shop.dpsmap.com/wp-content/uploads/2024/08/03-600x861.jpg’ saved [39079]

--2026-05-13 01:36:40--  https://shop.dpsmap.com/wp-content/uploads/2024/08/03-209x300.jpg
Reusing existing connection to shop.dpsmap.com:443.
HTTP request sent, awaiting response... 200 OK
Length: unspecified [image/jpeg]
Saving to: ‘shop.dpsmap.com/wp-content/uploads/2024/08/03-209x300.jpg’

     0K ........                                                225M=0s

2026-05-13 01:36:41 (225 MB/s) - ‘shop.dpsmap.com/wp-content/uploads/2024/08/03-209x300.jpg’ saved [8425]

--2026-05-13 01:36:41--  https://shop.dpsmap.com/wp-content/uploads/2024/08/03-714x1024.jpg
Reusing existing connection to shop.dpsmap.com:443.
HTTP request sent, awaiting response... 200 OK
Length: unspecified [image/jpeg]
Saving to: ‘shop.dpsmap.com/wp-content/uploads/2024/08/03-714x1024.jpg’

     0K .......... .......... .......... .......... .........  94.9K=0.5s

2026-05-13 01:36:42 (94.9 KB/s) - ‘shop.dpsmap.com/wp-content/uploads/2024/08/03-714x1024.jpg’ saved [50706]

--2026-05-13 01:36:43--  https://shop.dpsmap.com/wp-content/uploads/2024/08/03-768x1102.jpg
Reusing existing connection to shop.dpsmap.com:443.
HTTP request sent, awaiting response... 200 OK
Length: unspecified [image/jpeg]
Saving to: ‘shop.dpsmap.com/wp-content/uploads/2024/08/03-768x1102.jpg’

     0K .......... .......... .......... .......... ..........  146K
    50K .....                                                  10.8T=0.3s

2026-05-13 01:36:44 (163 KB/s) - ‘shop.dpsmap.com/wp-content/uploads/2024/08/03-768x1102.jpg’ saved [57148]

--2026-05-13 01:36:44--  https://shop.dpsmap.com/wp-content/uploads/2024/08/03-1070x1536.jpg
Reusing existing connection to shop.dpsmap.com:443.
HTTP request sent, awaiting response... 200 OK
Length: unspecified [image/jpeg]
Saving to: ‘shop.dpsmap.com/wp-content/uploads/2024/08/03-1070x1536.jpg’

     0K .......... .......... .......... .......... ..........  192K
    50K .......... .......... .......... .........              144K=0.5s

2026-05-13 01:36:45 (168 KB/s) - ‘shop.dpsmap.com/wp-content/uploads/2024/08/03-1070x1536.jpg’ saved [91415]

--2026-05-13 01:36:45--  https://shop.dpsmap.com/index.php/product/%e1%80%81%e1%80%9b%e1%80%ad%e1%80%af%e1%80%84%e1%80%ba%e1%80%99%e1%80%bc%e1%80%b1%e1%80%95%e1%80%af%e1%80%b6%e1%80%80%e1%80%94%e1%80%b1%e1%80%9b%e1%80%95%e1%80%ba%e1%80%80%e1%80%bd%e1%80%80%e1%80%ba/
Reusing existing connection to shop.dpsmap.com:443.
HTTP request sent, awaiting response... 200 OK
Length: unspecified [text/html]
Saving to: ‘shop.dpsmap.com/index.php/product/ခရိုင်မြေပုံကနေရပ်ကွက်/index.html’

     0K .......... .......... .......... .......... ..........  193K
    50K .......... .......                                      716K=0.3s

Last-modified header missing -- time-stamps turned off.
2026-05-13 01:36:48 (238 KB/s) - ‘shop.dpsmap.com/index.php/product/ခရိုင်မြေပုံကနေရပ်ကွက်/index.html’ saved [68773]

--2026-05-13 01:36:48--  https://shop.dpsmap.com/wp-content/uploads/2023/02/329584593_580879997248813_4187197504922808461_n.jpg
Reusing existing connection to shop.dpsmap.com:443.
HTTP request sent, awaiting response... 200 OK
Length: unspecified [image/jpeg]
Saving to: ‘shop.dpsmap.com/wp-content/uploads/2023/02/329584593_580879997248813_4187197504922808461_n.jpg’

     0K .......... .......... .......... .......... ..........  147K
    50K ....                                                   8.35T=0.3s

2026-05-13 01:36:50 (160 KB/s) - ‘shop.dpsmap.com/wp-content/uploads/2023/02/329584593_580879997248813_4187197504922808461_n.jpg’ saved [55790]

--2026-05-13 01:36:50--  https://shop.dpsmap.com/wp-content/uploads/2023/02/329584593_580879997248813_4187197504922808461_n-300x300.jpg
Reusing existing connection to shop.dpsmap.com:443.
HTTP request sent, awaiting response... 200 OK
Length: unspecified [image/jpeg]
Saving to: ‘shop.dpsmap.com/wp-content/uploads/2023/02/329584593_580879997248813_4187197504922808461_n-300x300.jpg’

     0K .......... .......... .                                63.4K=0.3s

2026-05-13 01:36:51 (63.4 KB/s) - ‘shop.dpsmap.com/wp-content/uploads/2023/02/329584593_580879997248813_4187197504922808461_n-300x300.jpg’ saved [22157]

--2026-05-13 01:36:52--  https://shop.dpsmap.com/wp-content/uploads/2023/02/329584593_580879997248813_4187197504922808461_n-150x150.jpg
Reusing existing connection to shop.dpsmap.com:443.
HTTP request sent, awaiting response... 200 OK
Length: unspecified [image/jpeg]
Saving to: ‘shop.dpsmap.com/wp-content/uploads/2023/02/329584593_580879997248813_4187197504922808461_n-150x150.jpg’

     0K ......                                                 2.50G=0s

2026-05-13 01:36:53 (2.50 GB/s) - ‘shop.dpsmap.com/wp-content/uploads/2023/02/329584593_580879997248813_4187197504922808461_n-150x150.jpg’ saved [6959]

--2026-05-13 01:36:53--  https://shop.dpsmap.com/wp-content/uploads/2023/02/329584593_580879997248813_4187197504922808461_n-100x100.jpg
Reusing existing connection to shop.dpsmap.com:443.
HTTP request sent, awaiting response... 200 OK
Length: unspecified [image/jpeg]
Saving to: ‘shop.dpsmap.com/wp-content/uploads/2023/02/329584593_580879997248813_4187197504922808461_n-100x100.jpg’

     0K ...                                                    1.66G=0s

2026-05-13 01:36:54 (1.66 GB/s) - ‘shop.dpsmap.com/wp-content/uploads/2023/02/329584593_580879997248813_4187197504922808461_n-100x100.jpg’ saved [3719]

--2026-05-13 01:36:54--  https://shop.dpsmap.com/index.php/product/dgps-tracker/
Reusing existing connection to shop.dpsmap.com:443.
HTTP request sent, awaiting response... 200 OK
Length: unspecified [text/html]
Saving to: ‘shop.dpsmap.com/index.php/product/dgps-tracker/index.html’

     0K .......... .......... .......... .......... ..........  190K
    50K .......... ...                                          664K=0.3s

Last-modified header missing -- time-stamps turned off.
2026-05-13 01:36:58 (224 KB/s) - ‘shop.dpsmap.com/index.php/product/dgps-tracker/index.html’ saved [65161]

--2026-05-13 01:36:58--  https://shop.dpsmap.com/wp-content/uploads/2022/11/dgps-tracker-scaled.jpg
Reusing existing connection to shop.dpsmap.com:443.
HTTP request sent, awaiting response... 200 OK
Length: unspecified [image/jpeg]
Saving to: ‘shop.dpsmap.com/wp-content/uploads/2022/11/dgps-tracker-scaled.jpg’

     0K .......... .......... .......... .......... ..........  195K
    50K .......... .......... .......... .......... .......... 6.91M
   100K .......... .......... .......... .......... ..........  201K
   150K .......... .......... .......... .......... .......... 3.88M
   200K .......... .                                           3.40M=0.5s

2026-05-13 01:36:59 (400 KB/s) - ‘shop.dpsmap.com/wp-content/uploads/2022/11/dgps-tracker-scaled.jpg’ saved [216771]

--2026-05-13 01:36:59--  https://shop.dpsmap.com/wp-content/uploads/2022/11/dgps-tracker-300x300.jpg
Reusing existing connection to shop.dpsmap.com:443.
HTTP request sent, awaiting response... 200 OK
Length: unspecified [image/jpeg]
Saving to: ‘shop.dpsmap.com/wp-content/uploads/2022/11/dgps-tracker-300x300.jpg’

     0K .......                                                3.67G=0s

2026-05-13 01:37:00 (3.67 GB/s) - ‘shop.dpsmap.com/wp-content/uploads/2022/11/dgps-tracker-300x300.jpg’ saved [8077]

--2026-05-13 01:37:00--  https://shop.dpsmap.com/wp-content/uploads/2022/11/dgps-tracker-scaled-100x100.jpg
Reusing existing connection to shop.dpsmap.com:443.
HTTP request sent, awaiting response... 200 OK
Length: unspecified [image/jpeg]
Saving to: ‘shop.dpsmap.com/wp-content/uploads/2022/11/dgps-tracker-scaled-100x100.jpg’

     0K ..                                                      865M=0s

2026-05-13 01:37:02 (865 MB/s) - ‘shop.dpsmap.com/wp-content/uploads/2022/11/dgps-tracker-scaled-100x100.jpg’ saved [2071]

--2026-05-13 01:37:02--  https://shop.dpsmap.com/wp-content/uploads/2022/11/dgps-tracker-scaled-600x600.jpg
Reusing existing connection to shop.dpsmap.com:443.
HTTP request sent, awaiting response... 200 OK
Length: unspecified [image/jpeg]
Saving to: ‘shop.dpsmap.com/wp-content/uploads/2022/11/dgps-tracker-scaled-600x600.jpg’

     0K .......... .......... .                                 216K=0.1s

2026-05-13 01:37:03 (216 KB/s) - ‘shop.dpsmap.com/wp-content/uploads/2022/11/dgps-tracker-scaled-600x600.jpg’ saved [22042]

--2026-05-13 01:37:03--  https://shop.dpsmap.com/wp-content/uploads/2022/11/dgps-tracker-1024x1024.jpg
Reusing existing connection to shop.dpsmap.com:443.
HTTP request sent, awaiting response... 200 OK
Length: unspecified [image/jpeg]
Saving to: ‘shop.dpsmap.com/wp-content/uploads/2022/11/dgps-tracker-1024x1024.jpg’

     0K .......... .......... .......... .......... .........   176K=0.3s

2026-05-13 01:37:04 (176 KB/s) - ‘shop.dpsmap.com/wp-content/uploads/2022/11/dgps-tracker-1024x1024.jpg’ saved [50992]

--2026-05-13 01:37:05--  https://shop.dpsmap.com/wp-content/uploads/2022/11/dgps-tracker-150x150.jpg
Reusing existing connection to shop.dpsmap.com:443.
HTTP request sent, awaiting response... 200 OK
Length: unspecified [image/jpeg]
Saving to: ‘shop.dpsmap.com/wp-content/uploads/2022/11/dgps-tracker-150x150.jpg’

     0K ...                                                    1.62G=0s

2026-05-13 01:37:06 (1.62 GB/s) - ‘shop.dpsmap.com/wp-content/uploads/2022/11/dgps-tracker-150x150.jpg’ saved [3197]

--2026-05-13 01:37:06--  https://shop.dpsmap.com/wp-content/uploads/2022/11/dgps-tracker-768x768.jpg
Reusing existing connection to shop.dpsmap.com:443.
HTTP request sent, awaiting response... 200 OK
Length: unspecified [image/jpeg]
Saving to: ‘shop.dpsmap.com/wp-content/uploads/2022/11/dgps-tracker-768x768.jpg’

     0K .......... .......... .......... ..                    94.3K=0.3s

2026-05-13 01:37:07 (94.3 KB/s) - ‘shop.dpsmap.com/wp-content/uploads/2022/11/dgps-tracker-768x768.jpg’ saved [32984]

--2026-05-13 01:37:07--  https://shop.dpsmap.com/wp-content/uploads/2022/11/dgps-tracker-1536x1536.jpg
Reusing existing connection to shop.dpsmap.com:443.
HTTP request sent, awaiting response... 200 OK
Length: unspecified [image/jpeg]
Saving to: ‘shop.dpsmap.com/wp-content/uploads/2022/11/dgps-tracker-1536x1536.jpg’

     0K .......... .......... .......... .......... ..........  192K
    50K .......... .......... .......... .......... ....        224K=0.5s

2026-05-13 01:37:09 (206 KB/s) - ‘shop.dpsmap.com/wp-content/uploads/2022/11/dgps-tracker-1536x1536.jpg’ saved [96669]

--2026-05-13 01:37:09--  https://shop.dpsmap.com/wp-content/uploads/2022/11/dgps-tracker-2048x2048.jpg
Reusing existing connection to shop.dpsmap.com:443.
HTTP request sent, awaiting response... 200 OK
Length: unspecified [image/jpeg]
Saving to: ‘shop.dpsmap.com/wp-content/uploads/2022/11/dgps-tracker-2048x2048.jpg’

     0K .......... .......... .......... .......... ..........  195K
    50K .......... .......... .......... .......... ..........  205K
   100K .......... .......... .......... .......... .........  2.59M=0.5s

2026-05-13 01:37:11 (288 KB/s) - ‘shop.dpsmap.com/wp-content/uploads/2022/11/dgps-tracker-2048x2048.jpg’ saved [152920]

--2026-05-13 01:37:11--  https://shop.dpsmap.com/index.php/product/inseintownship/
Reusing existing connection to shop.dpsmap.com:443.
HTTP request sent, awaiting response... 200 OK
Length: unspecified [text/html]
Saving to: ‘shop.dpsmap.com/index.php/product/inseintownship/index.html’

     0K .......... .......... .......... .......... ..........  193K
    50K .......... .....                                        678K=0.3s

Last-modified header missing -- time-stamps turned off.
2026-05-13 01:37:14 (233 KB/s) - ‘shop.dpsmap.com/index.php/product/inseintownship/index.html’ saved [67488]

--2026-05-13 01:37:15--  https://shop.dpsmap.com/wp-content/uploads/2022/11/INSEIN_Tsp_Map_over.jpg
Reusing existing connection to shop.dpsmap.com:443.
HTTP request sent, awaiting response... 200 OK
Length: unspecified [image/jpeg]
Saving to: ‘shop.dpsmap.com/wp-content/uploads/2022/11/INSEIN_Tsp_Map_over.jpg’

     0K .......... .......... .......... .......... .......... 96.6K
    50K .......... .......... .......... .......... .......... 6.53M
   100K .......... .......... .......... .......... ..........  196K
   150K .......... .......... .......... .......... .......... 6.54M
   200K .......... .......... .......... .......... ..........  197K
   250K .......... .......... .......... .......... .......... 4.33M
   300K .......... .......... .......... .......... ..........  863K
   350K .......... .......... .......... .......... .......... 2.75M
   400K .......... .......... .......... .......... ..........  295K
   450K .......... .......... .......... .......... ..........  504K
   500K .......... .......... .......... .......... .......... 7.86M
   550K .......... .......... .......... .......... ..........  197K
   600K .......... .......... .......... .......... .......... 8.54M
   650K .......... .......... .......... .......... .......... 1.22M
   700K .......... .......... .......... .......... .......... 1.91M
   750K .......... .......... .......... .......... .......... 1.03M
   800K .......... .......... .......... .......... .......... 4.33M
   850K .......... .......... .......... .......... .......... 1.75M
   900K .......... .......... .......... .......... .......... 1.49M
   950K .......... .......... .......... .......... .......... 2.65M
  1000K .......... .......... .......... .......... ..........  688K
  1050K .......... .......... .......... .......... ..........  196K
  1100K .......... .......... .......... .......... .......... 7.52M
  1150K .......... .......... .......... .......... .......... 3.21M
  1200K .......... .......... .......... .......... .......... 2.21M
  1250K .......... .......... .......... .......... ..........  198K
  1300K .......... .......... .......... .......... .......... 2.56M
  1350K .......... .......... .......... .......... ..........  207K
  1400K .......... .......... .......... .......... .......... 6.89M
  1450K .......... .......... .......... .......... .......... 2.00M
  1500K .......... .......... .......... .......... ..........  210K
  1550K .......... .......... .......... .......... .......... 2.22M
  1600K .......... .......... .......... .......... ........    113K=3.5s

2026-05-13 01:37:19 (475 KB/s) - ‘shop.dpsmap.com/wp-content/uploads/2022/11/INSEIN_Tsp_Map_over.jpg’ saved [1687759]

--2026-05-13 01:37:19--  https://shop.dpsmap.com/wp-content/uploads/2022/11/INSEIN_Tsp_Map_over-221x300.jpg
Reusing existing connection to shop.dpsmap.com:443.
HTTP request sent, awaiting response... 200 OK
Length: unspecified [image/jpeg]
Saving to: ‘shop.dpsmap.com/wp-content/uploads/2022/11/INSEIN_Tsp_Map_over-221x300.jpg’

     0K .......... ......                                      47.8K=0.4s

2026-05-13 01:37:20 (47.8 KB/s) - ‘shop.dpsmap.com/wp-content/uploads/2022/11/INSEIN_Tsp_Map_over-221x300.jpg’ saved [17218]

--2026-05-13 01:37:20--  https://shop.dpsmap.com/wp-content/uploads/2022/11/INSEIN_Tsp_Map_over-754x1024.jpg
Reusing existing connection to shop.dpsmap.com:443.
HTTP request sent, awaiting response... 200 OK
Length: unspecified [image/jpeg]
Saving to: ‘shop.dpsmap.com/wp-content/uploads/2022/11/INSEIN_Tsp_Map_over-754x1024.jpg’

     0K .......... .......... .......... .......... ..........  201K
    50K .......... .......... .......... .......... ..........  197K
   100K .......... .......... .......... .......... .......... 1.75M
   150K .......... .........                                    109K=0.7s

2026-05-13 01:37:22 (240 KB/s) - ‘shop.dpsmap.com/wp-content/uploads/2022/11/INSEIN_Tsp_Map_over-754x1024.jpg’ saved [173117]

--2026-05-13 01:37:22--  https://shop.dpsmap.com/wp-content/uploads/2022/11/INSEIN_Tsp_Map_over-768x1043.jpg
Reusing existing connection to shop.dpsmap.com:443.
HTTP request sent, awaiting response... 200 OK
Length: unspecified [image/jpeg]
Saving to: ‘shop.dpsmap.com/wp-content/uploads/2022/11/INSEIN_Tsp_Map_over-768x1043.jpg’

     0K .......... .......... .......... .......... ..........  199K
    50K .......... .......... .......... .......... .......... 2.31M
   100K .......... .......... .......... .......... ..........  209K
   150K .......... .......... ...                              1003K=0.5s

2026-05-13 01:37:23 (325 KB/s) - ‘shop.dpsmap.com/wp-content/uploads/2022/11/INSEIN_Tsp_Map_over-768x1043.jpg’ saved [178147]

--2026-05-13 01:37:24--  https://shop.dpsmap.com/wp-content/uploads/2022/11/INSEIN_Tsp_Map_over-1131x1536.jpg
Reusing existing connection to shop.dpsmap.com:443.
HTTP request sent, awaiting response... 200 OK
Length: unspecified [image/jpeg]
Saving to: ‘shop.dpsmap.com/wp-content/uploads/2022/11/INSEIN_Tsp_Map_over-1131x1536.jpg’

     0K .......... .......... .......... .......... .......... 2.39M
    50K .......... .......... .......... .......... ..........  206K
   100K .......... .......... .......... .......... .......... 3.05M
   150K .......... .......... .......... .......... ..........  197K
   200K .......... .......... .......... .......... .......... 7.34M
   250K .......... .......... .......... .......... ..........  197K
   300K .......... .......... .......... ..                     336K=0.9s

2026-05-13 01:37:25 (373 KB/s) - ‘shop.dpsmap.com/wp-content/uploads/2022/11/INSEIN_Tsp_Map_over-1131x1536.jpg’ saved [340397]

--2026-05-13 01:37:26--  https://shop.dpsmap.com/wp-content/uploads/2022/11/INSEIN_Tsp_Map_over-600x815.jpg
Reusing existing connection to shop.dpsmap.com:443.
HTTP request sent, awaiting response... 200 OK
Length: unspecified [image/jpeg]
Saving to: ‘shop.dpsmap.com/wp-content/uploads/2022/11/INSEIN_Tsp_Map_over-600x815.jpg’

     0K .......... .......... .......... .......... ..........  200K
    50K .......... .......... .......... .......... ..........  504K
   100K .......... ..                                           141M=0.3s

2026-05-13 01:37:27 (321 KB/s) - ‘shop.dpsmap.com/wp-content/uploads/2022/11/INSEIN_Tsp_Map_over-600x815.jpg’ saved [114941]

--2026-05-13 01:37:27--  https://shop.dpsmap.com/index.php/product/%e1%80%9b%e1%80%94%e1%80%ba%e1%80%80%e1%80%af%e1%80%94%e1%80%ba%e1%80%99%e1%80%bc%e1%80%ad%e1%80%af%e1%80%b7%e1%80%94%e1%80%9a%e1%80%ba%e1%80%99%e1%80%bb%e1%80%ac%e1%80%b8%e1%80%95%e1%80%bc%e1%80%99/?add-to-cart=229
Reusing existing connection to shop.dpsmap.com:443.
HTTP request sent, awaiting response... 200 OK
Length: unspecified [text/html]
Saving to: ‘shop.dpsmap.com/index.php/product/ရန်ကုန်မြို့နယ်များပြမ/index.html@add-to-cart=229.html’

     0K .......... .......... .......... .......... ..........  189K
    50K .......... .......... .......... ..                    2.55M=0.3s

Last-modified header missing -- time-stamps turned off.
2026-05-13 01:37:30 (300 KB/s) - ‘shop.dpsmap.com/index.php/product/ရန်ကုန်မြို့နယ်များပြမ/index.html@add-to-cart=229.html’ saved [84818]

--2026-05-13 01:37:30--  https://shop.dpsmap.com/index.php/product/foldingmap/
Reusing existing connection to shop.dpsmap.com:443.
HTTP request sent, awaiting response... 200 OK
Length: unspecified [text/html]
Saving to: ‘shop.dpsmap.com/index.php/product/foldingmap/index.html’

     0K .......... .......... .......... .......... ..........  192K
    50K .......... .......... ......                           1.14M=0.3s

Last-modified header missing -- time-stamps turned off.
2026-05-13 01:37:33 (270 KB/s) - ‘shop.dpsmap.com/index.php/product/foldingmap/index.html’ saved [78351]

--2026-05-13 01:37:33--  https://shop.dpsmap.com/wp-content/uploads/2023/05/1679368398677234_1-scaled.jpg
Reusing existing connection to shop.dpsmap.com:443.
HTTP request sent, awaiting response... 200 OK
Length: unspecified [image/jpeg]
Saving to: ‘shop.dpsmap.com/wp-content/uploads/2023/05/1679368398677234_1-scaled.jpg’

     0K .......... .......... .......... .......... ..........  194K
    50K .......... .......... .......... .......... ..........  195K
   100K .......... .......... .......... .......... ..........  202K
   150K .......... .......... .......... .......... .......... 6.70M
   200K .......... .......... .......... .......... ..........  202K
   250K .......... .......... .......... .......... .......... 3.20M
   300K .......... .......... .......... .......... .......... 1.44M
   350K .......... .......... .......... .......... .......... 1.49M
   400K .......... .......... .......... .......... ..........  293K
   450K .......... .......... .......... .......... .......... 6.60M
   500K .......... .......... .......... .......... ..........  522K
   550K .......... .......... .......... .......... ..........  198K
   600K .......... .......... .......... .......... .......... 7.28M
   650K .......... .......... .......... .......... .........   190K=1.9s

2026-05-13 01:37:36 (370 KB/s) - ‘shop.dpsmap.com/wp-content/uploads/2023/05/1679368398677234_1-scaled.jpg’ saved [716033]

--2026-05-13 01:37:36--  https://shop.dpsmap.com/wp-content/uploads/2023/05/1679368398677234_1-300x225.jpg
Reusing existing connection to shop.dpsmap.com:443.
HTTP request sent, awaiting response... 200 OK
Length: unspecified [image/jpeg]
Saving to: ‘shop.dpsmap.com/wp-content/uploads/2023/05/1679368398677234_1-300x225.jpg’

     0K .......... ....                                         296M=0s

2026-05-13 01:37:37 (296 MB/s) - ‘shop.dpsmap.com/wp-content/uploads/2023/05/1679368398677234_1-300x225.jpg’ saved [14493]

--2026-05-13 01:37:37--  https://shop.dpsmap.com/wp-content/uploads/2023/05/1679368398677234_1-1024x768.jpg
Reusing existing connection to shop.dpsmap.com:443.
HTTP request sent, awaiting response... 200 OK
Length: unspecified [image/jpeg]
Saving to: ‘shop.dpsmap.com/wp-content/uploads/2023/05/1679368398677234_1-1024x768.jpg’

     0K .......... .......... .......... .......... ..........  841K
    50K .......... .......... .......... .......... ..........  248K
   100K .......... .......... .......                           302K=0.4s

2026-05-13 01:37:38 (362 KB/s) - ‘shop.dpsmap.com/wp-content/uploads/2023/05/1679368398677234_1-1024x768.jpg’ saved [130728]

--2026-05-13 01:37:39--  https://shop.dpsmap.com/wp-content/uploads/2023/05/1679368398677234_1-768x576.jpg
Reusing existing connection to shop.dpsmap.com:443.
HTTP request sent, awaiting response... 200 OK
Length: unspecified [image/jpeg]
Saving to: ‘shop.dpsmap.com/wp-content/uploads/2023/05/1679368398677234_1-768x576.jpg’

     0K .......... .......... .......... .......... ..........  197K
    50K .......... .......... .....                             287K=0.3s

2026-05-13 01:37:40 (220 KB/s) - ‘shop.dpsmap.com/wp-content/uploads/2023/05/1679368398677234_1-768x576.jpg’ saved [77634]

--2026-05-13 01:37:40--  https://shop.dpsmap.com/wp-content/uploads/2023/05/1679368398677234_1-1536x1152.jpg
Reusing existing connection to shop.dpsmap.com:443.
HTTP request sent, awaiting response... 200 OK
Length: unspecified [image/jpeg]
Saving to: ‘shop.dpsmap.com/wp-content/uploads/2023/05/1679368398677234_1-1536x1152.jpg’

     0K .......... .......... .......... .......... ..........  195K
    50K .......... .......... .......... .......... ..........  207K
   100K .......... .......... .......... .......... ..........  863K
   150K .......... .......... .......... .......... .......... 8.77M
   200K .......... .......... .......... .......... ..........  197K
   250K .......... ........                                     301K=0.9s

2026-05-13 01:37:42 (306 KB/s) - ‘shop.dpsmap.com/wp-content/uploads/2023/05/1679368398677234_1-1536x1152.jpg’ saved [274804]

--2026-05-13 01:37:42--  https://shop.dpsmap.com/wp-content/uploads/2023/05/1679368398677234_1-2048x1536.jpg
Reusing existing connection to shop.dpsmap.com:443.
HTTP request sent, awaiting response... 200 OK
Length: unspecified [image/jpeg]
Saving to: ‘shop.dpsmap.com/wp-content/uploads/2023/05/1679368398677234_1-2048x1536.jpg’

     0K .......... .......... .......... .......... .......... 4.33M
    50K .......... .......... .......... .......... ..........  200K
   100K .......... .......... .......... .......... .......... 4.78M
   150K .......... .......... .......... .......... ..........  243K
   200K .......... .......... .......... .......... ..........  891K
   250K .......... .......... .......... .......... ..........  212K
   300K .......... .......... .......... .......... .......... 8.39M
   350K .......... .......... .......... .......... .......... 1.67M
   400K .......... .......... .......... .......... ..........  218K
   450K ..........                                             54.1K=1.2s

2026-05-13 01:37:44 (375 KB/s) - ‘shop.dpsmap.com/wp-content/uploads/2023/05/1679368398677234_1-2048x1536.jpg’ saved [471572]

--2026-05-13 01:37:44--  https://shop.dpsmap.com/wp-content/uploads/2023/05/1679368398677234_1-600x450.jpg
Reusing existing connection to shop.dpsmap.com:443.
HTTP request sent, awaiting response... 200 OK
Length: unspecified [image/jpeg]
Saving to: ‘shop.dpsmap.com/wp-content/uploads/2023/05/1679368398677234_1-600x450.jpg’

     0K .......... .......... .......... .......... ........    137K=0.4s

2026-05-13 01:37:45 (137 KB/s) - ‘shop.dpsmap.com/wp-content/uploads/2023/05/1679368398677234_1-600x450.jpg’ saved [49752]

--2026-05-13 01:37:46--  https://dpsmap.com/myanmar/
Connecting to dpsmap.com (dpsmap.com)|172.67.214.179|:443... connected.
HTTP request sent, awaiting response... 200 OK
Length: unspecified [text/html]
Saving to: ‘dpsmap.com/myanmar/index.html’

     0K .......... .......... .......... .......... .......... 55.5K
    50K .......... .......... ...                              84.6K=1.2s

Last-modified header missing -- time-stamps turned off.
2026-05-13 01:37:50 (62.3 KB/s) - ‘dpsmap.com/myanmar/index.html’ saved [74836]

--2026-05-13 01:37:50--  https://dpsmap.com/mandalay/
Reusing existing connection to dpsmap.com:443.
HTTP request sent, awaiting response... 200 OK
Length: unspecified [text/html]
Saving to: ‘dpsmap.com/mandalay/index.html’

     0K .......... .......... .......... .......... ..........  158K
    50K .......... ....                                        63.1K=0.5s

Last-modified header missing -- time-stamps turned off.
2026-05-13 01:37:51 (119 KB/s) - ‘dpsmap.com/mandalay/index.html’ saved [65829]

--2026-05-13 01:37:51--  https://dpsmap.com/amarapura/index.shtml
Reusing existing connection to dpsmap.com:443.
HTTP request sent, awaiting response... 200 OK
Length: unspecified [text/html]
Saving to: ‘dpsmap.com/amarapura/index.shtml.html’

     0K .......... .........                                   55.0K=0.4s

2026-05-13 01:37:52 (55.0 KB/s) - ‘dpsmap.com/amarapura/index.shtml.html’ saved [20309]

--2026-05-13 01:37:53--  https://dpsmap.com/taunggyi/
Reusing existing connection to dpsmap.com:443.
HTTP request sent, awaiting response... 200 OK
Length: unspecified [text/html]
Saving to: ‘dpsmap.com/taunggyi/index.html’

     0K .                                                       717M=0s

2026-05-13 01:37:54 (717 MB/s) - ‘dpsmap.com/taunggyi/index.html’ saved [1270]

--2026-05-13 01:37:54--  https://dpsmap.com/sittwe/index.shtml
Reusing existing connection to dpsmap.com:443.
HTTP request sent, awaiting response... 200 OK
Length: unspecified [text/html]
Saving to: ‘dpsmap.com/sittwe/index.shtml.html’

     0K .......... .....                                       43.4K=0.4s

2026-05-13 01:37:55 (43.4 KB/s) - ‘dpsmap.com/sittwe/index.shtml.html’ saved [15951]

--2026-05-13 01:37:55--  https://dpsmap.com/yangon/
Reusing existing connection to dpsmap.com:443.
HTTP request sent, awaiting response... 200 OK
Length: unspecified [text/html]
Saving to: ‘dpsmap.com/yangon/index.html’

     0K .......... .......... .......... .......... .......... 88.9K
    50K .......... .......... .......... .......... ..........  194K
   100K .......... .......... .......... ...                    207K=1.0s

Last-modified header missing -- time-stamps turned off.
2026-05-13 01:37:57 (136 KB/s) - ‘dpsmap.com/yangon/index.html’ saved [136625]

Loading robots.txt; please ignore errors.
--2026-05-13 01:37:57--  http://yangontownshipmapbook.dpsmap.com/robots.txt
Connecting to yangontownshipmapbook.dpsmap.com (yangontownshipmapbook.dpsmap.com)|172.67.214.179|:80... connected.
HTTP request sent, awaiting response... 301 Moved Permanently
Location: https://yangontownshipmapbook.dpsmap.com/robots.txt [following]
--2026-05-13 01:37:59--  https://yangontownshipmapbook.dpsmap.com/robots.txt
Connecting to yangontownshipmapbook.dpsmap.com (yangontownshipmapbook.dpsmap.com)|172.67.214.179|:443... connected.
HTTP request sent, awaiting response... 500 Internal Server Error
2026-05-13 01:38:03 ERROR 500: Internal Server Error.

--2026-05-13 01:38:03--  https://dpsmap.com/mrauku/index.shtml
Connecting to dpsmap.com (dpsmap.com)|172.67.214.179|:443... connected.
HTTP request sent, awaiting response... 200 OK
Length: unspecified [text/html]
Saving to: ‘dpsmap.com/mrauku/index.shtml.html’

     0K .......... .......... .......... .......... .......... 86.3K
    50K .......... .......... .......... ........               129K=0.9s

2026-05-13 01:38:06 (101 KB/s) - ‘dpsmap.com/mrauku/index.shtml.html’ saved [91085]

--2026-05-13 01:38:06--  https://dpsmap.com/naypyitaw/
Reusing existing connection to dpsmap.com:443.
HTTP request sent, awaiting response... 200 OK
Length: unspecified [text/html]
Saving to: ‘dpsmap.com/naypyitaw/index.html’

     0K .......... .......... .......... .......... ..........  164K
    50K .......... ..                                           215K=0.4s

Last-modified header missing -- time-stamps turned off.
2026-05-13 01:38:08 (172 KB/s) - ‘dpsmap.com/naypyitaw/index.html’ saved [63805]

--2026-05-13 01:38:08--  https://dpsmap.com/bagan/
Reusing existing connection to dpsmap.com:443.
HTTP request sent, awaiting response... 200 OK
Length: unspecified [text/html]
Saving to: ‘dpsmap.com/bagan/index.html’

     0K .......... .......... .......... .......... .......... 98.1K
    50K .......... ..                                           321K=0.5s

Last-modified header missing -- time-stamps turned off.
2026-05-13 01:38:09 (114 KB/s) - ‘dpsmap.com/bagan/index.html’ saved [63691]

--2026-05-13 01:38:09--  https://dpsmap.com/mawlamying/index.shtml
Reusing existing connection to dpsmap.com:443.
HTTP request sent, awaiting response... 200 OK
Length: unspecified [text/html]
Saving to: ‘dpsmap.com/mawlamying/index.shtml.html’

     0K .......... ......                                       138K=0.1s

2026-05-13 01:38:11 (138 KB/s) - ‘dpsmap.com/mawlamying/index.shtml.html’ saved [17049]

--2026-05-13 01:38:11--  https://dpsmap.com/inlay/index.shtml
Reusing existing connection to dpsmap.com:443.
HTTP request sent, awaiting response... 200 OK
Length: unspecified [text/html]
Saving to: ‘dpsmap.com/inlay/index.shtml.html’

     0K .......... ......                                       150K=0.1s

2026-05-13 01:38:12 (150 KB/s) - ‘dpsmap.com/inlay/index.shtml.html’ saved [16983]

--2026-05-13 01:38:12--  https://dpsmap.com/kyaiktiyo/index.shtml
Reusing existing connection to dpsmap.com:443.
HTTP request sent, awaiting response... 200 OK
Length: unspecified [text/html]
Saving to: ‘dpsmap.com/kyaiktiyo/index.shtml.html’

     0K .......... ........                                     154K=0.1s

2026-05-13 01:38:13 (154 KB/s) - ‘dpsmap.com/kyaiktiyo/index.shtml.html’ saved [18512]

--2026-05-13 01:38:14--  https://shop.dpsmap.com/cdn-cgi/scripts/5c5dd728/cloudflare-static/email-decode.min.js
Connecting to shop.dpsmap.com (shop.dpsmap.com)|172.67.214.179|:443... connected.
HTTP request sent, awaiting response... 200 OK
Length: 1239 (1.2K) [application/javascript]
Saving to: ‘shop.dpsmap.com/cdn-cgi/scripts/5c5dd728/cloudflare-static/email-decode.min.js’

     0K .                                                     100% 6.62K=0.2s

Last-modified header missing -- time-stamps turned off.
2026-05-13 01:38:17 (6.62 KB/s) - ‘shop.dpsmap.com/cdn-cgi/scripts/5c5dd728/cloudflare-static/email-decode.min.js’ saved [1239/1239]

--2026-05-13 01:38:17--  https://shop.dpsmap.com/wp-content/plugins/woocommerce/assets/js/jquery-blockui/jquery.blockUI.min.js?ver=2.7.0-wc.7.1.0
Reusing existing connection to shop.dpsmap.com:443.
HTTP request sent, awaiting response... 200 OK
Length: unspecified [application/javascript]
Saving to: ‘shop.dpsmap.com/wp-content/plugins/woocommerce/assets/js/jquery-blockui/jquery.blockUI.min.js@ver=2.7.0-wc.7.1.0’

     0K .........                                              16.9K=0.5s

2026-05-13 01:38:18 (16.9 KB/s) - ‘shop.dpsmap.com/wp-content/plugins/woocommerce/assets/js/jquery-blockui/jquery.blockUI.min.js@ver=2.7.0-wc.7.1.0’ saved [9505]

--2026-05-13 01:38:18--  https://shop.dpsmap.com/wp-content/plugins/woocommerce/assets/js/frontend/add-to-cart.min.js?ver=7.1.0
Reusing existing connection to shop.dpsmap.com:443.
HTTP request sent, awaiting response... 200 OK
Length: unspecified [application/javascript]
Saving to: ‘shop.dpsmap.com/wp-content/plugins/woocommerce/assets/js/frontend/add-to-cart.min.js@ver=7.1.0’

     0K ..                                                     16.1K=0.2s

2026-05-13 01:38:19 (16.1 KB/s) - ‘shop.dpsmap.com/wp-content/plugins/woocommerce/assets/js/frontend/add-to-cart.min.js@ver=7.1.0’ saved [3029]

--2026-05-13 01:38:19--  https://shop.dpsmap.com/wp-content/plugins/woocommerce/assets/js/frontend/single-product.min.js?ver=7.1.0
Reusing existing connection to shop.dpsmap.com:443.
HTTP request sent, awaiting response... 200 OK
Length: unspecified [application/javascript]
Saving to: ‘shop.dpsmap.com/wp-content/plugins/woocommerce/assets/js/frontend/single-product.min.js@ver=7.1.0’

     0K ......                                                 16.7K=0.4s

2026-05-13 01:38:20 (16.7 KB/s) - ‘shop.dpsmap.com/wp-content/plugins/woocommerce/assets/js/frontend/single-product.min.js@ver=7.1.0’ saved [6241]

--2026-05-13 01:38:21--  https://shop.dpsmap.com/wp-content/plugins/woocommerce/assets/js/js-cookie/js.cookie.min.js?ver=2.1.4-wc.7.1.0
Reusing existing connection to shop.dpsmap.com:443.
HTTP request sent, awaiting response... 200 OK
Length: unspecified [application/javascript]
Saving to: ‘shop.dpsmap.com/wp-content/plugins/woocommerce/assets/js/js-cookie/js.cookie.min.js@ver=2.1.4-wc.7.1.0’

     0K .                                                      9.77K=0.2s

2026-05-13 01:38:22 (9.77 KB/s) - ‘shop.dpsmap.com/wp-content/plugins/woocommerce/assets/js/js-cookie/js.cookie.min.js@ver=2.1.4-wc.7.1.0’ saved [1834]

--2026-05-13 01:38:22--  https://shop.dpsmap.com/wp-content/plugins/woocommerce/assets/js/frontend/woocommerce.min.js?ver=7.1.0
Reusing existing connection to shop.dpsmap.com:443.
HTTP request sent, awaiting response... 200 OK
Length: unspecified [application/javascript]
Saving to: ‘shop.dpsmap.com/wp-content/plugins/woocommerce/assets/js/frontend/woocommerce.min.js@ver=7.1.0’

     0K ..                                                     8.04K=0.3s

2026-05-13 01:38:23 (8.04 KB/s) - ‘shop.dpsmap.com/wp-content/plugins/woocommerce/assets/js/frontend/woocommerce.min.js@ver=7.1.0’ saved [2139]

--2026-05-13 01:38:23--  https://shop.dpsmap.com/wp-content/plugins/woocommerce/assets/js/frontend/cart-fragments.min.js?ver=7.1.0
Reusing existing connection to shop.dpsmap.com:443.
HTTP request sent, awaiting response... 200 OK
Length: unspecified [application/javascript]
Saving to: ‘shop.dpsmap.com/wp-content/plugins/woocommerce/assets/js/frontend/cart-fragments.min.js@ver=7.1.0’

     0K ..                                                     11.0K=0.3s

2026-05-13 01:38:24 (11.0 KB/s) - ‘shop.dpsmap.com/wp-content/plugins/woocommerce/assets/js/frontend/cart-fragments.min.js@ver=7.1.0’ saved [2938]

--2026-05-13 01:38:24--  https://shop.dpsmap.com/wp-content/themes/storely/assets/js/popper.min.js?ver=6.9.4
Reusing existing connection to shop.dpsmap.com:443.
HTTP request sent, awaiting response... 200 OK
Length: unspecified [application/javascript]
Saving to: ‘shop.dpsmap.com/wp-content/themes/storely/assets/js/popper.min.js@ver=6.9.4’

     0K .......... ..........                                  56.2K=0.4s

2026-05-13 01:38:25 (56.2 KB/s) - ‘shop.dpsmap.com/wp-content/themes/storely/assets/js/popper.min.js@ver=6.9.4’ saved [21217]

--2026-05-13 01:38:26--  https://shop.dpsmap.com/wp-content/themes/storely/assets/js/bootstrap.min.js?ver=6.9.4
Reusing existing connection to shop.dpsmap.com:443.
HTTP request sent, awaiting response... 200 OK
Length: unspecified [application/javascript]
Saving to: ‘shop.dpsmap.com/wp-content/themes/storely/assets/js/bootstrap.min.js@ver=6.9.4’

     0K .......... .......... .......... .......... .......... 86.7K
    50K .......... .                                            473K=0.6s

2026-05-13 01:38:27 (103 KB/s) - ‘shop.dpsmap.com/wp-content/themes/storely/assets/js/bootstrap.min.js@ver=6.9.4’ saved [63399]

--2026-05-13 01:38:27--  https://shop.dpsmap.com/wp-content/themes/storely/assets/js/owlcarousel2-filter.js?ver=6.9.4
Reusing existing connection to shop.dpsmap.com:443.
HTTP request sent, awaiting response... 200 OK
Length: 488 [application/javascript]
Saving to: ‘shop.dpsmap.com/wp-content/themes/storely/assets/js/owlcarousel2-filter.js@ver=6.9.4’

     0K                                                       100%  488M=0s

2026-05-13 01:38:28 (488 MB/s) - ‘shop.dpsmap.com/wp-content/themes/storely/assets/js/owlcarousel2-filter.js@ver=6.9.4’ saved [488/488]

--2026-05-13 01:38:28--  https://shop.dpsmap.com/wp-content/themes/storely/assets/js/meanmenu.js?ver=6.9.4
Reusing existing connection to shop.dpsmap.com:443.
HTTP request sent, awaiting response... 200 OK
Length: unspecified [application/javascript]
Saving to: ‘shop.dpsmap.com/wp-content/themes/storely/assets/js/meanmenu.js@ver=6.9.4’

     0K ..........                                             30.2K=0.4s

2026-05-13 01:38:29 (30.2 KB/s) - ‘shop.dpsmap.com/wp-content/themes/storely/assets/js/meanmenu.js@ver=6.9.4’ saved [11185]

--2026-05-13 01:38:29--  https://shop.dpsmap.com/wp-content/themes/storely/assets/js/wow.min.js?ver=6.9.4
Reusing existing connection to shop.dpsmap.com:443.
HTTP request sent, awaiting response... 200 OK
Length: unspecified [application/javascript]
Saving to: ‘shop.dpsmap.com/wp-content/themes/storely/assets/js/wow.min.js@ver=6.9.4’

     0K .......                                                22.2K=0.4s

2026-05-13 01:38:31 (22.2 KB/s) - ‘shop.dpsmap.com/wp-content/themes/storely/assets/js/wow.min.js@ver=6.9.4’ saved [8173]

--2026-05-13 01:38:31--  https://shop.dpsmap.com/wp-content/themes/storely/assets/js/custom.js?ver=6.9.4
Reusing existing connection to shop.dpsmap.com:443.
HTTP request sent, awaiting response... 200 OK
Length: unspecified [application/javascript]
Saving to: ‘shop.dpsmap.com/wp-content/themes/storely/assets/js/custom.js@ver=6.9.4’

     0K .......... .......... ..                               61.3K=0.4s

2026-05-13 01:38:32 (61.3 KB/s) - ‘shop.dpsmap.com/wp-content/themes/storely/assets/js/custom.js@ver=6.9.4’ saved [22647]

--2026-05-13 01:38:32--  https://shop.dpsmap.com/wp-includes/js/comment-reply.min.js?ver=6.9.4
Reusing existing connection to shop.dpsmap.com:443.
HTTP request sent, awaiting response... 200 OK
Length: unspecified [application/javascript]
Saving to: ‘shop.dpsmap.com/wp-includes/js/comment-reply.min.js@ver=6.9.4’

     0K ..                                                     1.05G=0s

2026-05-13 01:38:33 (1.05 GB/s) - ‘shop.dpsmap.com/wp-includes/js/comment-reply.min.js@ver=6.9.4’ saved [3026]

--2026-05-13 01:38:34--  https://dpsmap.com/manifest.json
Connecting to dpsmap.com (dpsmap.com)|172.67.214.179|:443... connected.
HTTP request sent, awaiting response... 200 OK
Length: unspecified [application/json]
Saving to: ‘dpsmap.com/manifest.json’

     0K .                                                      22.2M=0s

2026-05-13 01:38:38 (22.2 MB/s) - ‘dpsmap.com/manifest.json’ saved [1048]

--2026-05-13 01:38:38--  https://dpsmap.com/assets/css/common.css
Reusing existing connection to dpsmap.com:443.
HTTP request sent, awaiting response... 200 OK
Length: unspecified [text/css]
Saving to: ‘dpsmap.com/assets/css/common.css’

     0K .......... ...                                         27.7K=0.5s

2026-05-13 01:38:39 (27.7 KB/s) - ‘dpsmap.com/assets/css/common.css’ saved [13879]

--2026-05-13 01:38:40--  https://dpsmap.com/assets/css/responsive.css
Reusing existing connection to dpsmap.com:443.
HTTP request sent, awaiting response... 200 OK
Length: unspecified [text/css]
Saving to: ‘dpsmap.com/assets/css/responsive.css’

     0K ..........                                             22.4K=0.4s

2026-05-13 01:38:41 (22.4 KB/s) - ‘dpsmap.com/assets/css/responsive.css’ saved [10272]

--2026-05-13 01:38:41--  https://dpsmap.com/assets/css/about-us.css
Reusing existing connection to dpsmap.com:443.
HTTP request sent, awaiting response... 200 OK
Length: unspecified [text/css]
Saving to: ‘dpsmap.com/assets/css/about-us.css’

     0K ..                                                     5.78K=0.5s

2026-05-13 01:38:43 (5.78 KB/s) - ‘dpsmap.com/assets/css/about-us.css’ saved [2665]

--2026-05-13 01:38:43--  https://dpsmap.com/assets/libs/fontawesome/css/all.min.css
Reusing existing connection to dpsmap.com:443.
HTTP request sent, awaiting response... 200 OK
Length: unspecified [text/css]
Saving to: ‘dpsmap.com/assets/libs/fontawesome/css/all.min.css’

     0K .......... .......... .......... .......... .......... 62.2K
    50K .......... .......... .......... .......... ........    117K=1.2s

2026-05-13 01:38:45 (80.9 KB/s) - ‘dpsmap.com/assets/libs/fontawesome/css/all.min.css’ saved [100788]

--2026-05-13 01:38:45--  https://dpsmap.com/cdn-cgi/l/email-protection
Reusing existing connection to dpsmap.com:443.
HTTP request sent, awaiting response... 404 Not Found
2026-05-13 01:38:47 ERROR 404: Not Found.

--2026-05-13 01:38:47--  https://dpsmap.com/cdn-cgi/scripts/5c5dd728/cloudflare-static/email-decode.min.js
Reusing existing connection to dpsmap.com:443.
HTTP request sent, awaiting response... 200 OK
Length: 1239 (1.2K) [application/javascript]
Saving to: ‘dpsmap.com/cdn-cgi/scripts/5c5dd728/cloudflare-static/email-decode.min.js’

     0K .                                                     100% 1.60G=0s

Last-modified header missing -- time-stamps turned off.
2026-05-13 01:38:48 (1.60 GB/s) - ‘dpsmap.com/cdn-cgi/scripts/5c5dd728/cloudflare-static/email-decode.min.js’ saved [1239/1239]

--2026-05-13 01:38:48--  https://dpsmap.com/pyinmana/pyinmana.shtml
Reusing existing connection to dpsmap.com:443.
HTTP request sent, awaiting response... 200 OK
Length: unspecified [text/html]
Saving to: ‘dpsmap.com/pyinmana/pyinmana.shtml.html’

     0K .......... .......... .......... .......... .          51.8K=0.8s

2026-05-13 01:38:50 (51.8 KB/s) - ‘dpsmap.com/pyinmana/pyinmana.shtml.html’ saved [42755]

--2026-05-13 01:38:50--  https://dpsmap.com/bago/
Reusing existing connection to dpsmap.com:443.
HTTP request sent, awaiting response... 200 OK
Length: unspecified [text/html]
Saving to: ‘dpsmap.com/bago/index.html’

     0K                                                        49.5M=0s

Last-modified header missing -- time-stamps turned off.
2026-05-13 01:38:51 (49.5 MB/s) - ‘dpsmap.com/bago/index.html’ saved [186]

--2026-05-13 01:38:52--  https://dpsmap.com/districts/
Reusing existing connection to dpsmap.com:443.
HTTP request sent, awaiting response... 200 OK
Length: unspecified [text/html]
Saving to: ‘dpsmap.com/districts/index.html’

     0K .......... .......... .......... .......... ..........  111K
    50K .......... .......... .......... .......... ..........  124K
   100K .......... .......... .......... .......... ..........  143K
   150K .......... .......... .......... .......... ..........  141K
   200K .......... .......... .......... .......... ..........  614K
   250K .......... ..........                                  69.7K=1.9s

Last-modified header missing -- time-stamps turned off.
2026-05-13 01:38:55 (140 KB/s) - ‘dpsmap.com/districts/index.html’ saved [277248]

--2026-05-13 01:38:55--  https://dpsmap.com/1sqft/
Reusing existing connection to dpsmap.com:443.
HTTP request sent, awaiting response... 200 OK
Length: unspecified [text/html]
Saving to: ‘dpsmap.com/1sqft/index.html’

     0K .......... .......... .......... .......... .......... 43.5K
    50K .......... ...                                          184M=1.1s

Last-modified header missing -- time-stamps turned off.
2026-05-13 01:38:57 (55.4 KB/s) - ‘dpsmap.com/1sqft/index.html’ saved [65272]

--2026-05-13 01:38:57--  https://dpsmap.com/mapplotting.php
Reusing existing connection to dpsmap.com:443.
HTTP request sent, awaiting response... 200 OK
Length: unspecified [text/html]
Saving to: ‘dpsmap.com/mapplotting.php.html’

     0K .......... .......... .......... .......... .......... 56.8K
    50K .......... .......... ...                              1.52M=0.9s

Last-modified header missing -- time-stamps turned off.
2026-05-13 01:38:59 (81.8 KB/s) - ‘dpsmap.com/mapplotting.php.html’ saved [74943]

--2026-05-13 01:39:00--  https://dpsmap.com/gis/
Reusing existing connection to dpsmap.com:443.
HTTP request sent, awaiting response... 200 OK
Length: unspecified [text/html]
Saving to: ‘dpsmap.com/gis/index.html’

     0K .......... .......... .......... .......... .......... 64.2K
    50K .......... .......... .......... .......... ..........  844K
   100K .......... .......... .......... .......               66.2K=1.4s

Last-modified header missing -- time-stamps turned off.
2026-05-13 01:39:02 (98.1 KB/s) - ‘dpsmap.com/gis/index.html’ saved [140303]

--2026-05-13 01:39:02--  https://dpsmap.com/tracking/
Reusing existing connection to dpsmap.com:443.
HTTP request sent, awaiting response... 200 OK
Length: unspecified [text/html]
Saving to: ‘dpsmap.com/tracking/index.html’

     0K                                                        67.7M=0s

Last-modified header missing -- time-stamps turned off.
2026-05-13 01:39:04 (67.7 MB/s) - ‘dpsmap.com/tracking/index.html’ saved [190]

--2026-05-13 01:39:04--  https://dpsmap.com/website-services/
Reusing existing connection to dpsmap.com:443.
HTTP request sent, awaiting response... 200 OK
Length: unspecified [text/html]
Saving to: ‘dpsmap.com/website-services/index.html’

     0K                                                        62.5M=0s

Last-modified header missing -- time-stamps turned off.
2026-05-13 01:39:05 (62.5 MB/s) - ‘dpsmap.com/website-services/index.html’ saved [198]

--2026-05-13 01:39:05--  https://address.dpsmap.com/login.php
Connecting to address.dpsmap.com (address.dpsmap.com)|104.21.23.243|:443... connected.
HTTP request sent, awaiting response... 200 OK
Length: unspecified [text/html]
Saving to: ‘address.dpsmap.com/login.php.html’

     0K .......... .......... ........                         78.7K=0.4s

Last-modified header missing -- time-stamps turned off.
2026-05-13 01:39:08 (78.7 KB/s) - ‘address.dpsmap.com/login.php.html’ saved [29587]

--2026-05-13 01:39:09--  https://dpsmap.com/industrial/
Connecting to dpsmap.com (dpsmap.com)|172.67.214.179|:443... connected.
HTTP request sent, awaiting response... 200 OK
Length: unspecified [text/html]
Saving to: ‘dpsmap.com/industrial/index.html’

     0K .......... .......... .......... .......... .......... 95.9K
    50K .......... .......... .......... ...                    352K=0.6s

Last-modified header missing -- time-stamps turned off.
2026-05-13 01:39:12 (135 KB/s) - ‘dpsmap.com/industrial/index.html’ saved [85281]

--2026-05-13 01:39:12--  https://dpsmap.com/contact/
Reusing existing connection to dpsmap.com:443.
HTTP request sent, awaiting response... 200 OK
Length: unspecified [text/html]
Saving to: ‘dpsmap.com/contact/index.html’

     0K                                                        75.7M=0s

Last-modified header missing -- time-stamps turned off.
2026-05-13 01:39:13 (75.7 MB/s) - ‘dpsmap.com/contact/index.html’ saved [189]

--2026-05-13 01:39:13--  https://eshop.dpsmap.com/
Connecting to eshop.dpsmap.com (eshop.dpsmap.com)|104.21.23.243|:443... connected.
HTTP request sent, awaiting response... 200 OK
Length: unspecified [text/html]
Saving to: ‘eshop.dpsmap.com/index.html’

     0K ........                                               21.9K=0.4s

Last-modified header missing -- time-stamps turned off.
2026-05-13 01:39:17 (21.9 KB/s) - ‘eshop.dpsmap.com/index.html’ saved [8934]

--2026-05-13 01:39:17--  https://dpsmap.com/printing-services/
Connecting to dpsmap.com (dpsmap.com)|172.67.214.179|:443... connected.
HTTP request sent, awaiting response... 200 OK
Length: unspecified [text/html]
Saving to: ‘dpsmap.com/printing-services/index.html’

     0K                                                        63.1M=0s

Last-modified header missing -- time-stamps turned off.
2026-05-13 01:39:20 (63.1 MB/s) - ‘dpsmap.com/printing-services/index.html’ saved [199]

--2026-05-13 01:39:20--  https://dpsmap.com/pages/about-us/images/satellite.jpg
Reusing existing connection to dpsmap.com:443.
HTTP request sent, awaiting response... 404 Not Found
2026-05-13 01:39:21 ERROR 404: Not Found.

--2026-05-13 01:39:21--  https://dpsmap.com/assets/images/crop%20ygn.jpg
Reusing existing connection to dpsmap.com:443.
HTTP request sent, awaiting response... 200 OK
Length: unspecified [image/jpeg]
Saving to: ‘dpsmap.com/assets/images/crop ygn.jpg’

     0K .......... .......... .......... .......... .......... 92.0K
    50K .......... .......... .......... .......... ..........  183K
   100K .......... .......... .......... .......... .......... 5.69M
   150K .......... .......... .......... .....                  210K=1.0s

2026-05-13 01:39:23 (187 KB/s) - ‘dpsmap.com/assets/images/crop ygn.jpg’ saved [189755]

--2026-05-13 01:39:23--  https://dpsmap.com/assets/images/mapillary.png
Reusing existing connection to dpsmap.com:443.
HTTP request sent, awaiting response... 200 OK
Length: unspecified [image/png]
Saving to: ‘dpsmap.com/assets/images/mapillary.png’

     0K .......... .......... .......... .......... ..........  184K
    50K .......... .......... .......... .......... .......... 6.67M
   100K .......... .......... .......... .......... ..........  192K
   150K .......... .......... .......... .......... .......... 3.25M
   200K .......... .......... .......... .......... ..........  190K
   250K .......... .......... .......... .......... .......... 3.73M
   300K .......... .......... .......... .......... .......... 1.58M
   350K .......... .......... .......... .......... .......... 1.99M
   400K .......... .......... .......... .......... ..........  248K
   450K .......... .......... .......... .......... .......... 5.46M
   500K .......... .......... .......... .......... ..........  368K
   550K .......... .......... .......... .......... ..........  190K
   600K .......... .......... .......... .......... .......... 6.21M
   650K .......... .......... .......... .......... ..........  189K
   700K .......... .......... .......... .......... ..........  186K
   750K .......... .......... .......... .......... .......... 6.84M
   800K .......... .......... .......... .......... ..........  185K
   850K .......... .......... .......... .......... .......... 2.16M
   900K .......... .......... .......... .......... .......... 1.88M
   950K .......... .......... .......... .......... ..........  205K
  1000K .......... .......... .......... .......... ..........  286K
  1050K .......... .......... .......... .......... ..........  515K
  1100K .......... .......... .......... .......... .......... 1.80M
  1150K .......... .......... .......... .......... .......... 1.69M
  1200K .......... .......... .......... .......... .......... 1.95M
  1250K .......... .......... .......... .......... ..........  207K
  1300K .......... .......... .......... .......... ..........  189K
  1350K .......... .......... .......... .......... .......... 7.34M
  1400K .......... .......... .......... .......... .......... 2.59M
  1450K .......... .......... .......... .......... .......... 1.63M
  1500K .......... .......... .......... .......... .......... 1.76M
  1550K .......... .......... .......... .......... ..........  957K
  1600K .......... .......... .......... .......... .......... 1.04M
  1650K .......... .......... .......... .......... .......... 3.89M
  1700K .......... .......... .......... .......... ..........  188K
  1750K .......... .......... .......... .......... .......... 4.31M
  1800K .......... .......... .......... .......... ..........  187K
  1850K .......... .......... .......... .......... .......... 6.77M
  1900K .......... .......... .......... .......... ..........  186K
  1950K .......... .......... .......... .......... ..........  186K
  2000K .......... .......... .......... .......... .......... 6.78M
  2050K .......... .......... .......... .......... .......... 2.56M
  2100K .......... .......... .......... .......... .......... 1.41M
  2150K .......... .......... .......... .......... .......... 1.20M
  2200K .......... .......... .......... .......... .......... 1.86M
  2250K .......... .......... .......... .......... ..........  386K
  2300K .......... .......... .......... .......... ..........  636K
  2350K .......... .......... .......... .......... ..........  217K
  2400K .......... .......... .......... .......... .......... 8.08M
  2450K .......... .......... .......... .......... ..........  184K
  2500K .......... .......... .......... .......... ..........  188K
  2550K .......... .......... .......... .......... .......... 7.07M
  2600K .......... .......... .......... .......... .......... 1.66M
  2650K .......... .......... .......... .......... .......... 1.92M
  2700K .......... .......... .......... ....                   161K=6.1s

2026-05-13 01:39:30 (446 KB/s) - ‘dpsmap.com/assets/images/mapillary.png’ saved [2800458]

--2026-05-13 01:39:30--  https://dpsmap.com/valuedclients/tomtom.php
Reusing existing connection to dpsmap.com:443.
HTTP request sent, awaiting response... 200 OK
Length: unspecified [text/html]
Saving to: ‘dpsmap.com/valuedclients/tomtom.php.html’

     0K .......... .......... .......... .......... ........    142K=0.3s

Last-modified header missing -- time-stamps turned off.
2026-05-13 01:39:31 (142 KB/s) - ‘dpsmap.com/valuedclients/tomtom.php.html’ saved [49834]

--2026-05-13 01:39:32--  https://dpsmap.com/assets/images/about-us/tomtom.png
Reusing existing connection to dpsmap.com:443.
HTTP request sent, awaiting response... 200 OK
Length: unspecified [image/png]
Saving to: ‘dpsmap.com/assets/images/about-us/tomtom.png’

     0K .......... .......... .......... .                     90.7K=0.3s

2026-05-13 01:39:33 (90.7 KB/s) - ‘dpsmap.com/assets/images/about-us/tomtom.png’ saved [32105]

--2026-05-13 01:39:33--  https://dpsmap.com/valuedclients/here.php
Reusing existing connection to dpsmap.com:443.
HTTP request sent, awaiting response... 200 OK
Length: unspecified [text/html]
Saving to: ‘dpsmap.com/valuedclients/here.php.html’

     0K .......... .......... .......... .......... .......     175K=0.3s

Last-modified header missing -- time-stamps turned off.
2026-05-13 01:39:34 (175 KB/s) - ‘dpsmap.com/valuedclients/here.php.html’ saved [48434]

--2026-05-13 01:39:34--  https://dpsmap.com/assets/images/about-us/here.png
Reusing existing connection to dpsmap.com:443.
HTTP request sent, awaiting response... 200 OK
Length: unspecified [image/png]
Saving to: ‘dpsmap.com/assets/images/about-us/here.png’

     0K .......... .....                                        160M=0s

2026-05-13 01:39:35 (160 MB/s) - ‘dpsmap.com/assets/images/about-us/here.png’ saved [16194]

--2026-05-13 01:39:36--  https://dpsmap.com/valuedclients/esri.php
Reusing existing connection to dpsmap.com:443.
HTTP request sent, awaiting response... 200 OK
Length: unspecified [text/html]
Saving to: ‘dpsmap.com/valuedclients/esri.php.html’

     0K .......... .......... .......... .......... ........    108K=0.4s

Last-modified header missing -- time-stamps turned off.
2026-05-13 01:39:37 (108 KB/s) - ‘dpsmap.com/valuedclients/esri.php.html’ saved [49738]

--2026-05-13 01:39:37--  https://dpsmap.com/assets/images/about-us/esri.png
Reusing existing connection to dpsmap.com:443.
HTTP request sent, awaiting response... 200 OK
Length: unspecified [image/png]
Saving to: ‘dpsmap.com/assets/images/about-us/esri.png’

     0K .......... ......                                       192K=0.09s

2026-05-13 01:39:39 (192 KB/s) - ‘dpsmap.com/assets/images/about-us/esri.png’ saved [16976]

--2026-05-13 01:39:39--  https://dpsmap.com/valuedclients/grab.php
Reusing existing connection to dpsmap.com:443.
HTTP request sent, awaiting response... 200 OK
Length: unspecified [text/html]
Saving to: ‘dpsmap.com/valuedclients/grab.php.html’

     0K .......... .......... .......... .......... ......      105K=0.4s

Last-modified header missing -- time-stamps turned off.
2026-05-13 01:39:40 (105 KB/s) - ‘dpsmap.com/valuedclients/grab.php.html’ saved [47817]

--2026-05-13 01:39:40--  https://dpsmap.com/assets/images/about-us/grab.png
Reusing existing connection to dpsmap.com:443.
HTTP request sent, awaiting response... 200 OK
Length: unspecified [image/png]
Saving to: ‘dpsmap.com/assets/images/about-us/grab.png’

     0K .......... ...                                          282M=0s

2026-05-13 01:39:42 (282 MB/s) - ‘dpsmap.com/assets/images/about-us/grab.png’ saved [13934]

--2026-05-13 01:39:42--  https://dpsmap.com/valuedclients/unilever.php
Reusing existing connection to dpsmap.com:443.
HTTP request sent, awaiting response... 200 OK
Length: unspecified [text/html]
Saving to: ‘dpsmap.com/valuedclients/unilever.php.html’

     0K .......... .......... .......... .......... ......      103K=0.4s

Last-modified header missing -- time-stamps turned off.
2026-05-13 01:39:43 (103 KB/s) - ‘dpsmap.com/valuedclients/unilever.php.html’ saved [47204]

--2026-05-13 01:39:43--  https://dpsmap.com/assets/images/about-us/unileverlogo.png
Reusing existing connection to dpsmap.com:443.
HTTP request sent, awaiting response... 200 OK
Length: unspecified [image/png]
Saving to: ‘dpsmap.com/assets/images/about-us/unileverlogo.png’

     0K .......... .......... .......... .......... ..........  112K
    50K ..                                                     4.56T=0.4s

2026-05-13 01:39:45 (117 KB/s) - ‘dpsmap.com/assets/images/about-us/unileverlogo.png’ saved [53705]

--2026-05-13 01:39:45--  https://dpsmap.com/valuedclients/redcross.php
Reusing existing connection to dpsmap.com:443.
HTTP request sent, awaiting response... 200 OK
Length: unspecified [text/html]
Saving to: ‘dpsmap.com/valuedclients/redcross.php.html’

     0K .......... .......... .......... .......... ........    109K=0.4s

Last-modified header missing -- time-stamps turned off.
2026-05-13 01:39:47 (109 KB/s) - ‘dpsmap.com/valuedclients/redcross.php.html’ saved [50071]

--2026-05-13 01:39:47--  https://dpsmap.com/assets/images/about-us/redcrosslogo.png
Reusing existing connection to dpsmap.com:443.
HTTP request sent, awaiting response... 200 OK
Length: unspecified [image/png]
Saving to: ‘dpsmap.com/assets/images/about-us/redcrosslogo.png’

     0K .......... ......                                       195K=0.09s

2026-05-13 01:39:48 (195 KB/s) - ‘dpsmap.com/assets/images/about-us/redcrosslogo.png’ saved [17266]

--2026-05-13 01:39:48--  https://dpsmap.com/assets/images/about-us/valueclients.jpg
Reusing existing connection to dpsmap.com:443.
HTTP request sent, awaiting response... 200 OK
Length: unspecified [image/jpeg]
Saving to: ‘dpsmap.com/assets/images/about-us/valueclients.jpg’

     0K .......... .......... .......... .......... ..........  183K
    50K .......... .......... .......... .......... ..........  186K
   100K .......... .......... .......... .......... .......... 2.48M
   150K .......... .......... .......... .......... ..........  186K
   200K .......... .......... .......... .......... .......     317K=1.0s

2026-05-13 01:39:50 (253 KB/s) - ‘dpsmap.com/assets/images/about-us/valueclients.jpg’ saved [253634]

--2026-05-13 01:39:50--  https://dpsmap.com/assets/images/web-hosting/digitalocean.png
Reusing existing connection to dpsmap.com:443.
HTTP request sent, awaiting response... 200 OK
Length: unspecified [image/png]
Saving to: ‘dpsmap.com/assets/images/web-hosting/digitalocean.png’

     0K .........                                               300M=0s

2026-05-13 01:39:51 (300 MB/s) - ‘dpsmap.com/assets/images/web-hosting/digitalocean.png’ saved [10215]

--2026-05-13 01:39:52--  https://dpsmap.com/assets/images/web-hosting/godaddy.png
Reusing existing connection to dpsmap.com:443.
HTTP request sent, awaiting response... 200 OK
Length: unspecified [image/png]
Saving to: ‘dpsmap.com/assets/images/web-hosting/godaddy.png’

     0K .......... ......                                       194K=0.09s

2026-05-13 01:39:53 (194 KB/s) - ‘dpsmap.com/assets/images/web-hosting/godaddy.png’ saved [17213]

--2026-05-13 01:39:53--  https://dpsmap.com/assets/images/web-hosting/html5.png
Reusing existing connection to dpsmap.com:443.
HTTP request sent, awaiting response... 200 OK
Length: unspecified [image/png]
Saving to: ‘dpsmap.com/assets/images/web-hosting/html5.png’

     0K ...                                                    1.15G=0s

2026-05-13 01:39:54 (1.15 GB/s) - ‘dpsmap.com/assets/images/web-hosting/html5.png’ saved [3198]

--2026-05-13 01:39:54--  https://dpsmap.com/assets/images/web-hosting/css3.png
Reusing existing connection to dpsmap.com:443.
HTTP request sent, awaiting response... 200 OK
Length: unspecified [image/png]
Saving to: ‘dpsmap.com/assets/images/web-hosting/css3.png’

     0K .........                                               291M=0s

2026-05-13 01:39:55 (291 MB/s) - ‘dpsmap.com/assets/images/web-hosting/css3.png’ saved [10072]

--2026-05-13 01:39:55--  https://dpsmap.com/assets/images/web-hosting/JavaScript.png
Reusing existing connection to dpsmap.com:443.
HTTP request sent, awaiting response... 200 OK
Length: unspecified [image/png]
Saving to: ‘dpsmap.com/assets/images/web-hosting/JavaScript.png’

     0K ..........                                              210M=0s

2026-05-13 01:39:57 (210 MB/s) - ‘dpsmap.com/assets/images/web-hosting/JavaScript.png’ saved [10394]

--2026-05-13 01:39:57--  https://dpsmap.com/assets/images/web-hosting/php.png
Reusing existing connection to dpsmap.com:443.
HTTP request sent, awaiting response... 200 OK
Length: unspecified [image/png]
Saving to: ‘dpsmap.com/assets/images/web-hosting/php.png’

     0K .........                                               250M=0s

2026-05-13 01:39:58 (250 MB/s) - ‘dpsmap.com/assets/images/web-hosting/php.png’ saved [9409]

--2026-05-13 01:39:58--  https://dpsmap.com/assets/images/web-hosting/nodejs.png
Reusing existing connection to dpsmap.com:443.
HTTP request sent, awaiting response... 200 OK
Length: unspecified [image/png]
Saving to: ‘dpsmap.com/assets/images/web-hosting/nodejs.png’

     0K ......                                                 2.05G=0s

2026-05-13 01:39:59 (2.05 GB/s) - ‘dpsmap.com/assets/images/web-hosting/nodejs.png’ saved [6293]

--2026-05-13 01:39:59--  https://dpsmap.com/assets/images/web-hosting/bootstrap.png
Reusing existing connection to dpsmap.com:443.
HTTP request sent, awaiting response... 200 OK
Length: unspecified [image/png]
Saving to: ‘dpsmap.com/assets/images/web-hosting/bootstrap.png’

     0K .......... .......... .......... .                      472K=0.07s

2026-05-13 01:40:01 (472 KB/s) - ‘dpsmap.com/assets/images/web-hosting/bootstrap.png’ saved [32451]

--2026-05-13 01:40:01--  https://dpsmap.com/assets/images/web-hosting/django.png
Reusing existing connection to dpsmap.com:443.
HTTP request sent, awaiting response... 200 OK
Length: unspecified [image/png]
Saving to: ‘dpsmap.com/assets/images/web-hosting/django.png’

     0K .......... .                                            296M=0s

2026-05-13 01:40:02 (296 MB/s) - ‘dpsmap.com/assets/images/web-hosting/django.png’ saved [12208]

--2026-05-13 01:40:02--  https://dpsmap.com/assets/images/web-hosting/fetchapi.png
Reusing existing connection to dpsmap.com:443.
HTTP request sent, awaiting response... 200 OK
Length: unspecified [image/png]
Saving to: ‘dpsmap.com/assets/images/web-hosting/fetchapi.png’

     0K .......... .......... ...                               266K=0.09s

2026-05-13 01:40:03 (266 KB/s) - ‘dpsmap.com/assets/images/web-hosting/fetchapi.png’ saved [23755]

--2026-05-13 01:40:03--  https://dpsmap.com/assets/images/web-hosting/jquery.jpg
Reusing existing connection to dpsmap.com:443.
HTTP request sent, awaiting response... 200 OK
Length: unspecified [image/jpeg]
Saving to: ‘dpsmap.com/assets/images/web-hosting/jquery.jpg’

     0K .......... .......... ...                               263K=0.09s

2026-05-13 01:40:05 (263 KB/s) - ‘dpsmap.com/assets/images/web-hosting/jquery.jpg’ saved [23747]

--2026-05-13 01:40:05--  https://dpsmap.com/assets/images/web-hosting/laravel.png
Reusing existing connection to dpsmap.com:443.
HTTP request sent, awaiting response... 200 OK
Length: unspecified [image/png]
Saving to: ‘dpsmap.com/assets/images/web-hosting/laravel.png’

     0K .......... .......... .......                           323K=0.09s

2026-05-13 01:40:06 (323 KB/s) - ‘dpsmap.com/assets/images/web-hosting/laravel.png’ saved [28429]

--2026-05-13 01:40:06--  https://dpsmap.com/assets/images/web-hosting/mongodb.jpg
Reusing existing connection to dpsmap.com:443.
HTTP request sent, awaiting response... 200 OK
Length: unspecified [image/jpeg]
Saving to: ‘dpsmap.com/assets/images/web-hosting/mongodb.jpg’

     0K .......... .......... .......... .....                  412K=0.09s

2026-05-13 01:40:07 (412 KB/s) - ‘dpsmap.com/assets/images/web-hosting/mongodb.jpg’ saved [36032]

--2026-05-13 01:40:07--  https://dpsmap.com/assets/images/web-hosting/nginx.png
Reusing existing connection to dpsmap.com:443.
HTTP request sent, awaiting response... 200 OK
Length: unspecified [image/png]
Saving to: ‘dpsmap.com/assets/images/web-hosting/nginx.png’

     0K ....                                                   1.58G=0s

2026-05-13 01:40:08 (1.58 GB/s) - ‘dpsmap.com/assets/images/web-hosting/nginx.png’ saved [5009]

--2026-05-13 01:40:09--  https://dpsmap.com/assets/images/web-hosting/zoho.png
Reusing existing connection to dpsmap.com:443.
HTTP request sent, awaiting response... 200 OK
Length: unspecified [image/png]
Saving to: ‘dpsmap.com/assets/images/web-hosting/zoho.png’

     0K .......... .....                                        408M=0s

2026-05-13 01:40:10 (408 MB/s) - ‘dpsmap.com/assets/images/web-hosting/zoho.png’ saved [15585]

--2026-05-13 01:40:10--  https://dpsmap.com/assets/images/web-hosting/wordpress.png
Reusing existing connection to dpsmap.com:443.
HTTP request sent, awaiting response... 200 OK
Length: unspecified [image/png]
Saving to: ‘dpsmap.com/assets/images/web-hosting/wordpress.png’

     0K ........                                                124M=0s

2026-05-13 01:40:11 (124 MB/s) - ‘dpsmap.com/assets/images/web-hosting/wordpress.png’ saved [8645]

--2026-05-13 01:40:11--  https://dpsmap.com/assets/images/web-hosting/wix.png
Reusing existing connection to dpsmap.com:443.
HTTP request sent, awaiting response... 200 OK
Length: unspecified [image/png]
Saving to: ‘dpsmap.com/assets/images/web-hosting/wix.png’

     0K .......... .                                            304M=0s

2026-05-13 01:40:12 (304 MB/s) - ‘dpsmap.com/assets/images/web-hosting/wix.png’ saved [11299]

--2026-05-13 01:40:12--  https://dpsmap.com/assets/images/web-hosting/shopify.png
Reusing existing connection to dpsmap.com:443.
HTTP request sent, awaiting response... 200 OK
Length: unspecified [image/png]
Saving to: ‘dpsmap.com/assets/images/web-hosting/shopify.png’

     0K .......... ....                                         375M=0s

2026-05-13 01:40:14 (375 MB/s) - ‘dpsmap.com/assets/images/web-hosting/shopify.png’ saved [14990]

--2026-05-13 01:40:14--  https://dpsmap.com/assets/images/web-hosting/woocommerce.png
Reusing existing connection to dpsmap.com:443.
HTTP request sent, awaiting response... 200 OK
Length: unspecified [image/png]
Saving to: ‘dpsmap.com/assets/images/web-hosting/woocommerce.png’

     0K .....                                                  2.14G=0s

2026-05-13 01:40:15 (2.14 GB/s) - ‘dpsmap.com/assets/images/web-hosting/woocommerce.png’ saved [5550]

--2026-05-13 01:40:15--  https://dpsmap.com/assets/images/web-hosting/HubSpot.jpg
Reusing existing connection to dpsmap.com:443.
HTTP request sent, awaiting response... 200 OK
Length: unspecified [image/jpeg]
Saving to: ‘dpsmap.com/assets/images/web-hosting/HubSpot.jpg’

     0K .......... .......... .......... .......... ..........  111K
    50K ....                                                   8.15T=0.4s

2026-05-13 01:40:16 (121 KB/s) - ‘dpsmap.com/assets/images/web-hosting/HubSpot.jpg’ saved [55680]

--2026-05-13 01:40:17--  https://dpsmap.com/assets/images/web-hosting/logo_gs_chart.png
Reusing existing connection to dpsmap.com:443.
HTTP request sent, awaiting response... 200 OK
Length: unspecified [image/png]
Saving to: ‘dpsmap.com/assets/images/web-hosting/logo_gs_chart.png’

     0K ..........                                              195M=0s

2026-05-13 01:40:18 (195 MB/s) - ‘dpsmap.com/assets/images/web-hosting/logo_gs_chart.png’ saved [10865]

--2026-05-13 01:40:18--  https://dpsmap.com/assets/images/gis-tech/arcgis.png
Reusing existing connection to dpsmap.com:443.
HTTP request sent, awaiting response... 200 OK
Length: unspecified [image/png]
Saving to: ‘dpsmap.com/assets/images/gis-tech/arcgis.png’

     0K ....                                                   1.03G=0s

2026-05-13 01:40:19 (1.03 GB/s) - ‘dpsmap.com/assets/images/gis-tech/arcgis.png’ saved [4236]

--2026-05-13 01:40:19--  https://dpsmap.com/assets/images/gis-tech/global.jpeg
Reusing existing connection to dpsmap.com:443.
HTTP request sent, awaiting response... 200 OK
Length: unspecified [image/jpeg]
Saving to: ‘dpsmap.com/assets/images/gis-tech/global.jpeg’

     0K ...                                                    1.85G=0s

2026-05-13 01:40:20 (1.85 GB/s) - ‘dpsmap.com/assets/images/gis-tech/global.jpeg’ saved [4074]

--2026-05-13 01:40:21--  https://dpsmap.com/assets/images/gis-tech/google_earth-pro.png
Reusing existing connection to dpsmap.com:443.
HTTP request sent, awaiting response... 200 OK
Length: unspecified [image/png]
Saving to: ‘dpsmap.com/assets/images/gis-tech/google_earth-pro.png’

     0K .......... .......... ....                              306K=0.08s

2026-05-13 01:40:22 (306 KB/s) - ‘dpsmap.com/assets/images/gis-tech/google_earth-pro.png’ saved [25597]

--2026-05-13 01:40:22--  https://dpsmap.com/assets/images/gis-tech/goolgemap.png
Reusing existing connection to dpsmap.com:443.
HTTP request sent, awaiting response... 200 OK
Length: unspecified [image/png]
Saving to: ‘dpsmap.com/assets/images/gis-tech/goolgemap.png’

     0K ....                                                   1.57G=0s

2026-05-13 01:40:23 (1.57 GB/s) - ‘dpsmap.com/assets/images/gis-tech/goolgemap.png’ saved [4736]

--2026-05-13 01:40:23--  https://dpsmap.com/assets/images/gis-tech/osm.jpeg
Reusing existing connection to dpsmap.com:443.
HTTP request sent, awaiting response... 200 OK
Length: unspecified [image/jpeg]
Saving to: ‘dpsmap.com/assets/images/gis-tech/osm.jpeg’

     0K ....                                                   1.90G=0s

2026-05-13 01:40:24 (1.90 GB/s) - ‘dpsmap.com/assets/images/gis-tech/osm.jpeg’ saved [4178]

--2026-05-13 01:40:24--  https://dpsmap.com/assets/images/gis-tech/qgis.png
Reusing existing connection to dpsmap.com:443.
HTTP request sent, awaiting response... 200 OK
Length: unspecified [image/png]
Saving to: ‘dpsmap.com/assets/images/gis-tech/qgis.png’

     0K ...                                                    1.64G=0s

2026-05-13 01:40:25 (1.64 GB/s) - ‘dpsmap.com/assets/images/gis-tech/qgis.png’ saved [3925]

--2026-05-13 01:40:26--  https://dpsmap.com/pages/about-us/leaflet.html
Reusing existing connection to dpsmap.com:443.
HTTP request sent, awaiting response... 200 OK
Length: unspecified [text/html]
Saving to: ‘dpsmap.com/pages/about-us/leaflet.html’

     0K ..........                                              222M=0s

2026-05-13 01:40:27 (222 MB/s) - ‘dpsmap.com/pages/about-us/leaflet.html’ saved [11192]

--2026-05-13 01:40:27--  https://dpsmap.com/assets/images/gis-tech/adobe-indesign.png
Reusing existing connection to dpsmap.com:443.
HTTP request sent, awaiting response... 200 OK
Length: unspecified [image/png]
Saving to: ‘dpsmap.com/assets/images/gis-tech/adobe-indesign.png’

     0K .......... .                                            182M=0s

2026-05-13 01:40:28 (182 MB/s) - ‘dpsmap.com/assets/images/gis-tech/adobe-indesign.png’ saved [11954]

--2026-05-13 01:40:28--  https://dpsmap.com/assets/images/gis-tech/adobe_illustrator.png
Reusing existing connection to dpsmap.com:443.
HTTP request sent, awaiting response... 200 OK
Length: unspecified [image/png]
Saving to: ‘dpsmap.com/assets/images/gis-tech/adobe_illustrator.png’

     0K .......... ...                                          239M=0s

2026-05-13 01:40:29 (239 MB/s) - ‘dpsmap.com/assets/images/gis-tech/adobe_illustrator.png’ saved [13807]

--2026-05-13 01:40:30--  https://dpsmap.com/assets/images/gis-tech/adobe_photoshop.png
Reusing existing connection to dpsmap.com:443.
HTTP request sent, awaiting response... 200 OK
Length: unspecified [image/png]
Saving to: ‘dpsmap.com/assets/images/gis-tech/adobe_photoshop.png’

     0K .......... .....                                        188K=0.08s

2026-05-13 01:40:31 (188 KB/s) - ‘dpsmap.com/assets/images/gis-tech/adobe_photoshop.png’ saved [16381]

--2026-05-13 01:40:31--  https://dpsmap.com/pyinoolwin/
Reusing existing connection to dpsmap.com:443.
HTTP request sent, awaiting response... Read error (Connection timed out) in headers.
Retrying.

--2026-05-13 01:40:52--  (try: 2)  https://dpsmap.com/pyinoolwin/
Connecting to dpsmap.com (dpsmap.com)|172.67.214.179|:443... connected.
HTTP request sent, awaiting response... 200 OK
Length: unspecified [text/html]
Saving to: ‘dpsmap.com/pyinoolwin/index.html’

     0K                                                        73.6M=0s

Last-modified header missing -- time-stamps turned off.
2026-05-13 01:40:57 (73.6 MB/s) - ‘dpsmap.com/pyinoolwin/index.html’ saved [192]

--2026-05-13 01:40:58--  https://dpsmap.com/amarapura/
Reusing existing connection to dpsmap.com:443.
HTTP request sent, awaiting response... 200 OK
Length: unspecified [text/html]
Saving to: ‘dpsmap.com/amarapura/index.html’

     0K .......... .......... .......... .......... .......... 83.1M
    50K .                                                       102M=0.001s

Last-modified header missing -- time-stamps turned off.
2026-05-13 01:40:58 (83.6 MB/s) - ‘dpsmap.com/amarapura/index.html’ saved [52969]

--2026-05-13 01:40:58--  https://dpsmap.com/sittwe/
Reusing existing connection to dpsmap.com:443.
HTTP request sent, awaiting response... 200 OK
Length: unspecified [text/html]
Saving to: ‘dpsmap.com/sittwe/index.html’

     0K                                                         125M=0s

Last-modified header missing -- time-stamps turned off.
2026-05-13 01:40:58 (125 MB/s) - ‘dpsmap.com/sittwe/index.html’ saved [188]

--2026-05-13 01:40:58--  https://dpsmap.com/map/
Reusing existing connection to dpsmap.com:443.
HTTP request sent, awaiting response... 200 OK
Length: unspecified [text/html]
Saving to: ‘dpsmap.com/map/index.html’

     0K                                                        78.1M=0s

Last-modified header missing -- time-stamps turned off.
2026-05-13 01:40:58 (78.1 MB/s) - ‘dpsmap.com/map/index.html’ saved [185]

--2026-05-13 01:40:59--  https://dpsmap.com/mon/
Reusing existing connection to dpsmap.com:443.
HTTP request sent, awaiting response... 200 OK
Length: unspecified [text/html]
Saving to: ‘dpsmap.com/mon/index.html’

     0K .......... .......... .......... .......... ..........  299M
    50K .                                                      3.15T=0s

Last-modified header missing -- time-stamps turned off.
2026-05-13 01:40:59 (309 MB/s) - ‘dpsmap.com/mon/index.html’ saved [52934]

--2026-05-13 01:40:59--  https://dpsmap.com/touristmap/
Reusing existing connection to dpsmap.com:443.
HTTP request sent, awaiting response... 200 OK
Length: unspecified [text/html]
Saving to: ‘dpsmap.com/touristmap/index.html’

     0K .......... .......... .......... .......... ..........  159M
    50K .......... .......... .......... .......... ........    369M=0s

Last-modified header missing -- time-stamps turned off.
2026-05-13 01:40:59 (220 MB/s) - ‘dpsmap.com/touristmap/index.html’ saved [100464]

--2026-05-13 01:41:00--  https://dpsmap.com/kachin/
Reusing existing connection to dpsmap.com:443.
HTTP request sent, awaiting response... 200 OK
Length: unspecified [text/html]
Saving to: ‘dpsmap.com/kachin/index.html’

     0K .......... .......... .......... .......... ..........  405M
    50K .                                                      1.89T=0s

Last-modified header missing -- time-stamps turned off.
2026-05-13 01:41:00 (414 MB/s) - ‘dpsmap.com/kachin/index.html’ saved [52237]

--2026-05-13 01:41:00--  https://dpsmap.com/kayah/
Reusing existing connection to dpsmap.com:443.
HTTP request sent, awaiting response... 200 OK
Length: unspecified [text/html]
Saving to: ‘dpsmap.com/kayah/index.html’

     0K .......... .......... .......... .......... ..........  461M
    50K .                                                      3.42T=0s

Last-modified header missing -- time-stamps turned off.
2026-05-13 01:41:00 (478 MB/s) - ‘dpsmap.com/kayah/index.html’ saved [53081]

--2026-05-13 01:41:00--  https://dpsmap.com/shan/
Reusing existing connection to dpsmap.com:443.
HTTP request sent, awaiting response... 200 OK
Length: unspecified [text/html]
Saving to: ‘dpsmap.com/shan/index.html’

     0K .......... .......... .......... .......... ..........  293M
    50K .                                                      2.11T=0s

Last-modified header missing -- time-stamps turned off.
2026-05-13 01:41:00 (300 MB/s) - ‘dpsmap.com/shan/index.html’ saved [52358]

--2026-05-13 01:41:00--  https://dpsmap.com/mrauku/
Reusing existing connection to dpsmap.com:443.
HTTP request sent, awaiting response... 200 OK
Length: unspecified [text/html]
Saving to: ‘dpsmap.com/mrauku/index.html’

     0K                                                         118M=0s

Last-modified header missing -- time-stamps turned off.
2026-05-13 01:41:01 (118 MB/s) - ‘dpsmap.com/mrauku/index.html’ saved [188]

--2026-05-13 01:41:01--  https://dpsmap.com/mawlamying/
Reusing existing connection to dpsmap.com:443.
HTTP request sent, awaiting response... 200 OK
Length: unspecified [text/html]
Saving to: ‘dpsmap.com/mawlamying/index.html’

     0K .......... .......... .......... .......... ........    321M=0s

Last-modified header missing -- time-stamps turned off.
2026-05-13 01:41:01 (321 MB/s) - ‘dpsmap.com/mawlamying/index.html’ saved [49185]

--2026-05-13 01:41:01--  https://dpsmap.com/inlay/
Reusing existing connection to dpsmap.com:443.
HTTP request sent, awaiting response... 200 OK
Length: unspecified [text/html]
Saving to: ‘dpsmap.com/inlay/index.html’

     0K .......... .......... .......... .......... ..........  438M
    50K ..                                                     4.07T=0s

Last-modified header missing -- time-stamps turned off.
2026-05-13 01:41:01 (457 MB/s) - ‘dpsmap.com/inlay/index.html’ saved [53438]

--2026-05-13 01:41:02--  https://dpsmap.com/kyaiktiyo/
Reusing existing connection to dpsmap.com:443.
HTTP request sent, awaiting response... 200 OK
Length: unspecified [text/html]
Saving to: ‘dpsmap.com/kyaiktiyo/index.html’

     0K .......... .......... .......... .......... ..........  387M
    50K ...                                                    6.02T=0s

Last-modified header missing -- time-stamps turned off.
2026-05-13 01:41:02 (412 MB/s) - ‘dpsmap.com/kyaiktiyo/index.html’ saved [54511]

--2026-05-13 01:41:02--  https://dpsmap.com/magway/
Reusing existing connection to dpsmap.com:443.
HTTP request sent, awaiting response... 200 OK
Length: unspecified [text/html]
Saving to: ‘dpsmap.com/magway/index.html’

     0K .......... .......... .......... .......... ..........  165M
    50K                                                        1.55T=0s

Last-modified header missing -- time-stamps turned off.
2026-05-13 01:41:02 (168 MB/s) - ‘dpsmap.com/magway/index.html’ saved [52052]

--2026-05-13 01:41:02--  https://dpsmap.com/rakhine/
Reusing existing connection to dpsmap.com:443.
HTTP request sent, awaiting response... 200 OK
Length: unspecified [text/html]
Saving to: ‘dpsmap.com/rakhine/index.html’

     0K .......... .......... .......... .......... ..........  396M
    50K .                                                      2.99T=0s

Last-modified header missing -- time-stamps turned off.
2026-05-13 01:41:03 (409 MB/s) - ‘dpsmap.com/rakhine/index.html’ saved [52846]

--2026-05-13 01:41:03--  https://dpsmap.com/ayeyarwaddy/
Reusing existing connection to dpsmap.com:443.
HTTP request sent, awaiting response... 200 OK
Length: unspecified [text/html]
Saving to: ‘dpsmap.com/ayeyarwaddy/index.html’

     0K                                                        99.2M=0s

Last-modified header missing -- time-stamps turned off.
2026-05-13 01:41:03 (99.2 MB/s) - ‘dpsmap.com/ayeyarwaddy/index.html’ saved [193]

--2026-05-13 01:41:03--  https://dpsmap.com/chin/
Reusing existing connection to dpsmap.com:443.
HTTP request sent, awaiting response... 200 OK
Length: unspecified [text/html]
Saving to: ‘dpsmap.com/chin/index.html’

     0K .......... .......... .......... .......... ..........  357M
    50K .                                                      2.36T=0s

Last-modified header missing -- time-stamps turned off.
2026-05-13 01:41:03 (366 MB/s) - ‘dpsmap.com/chin/index.html’ saved [52499]

--2026-05-13 01:41:04--  https://dpsmap.com/sagaing/
Reusing existing connection to dpsmap.com:443.
HTTP request sent, awaiting response... 200 OK
Length: unspecified [text/html]
Saving to: ‘dpsmap.com/sagaing/index.html’

     0K                                                         116M=0s

Last-modified header missing -- time-stamps turned off.
2026-05-13 01:41:04 (116 MB/s) - ‘dpsmap.com/sagaing/index.html’ saved [189]

--2026-05-13 01:41:04--  https://dpsmap.com/enchantingmyanmar/
Reusing existing connection to dpsmap.com:443.
HTTP request sent, awaiting response... 200 OK
Length: unspecified [text/html]
Saving to: ‘dpsmap.com/enchantingmyanmar/index.html’

     0K                                                         119M=0s

Last-modified header missing -- time-stamps turned off.
2026-05-13 01:41:04 (119 MB/s) - ‘dpsmap.com/enchantingmyanmar/index.html’ saved [199]

--2026-05-13 01:41:04--  https://dpsmap.com/businesslist/
Reusing existing connection to dpsmap.com:443.
HTTP request sent, awaiting response... 200 OK
Length: unspecified [text/html]
Saving to: ‘dpsmap.com/businesslist/index.html’

     0K .......... .......... .......... .......... ..........  483M
    50K                                                        1.52T=0s

Last-modified header missing -- time-stamps turned off.
2026-05-13 01:41:05 (491 MB/s) - ‘dpsmap.com/businesslist/index.html’ saved [52034]

--2026-05-13 01:41:05--  https://dpsmap.com/form105/
Reusing existing connection to dpsmap.com:443.
HTTP request sent, awaiting response... 200 OK
Length: unspecified [text/html]
Saving to: ‘dpsmap.com/form105/index.html’

     0K .......... .......... .......... .......... ..........  435M
    50K .......... ..                                           794M=0s

Last-modified header missing -- time-stamps turned off.
2026-05-13 01:41:05 (479 MB/s) - ‘dpsmap.com/form105/index.html’ saved [64193]

--2026-05-13 01:41:05--  https://dpsmap.com/assets/images/bg-arts/about_map_update.webp
Reusing existing connection to dpsmap.com:443.
HTTP request sent, awaiting response... 200 OK
Length: 144244 (141K) [image/webp]
Saving to: ‘dpsmap.com/assets/images/bg-arts/about_map_update.webp’

     0K .......... .......... .......... .......... .......... 35%  227M 0s
    50K .......... .......... .......... .......... .......... 70%  141M 0s
   100K .......... .......... .......... ..........           100%  152M=0.001s

2026-05-13 01:41:05 (167 MB/s) - ‘dpsmap.com/assets/images/bg-arts/about_map_update.webp’ saved [144244/144244]

--2026-05-13 01:41:05--  https://dpsmap.com/assets/images/OfficalDPS%20QR.png
Reusing existing connection to dpsmap.com:443.
HTTP request sent, awaiting response... 200 OK
Length: unspecified [image/png]
Saving to: ‘dpsmap.com/assets/images/OfficalDPS QR.png’

     0K .......... ..                                           334M=0s

2026-05-13 01:41:06 (334 MB/s) - ‘dpsmap.com/assets/images/OfficalDPS QR.png’ saved [12691]

--2026-05-13 01:41:06--  https://dpsmap.com/populationmap/
Reusing existing connection to dpsmap.com:443.
HTTP request sent, awaiting response... 200 OK
Length: unspecified [text/html]
Saving to: ‘dpsmap.com/populationmap/index.html’

     0K                                                        82.2M=0s

Last-modified header missing -- time-stamps turned off.
2026-05-13 01:41:06 (82.2 MB/s) - ‘dpsmap.com/populationmap/index.html’ saved [195]

--2026-05-13 01:41:06--  https://dpsmap.com/administrative-boundaries/
Reusing existing connection to dpsmap.com:443.
HTTP request sent, awaiting response... 200 OK
Length: unspecified [text/html]
Saving to: ‘dpsmap.com/administrative-boundaries/index.html’

     0K .......... .......... .......... .......... ..........  128M
    50K .......... .......... .......... .......... ..........  481M
   100K .......... .......... .......... .......... ..........  134M
   150K .......... .......                                      505M=0.001s

Last-modified header missing -- time-stamps turned off.
2026-05-13 01:41:06 (186 MB/s) - ‘dpsmap.com/administrative-boundaries/index.html’ saved [171793]

--2026-05-13 01:41:07--  https://dpsmap.com/assets/images/footer.jpg
Reusing existing connection to dpsmap.com:443.
HTTP request sent, awaiting response... 200 OK
Length: unspecified [image/jpeg]
Saving to: ‘dpsmap.com/assets/images/footer.jpg’

     0K .......... .......... .......... .......... ..........  336M
    50K .......... .......... .......                           528M=0s

2026-05-13 01:41:07 (386 MB/s) - ‘dpsmap.com/assets/images/footer.jpg’ saved [79529]

--2026-05-13 01:41:07--  https://dpsmap.com/pages/about-us/data.js
Reusing existing connection to dpsmap.com:443.
HTTP request sent, awaiting response... 200 OK
Length: unspecified [application/javascript]
Saving to: ‘dpsmap.com/pages/about-us/data.js’

     0K .......... ..........                                   345M=0s

2026-05-13 01:41:07 (345 MB/s) - ‘dpsmap.com/pages/about-us/data.js’ saved [21007]

--2026-05-13 01:41:07--  https://dpsmap.com/assets/libs/fontawesome/js/all.min.js
Reusing existing connection to dpsmap.com:443.
HTTP request sent, awaiting response... 200 OK
Length: unspecified [application/javascript]
Saving to: ‘dpsmap.com/assets/libs/fontawesome/js/all.min.js’

     0K .......... .......... .......... .......... ..........  115M
    50K .......... .......... .......... .......... .......... 61.3M
   100K .......... .......... .......... .......... .......... 53.8M
   150K .......... .......... .......... .......... .......... 97.0M
   200K .......... .......... .......... .......... ..........  399M
   250K .......... .......... .......... .......... ..........  107M
   300K .......... .......... .......... .......... .......... 52.8M
   350K .......... .......... .......... .......... .......... 30.9M
   400K .......... .......... .......... .......... ..........  290M
   450K .......... .......... .......... .......... .......... 77.1M
   500K .......... .......... .......... .......... ..........  602M
   550K .......... .......... .......... .......... ..........  180M
   600K .......... .......... .......... .......... ..........  533M
   650K .......... .......... .......... .......... ..........  212M
   700K .......... .......... .......... .......... ..........  238M
   750K .......... .......... .......... .......... .......... 56.0M
   800K .......... .......... .......... .......... ..........  611M
   850K .......... .......... .......... .......... .......... 65.5M
   900K .......... .......... .......... .......... ..........  526M
   950K .......... .......... .......... .......... ..........  122M
  1000K .......... .......... .......... .......... ..........  397M
  1050K .......... .......... .......... .......... ..........  268M
  1100K .......... .......... .......... .......... ..........  320M
  1150K .......... .......... .......... .......... ..........  140M
  1200K .......... .......... .......... .......... ..........  527M
  1250K .......... .......... .......... .......... ..........  342M
  1300K .......... .......... .......... .......... ..........  169M
  1350K .......... .......... .......... .......... ..........  110M
  1400K .......... .......... .......... .......... ..........  110M
  1450K .......... .......... .......... .......... ..........  199M
  1500K .......... .......... .......... .......... ..........  173M
  1550K .......... .......... .......... .......... ..........  120M
  1600K .......... .......... .......... .......... ..........  222M
  1650K .......... .......... .......... ......                 503M=0.01s

2026-05-13 01:41:07 (126 MB/s) - ‘dpsmap.com/assets/libs/fontawesome/js/all.min.js’ saved [1726697]

--2026-05-13 01:41:07--  https://dpsmap.com/assets/js/script.js
Reusing existing connection to dpsmap.com:443.
HTTP request sent, awaiting response... 200 OK
Length: unspecified [application/javascript]
Saving to: ‘dpsmap.com/assets/js/script.js’

     0K .                                                       748M=0s

2026-05-13 01:41:07 (748 MB/s) - ‘dpsmap.com/assets/js/script.js’ saved [1900]

--2026-05-13 01:41:08--  https://dpsmap.com/assets/js/jsResponsive.js
Reusing existing connection to dpsmap.com:443.
HTTP request sent, awaiting response... 200 OK
Length: 284 [application/javascript]
Saving to: ‘dpsmap.com/assets/js/jsResponsive.js’

     0K                                                       100%  965K=0s

2026-05-13 01:41:08 (965 KB/s) - ‘dpsmap.com/assets/js/jsResponsive.js’ saved [284/284]

--2026-05-13 01:41:08--  https://dpsmap.com/assets/js/app.js
Reusing existing connection to dpsmap.com:443.
HTTP request sent, awaiting response... 200 OK
Length: unspecified [application/javascript]
Saving to: ‘dpsmap.com/assets/js/app.js’

     0K .                                                       643M=0s

2026-05-13 01:41:08 (643 MB/s) - ‘dpsmap.com/assets/js/app.js’ saved [1370]

--2026-05-13 01:41:08--  https://dpsmap.com/assets/js/analytics.js
Reusing existing connection to dpsmap.com:443.
HTTP request sent, awaiting response... 200 OK
Length: unspecified [application/javascript]
Saving to: ‘dpsmap.com/assets/js/analytics.js’

     0K .                                                       927M=0s

2026-05-13 01:41:08 (927 MB/s) - ‘dpsmap.com/assets/js/analytics.js’ saved [2017]

--2026-05-13 01:41:08--  https://dpsmap.com/pages/map-download/assets/css/form.css
Reusing existing connection to dpsmap.com:443.
HTTP request sent, awaiting response... 200 OK
Length: unspecified [text/css]
Saving to: ‘dpsmap.com/pages/map-download/assets/css/form.css’

     0K ..                                                     1.03G=0s

2026-05-13 01:41:08 (1.03 GB/s) - ‘dpsmap.com/pages/map-download/assets/css/form.css’ saved [2517]

--2026-05-13 01:41:08--  https://dpsmap.com/pages/map-download/assets/css/custom-select.css
Reusing existing connection to dpsmap.com:443.
HTTP request sent, awaiting response... 200 OK
Length: unspecified [text/css]
Saving to: ‘dpsmap.com/pages/map-download/assets/css/custom-select.css’

     0K .                                                       664M=0s

2026-05-13 01:41:08 (664 MB/s) - ‘dpsmap.com/pages/map-download/assets/css/custom-select.css’ saved [1531]

--2026-05-13 01:41:08--  https://dpsmap.com/pages/map-download/assets/images/satellite.jpg
Reusing existing connection to dpsmap.com:443.
HTTP request sent, awaiting response... 200 OK
Length: unspecified [image/jpeg]
Saving to: ‘dpsmap.com/pages/map-download/assets/images/satellite.jpg’

     0K .......... .......... .......... .......... .......... 12.9M
    50K .......... .......... .......... .......... .......... 20.8M
   100K .......... .......... .......... .......... .......... 15.6M
   150K .......... .......... .......... ........              44.1M=0.01s

2026-05-13 01:41:09 (18.2 MB/s) - ‘dpsmap.com/pages/map-download/assets/images/satellite.jpg’ saved [192972]

--2026-05-13 01:41:09--  https://dpsmap.com/pages/map-download/assets/images/resize%20img.jpg
Reusing existing connection to dpsmap.com:443.
HTTP request sent, awaiting response... 200 OK
Length: unspecified [image/jpeg]
Saving to: ‘dpsmap.com/pages/map-download/assets/images/resize img.jpg’

     0K .......... .......... .......... .......... ..........  206M
    50K .......... .......... .......... .......... ..........  413M
   100K .                                                      2.29T=0s

2026-05-13 01:41:09 (278 MB/s) - ‘dpsmap.com/pages/map-download/assets/images/resize img.jpg’ saved [103659]

--2026-05-13 01:41:09--  https://dpsmap.com/pages/map-download/assets/js/custom-select.js
Reusing existing connection to dpsmap.com:443.
HTTP request sent, awaiting response... 200 OK
Length: unspecified [application/javascript]
Saving to: ‘dpsmap.com/pages/map-download/assets/js/custom-select.js’

     0K ..                                                     1.00G=0s

2026-05-13 01:41:09 (1.00 GB/s) - ‘dpsmap.com/pages/map-download/assets/js/custom-select.js’ saved [2904]

--2026-05-13 01:41:09--  https://dpsmap.com/assets/css/bagan.css
Reusing existing connection to dpsmap.com:443.
HTTP request sent, awaiting response... 200 OK
Length: 1006 [text/css]
Saving to: ‘dpsmap.com/assets/css/bagan.css’

     0K                                                       100% 1.15G=0s

2026-05-13 01:41:09 (1.15 GB/s) - ‘dpsmap.com/assets/css/bagan.css’ saved [1006/1006]

--2026-05-13 01:41:10--  https://dpsmap.com/valuedclients/images/tomtom.jpg
Reusing existing connection to dpsmap.com:443.
HTTP request sent, awaiting response... 200 OK
Length: unspecified [image/jpeg]
Saving to: ‘dpsmap.com/valuedclients/images/tomtom.jpg’

     0K .......... ..                                           291M=0s

2026-05-13 01:41:10 (291 MB/s) - ‘dpsmap.com/valuedclients/images/tomtom.jpg’ saved [12292]

--2026-05-13 01:41:10--  https://dpsmap.com/valuedclients/images/grab-2.svg
Reusing existing connection to dpsmap.com:443.
HTTP request sent, awaiting response... 200 OK
Length: unspecified [image/svg+xml]
Saving to: ‘dpsmap.com/valuedclients/images/grab-2.svg’

     0K ...                                                    1.20G=0s

2026-05-13 01:41:10 (1.20 GB/s) - ‘dpsmap.com/valuedclients/images/grab-2.svg’ saved [3412]

--2026-05-13 01:41:11--  https://dpsmap.com/valuedclients/azure.php
Reusing existing connection to dpsmap.com:443.
HTTP request sent, awaiting response... 200 OK
Length: unspecified [text/html]
Saving to: ‘dpsmap.com/valuedclients/azure.php.html’

     0K .......... .......... .......... .......... ......      396M=0s

Last-modified header missing -- time-stamps turned off.
2026-05-13 01:41:11 (396 MB/s) - ‘dpsmap.com/valuedclients/azure.php.html’ saved [47869]

--2026-05-13 01:41:11--  https://dpsmap.com/valuedclients/images/Microsoft_Azure_Logo.svg.png
Reusing existing connection to dpsmap.com:443.
HTTP request sent, awaiting response... 200 OK
Length: unspecified [image/png]
Saving to: ‘dpsmap.com/valuedclients/images/Microsoft_Azure_Logo.svg.png’

     0K .......... .......... ..........                        117M=0s

2026-05-13 01:41:11 (117 MB/s) - ‘dpsmap.com/valuedclients/images/Microsoft_Azure_Logo.svg.png’ saved [31063]

--2026-05-13 01:41:11--  https://dpsmap.com/valuedclients/images/HERE_logo.svg.png
Reusing existing connection to dpsmap.com:443.
HTTP request sent, awaiting response... 200 OK
Length: unspecified [image/png]
Saving to: ‘dpsmap.com/valuedclients/images/HERE_logo.svg.png’

     0K .......... .......... .......... .......... ....       21.2M=0.002s

2026-05-13 01:41:12 (21.2 MB/s) - ‘dpsmap.com/valuedclients/images/HERE_logo.svg.png’ saved [45592]

--2026-05-13 01:41:12--  https://dpsmap.com/valuedclients/eager.php
Reusing existing connection to dpsmap.com:443.
HTTP request sent, awaiting response... 200 OK
Length: unspecified [text/html]
Saving to: ‘dpsmap.com/valuedclients/eager.php.html’

     0K .......... .......... .......... .......... ......      305M=0s

Last-modified header missing -- time-stamps turned off.
2026-05-13 01:41:12 (305 MB/s) - ‘dpsmap.com/valuedclients/eager.php.html’ saved [47388]

--2026-05-13 01:41:12--  https://dpsmap.com/valuedclients/images/eager.jpg
Reusing existing connection to dpsmap.com:443.
HTTP request sent, awaiting response... 200 OK
Length: unspecified [image/jpeg]
Saving to: ‘dpsmap.com/valuedclients/images/eager.jpg’

     0K ..                                                     1.08G=0s

2026-05-13 01:41:12 (1.08 GB/s) - ‘dpsmap.com/valuedclients/images/eager.jpg’ saved [2155]

--2026-05-13 01:41:12--  https://dpsmap.com/valuedclients/mpt.php
Reusing existing connection to dpsmap.com:443.
HTTP request sent, awaiting response... 200 OK
Length: unspecified [text/html]
Saving to: ‘dpsmap.com/valuedclients/mpt.php.html’

     0K .......... .......... .......... .......... ......      378M=0s

Last-modified header missing -- time-stamps turned off.
2026-05-13 01:41:13 (378 MB/s) - ‘dpsmap.com/valuedclients/mpt.php.html’ saved [47356]

--2026-05-13 01:41:13--  https://dpsmap.com/valuedclients/images/mpt-2.jpg
Reusing existing connection to dpsmap.com:443.
HTTP request sent, awaiting response... 200 OK
Length: unspecified [image/jpeg]
Saving to: ‘dpsmap.com/valuedclients/images/mpt-2.jpg’

     0K ......                                                 2.80G=0s

2026-05-13 01:41:13 (2.80 GB/s) - ‘dpsmap.com/valuedclients/images/mpt-2.jpg’ saved [6185]

--2026-05-13 01:41:13--  https://dpsmap.com/valuedclients/telenor.php
Reusing existing connection to dpsmap.com:443.
HTTP request sent, awaiting response... 200 OK
Length: unspecified [text/html]
Saving to: ‘dpsmap.com/valuedclients/telenor.php.html’

     0K .......... .......... .......... .......... .......     408M=0s

Last-modified header missing -- time-stamps turned off.
2026-05-13 01:41:13 (408 MB/s) - ‘dpsmap.com/valuedclients/telenor.php.html’ saved [48368]

--2026-05-13 01:41:13--  https://dpsmap.com/valuedclients/images/telenor.jpg
Reusing existing connection to dpsmap.com:443.
HTTP request sent, awaiting response... 200 OK
Length: unspecified [image/jpeg]
Saving to: ‘dpsmap.com/valuedclients/images/telenor.jpg’

     0K ......                                                 2.54G=0s

2026-05-13 01:41:14 (2.54 GB/s) - ‘dpsmap.com/valuedclients/images/telenor.jpg’ saved [6654]

--2026-05-13 01:41:14--  https://dpsmap.com/valuedclients/ooredoo.php
Reusing existing connection to dpsmap.com:443.
HTTP request sent, awaiting response... 200 OK
Length: unspecified [text/html]
Saving to: ‘dpsmap.com/valuedclients/ooredoo.php.html’

     0K .......... .......... .......... .......... ......      367M=0s

Last-modified header missing -- time-stamps turned off.
2026-05-13 01:41:14 (367 MB/s) - ‘dpsmap.com/valuedclients/ooredoo.php.html’ saved [47938]

--2026-05-13 01:41:14--  https://dpsmap.com/valuedclients/images/ooredoo.jpg
Reusing existing connection to dpsmap.com:443.
HTTP request sent, awaiting response... 200 OK
Length: unspecified [image/jpeg]
Saving to: ‘dpsmap.com/valuedclients/images/ooredoo.jpg’

     0K .....                                                  2.72G=0s

2026-05-13 01:41:14 (2.72 GB/s) - ‘dpsmap.com/valuedclients/images/ooredoo.jpg’ saved [5621]

--2026-05-13 01:41:14--  https://dpsmap.com/valuedclients/securenetwork.php
Reusing existing connection to dpsmap.com:443.
HTTP request sent, awaiting response... 200 OK
Length: unspecified [text/html]
Saving to: ‘dpsmap.com/valuedclients/securenetwork.php.html’

     0K .......... .......... .......... .......... ......      341M=0s

Last-modified header missing -- time-stamps turned off.
2026-05-13 01:41:15 (341 MB/s) - ‘dpsmap.com/valuedclients/securenetwork.php.html’ saved [47332]

--2026-05-13 01:41:15--  https://dpsmap.com/valuedclients/images/securenetwork.jpg
Reusing existing connection to dpsmap.com:443.
HTTP request sent, awaiting response... 200 OK
Length: unspecified [image/jpeg]
Saving to: ‘dpsmap.com/valuedclients/images/securenetwork.jpg’

     0K .......                                                3.18G=0s

2026-05-13 01:41:15 (3.18 GB/s) - ‘dpsmap.com/valuedclients/images/securenetwork.jpg’ saved [8093]

--2026-05-13 01:41:15--  https://dpsmap.com/valuedclients/elite.php
Reusing existing connection to dpsmap.com:443.
HTTP request sent, awaiting response... 200 OK
Length: unspecified [text/html]
Saving to: ‘dpsmap.com/valuedclients/elite.php.html’

     0K .......... .......... .......... .......... ......      393M=0s

Last-modified header missing -- time-stamps turned off.
2026-05-13 01:41:15 (393 MB/s) - ‘dpsmap.com/valuedclients/elite.php.html’ saved [47545]

--2026-05-13 01:41:16--  https://dpsmap.com/valuedclients/images/elite.jpg
Reusing existing connection to dpsmap.com:443.
HTTP request sent, awaiting response... 200 OK
Length: unspecified [image/jpeg]
Saving to: ‘dpsmap.com/valuedclients/images/elite.jpg’

     0K ......                                                 2.93G=0s

2026-05-13 01:41:16 (2.93 GB/s) - ‘dpsmap.com/valuedclients/images/elite.jpg’ saved [6245]

--2026-05-13 01:41:16--  https://dpsmap.com/valuedclients/sptoa_telecom.php
Reusing existing connection to dpsmap.com:443.
HTTP request sent, awaiting response... 200 OK
Length: unspecified [text/html]
Saving to: ‘dpsmap.com/valuedclients/sptoa_telecom.php.html’

     0K .......... .......... .......... .......... ......      357M=0s

Last-modified header missing -- time-stamps turned off.
2026-05-13 01:41:16 (357 MB/s) - ‘dpsmap.com/valuedclients/sptoa_telecom.php.html’ saved [47396]

--2026-05-13 01:41:16--  https://dpsmap.com/valuedclients/images/sptoa_telecom.jpg
Reusing existing connection to dpsmap.com:443.
HTTP request sent, awaiting response... 200 OK
Length: unspecified [image/jpeg]
Saving to: ‘dpsmap.com/valuedclients/images/sptoa_telecom.jpg’

     0K ....                                                   1.39G=0s

2026-05-13 01:41:17 (1.39 GB/s) - ‘dpsmap.com/valuedclients/images/sptoa_telecom.jpg’ saved [4471]

--2026-05-13 01:41:17--  https://dpsmap.com/valuedclients/shwethanlwin.php
Reusing existing connection to dpsmap.com:443.
HTTP request sent, awaiting response... 200 OK
Length: unspecified [text/html]
Saving to: ‘dpsmap.com/valuedclients/shwethanlwin.php.html’

     0K .......... .......... .......... .......... ......      306M=0s

Last-modified header missing -- time-stamps turned off.
2026-05-13 01:41:17 (306 MB/s) - ‘dpsmap.com/valuedclients/shwethanlwin.php.html’ saved [47575]

--2026-05-13 01:41:17--  https://dpsmap.com/valuedclients/images/shwethanlwin.jpg
Reusing existing connection to dpsmap.com:443.
HTTP request sent, awaiting response... 200 OK
Length: unspecified [image/jpeg]
Saving to: ‘dpsmap.com/valuedclients/images/shwethanlwin.jpg’

     0K ......                                                 2.00G=0s

2026-05-13 01:41:17 (2.00 GB/s) - ‘dpsmap.com/valuedclients/images/shwethanlwin.jpg’ saved [6916]

--2026-05-13 01:41:17--  https://dpsmap.com/valuedclients/s%60com.php
Reusing existing connection to dpsmap.com:443.
HTTP request sent, awaiting response... 200 OK
Length: unspecified [text/html]
Saving to: ‘dpsmap.com/valuedclients/s`com.php.html’

     0K .......... .......... .......... .......... ......      398M=0s

Last-modified header missing -- time-stamps turned off.
2026-05-13 01:41:18 (398 MB/s) - ‘dpsmap.com/valuedclients/s`com.php.html’ saved [47789]

--2026-05-13 01:41:18--  https://dpsmap.com/valuedclients/images/s%C9%BCom.jpg
Reusing existing connection to dpsmap.com:443.
HTTP request sent, awaiting response... 200 OK
Length: unspecified [image/jpeg]
Saving to: ‘dpsmap.com/valuedclients/images/sɼom.jpg’

     0K ....                                                   1.66G=0s

2026-05-13 01:41:18 (1.66 GB/s) - ‘dpsmap.com/valuedclients/images/sɼom.jpg’ saved [4698]

--2026-05-13 01:41:18--  https://dpsmap.com/valuedclients/abc.php
Reusing existing connection to dpsmap.com:443.
HTTP request sent, awaiting response... 200 OK
Length: unspecified [text/html]
Saving to: ‘dpsmap.com/valuedclients/abc.php.html’

     0K .......... .......... .......... .......... ......      218M=0s

Last-modified header missing -- time-stamps turned off.
2026-05-13 01:41:19 (218 MB/s) - ‘dpsmap.com/valuedclients/abc.php.html’ saved [47289]

--2026-05-13 01:41:19--  https://dpsmap.com/valuedclients/images/abc.jpg
Reusing existing connection to dpsmap.com:443.
HTTP request sent, awaiting response... 200 OK
Length: unspecified [image/jpeg]
Saving to: ‘dpsmap.com/valuedclients/images/abc.jpg’

     0K ...                                                    1.08G=0s

2026-05-13 01:41:19 (1.08 GB/s) - ‘dpsmap.com/valuedclients/images/abc.jpg’ saved [3743]

--2026-05-13 01:41:19--  https://dpsmap.com/valuedclients/fbt.php
Reusing existing connection to dpsmap.com:443.
HTTP request sent, awaiting response... 200 OK
Length: unspecified [text/html]
Saving to: ‘dpsmap.com/valuedclients/fbt.php.html’

     0K .......... .......... .......... .......... ......      302M=0s

Last-modified header missing -- time-stamps turned off.
2026-05-13 01:41:19 (302 MB/s) - ‘dpsmap.com/valuedclients/fbt.php.html’ saved [47825]

--2026-05-13 01:41:20--  https://dpsmap.com/valuedclients/images/fbt.jpg
Reusing existing connection to dpsmap.com:443.
HTTP request sent, awaiting response... 200 OK
Length: unspecified [image/jpeg]
Saving to: ‘dpsmap.com/valuedclients/images/fbt.jpg’

     0K .......... ....                                         301M=0s

2026-05-13 01:41:20 (301 MB/s) - ‘dpsmap.com/valuedclients/images/fbt.jpg’ saved [15204]

--2026-05-13 01:41:20--  https://dpsmap.com/valuedclients/ktt.php
Reusing existing connection to dpsmap.com:443.
HTTP request sent, awaiting response... 200 OK
Length: unspecified [text/html]
Saving to: ‘dpsmap.com/valuedclients/ktt.php.html’

     0K .......... .......... .......... .......... ......      390M=0s

Last-modified header missing -- time-stamps turned off.
2026-05-13 01:41:20 (390 MB/s) - ‘dpsmap.com/valuedclients/ktt.php.html’ saved [47817]

--2026-05-13 01:41:20--  https://dpsmap.com/valuedclients/images/ktt.jpg
Reusing existing connection to dpsmap.com:443.
HTTP request sent, awaiting response... 200 OK
Length: unspecified [image/jpeg]
Saving to: ‘dpsmap.com/valuedclients/images/ktt.jpg’

     0K .....                                                  1.85G=0s

2026-05-13 01:41:21 (1.85 GB/s) - ‘dpsmap.com/valuedclients/images/ktt.jpg’ saved [6113]

--2026-05-13 01:41:21--  https://dpsmap.com/valuedclients/vivala.php
Reusing existing connection to dpsmap.com:443.
HTTP request sent, awaiting response... 200 OK
Length: unspecified [text/html]
Saving to: ‘dpsmap.com/valuedclients/vivala.php.html’

     0K .......... .......... .......... .......... ......      343M=0s

Last-modified header missing -- time-stamps turned off.
2026-05-13 01:41:21 (343 MB/s) - ‘dpsmap.com/valuedclients/vivala.php.html’ saved [47648]

--2026-05-13 01:41:21--  https://dpsmap.com/valuedclients/images/vivala.jpg
Reusing existing connection to dpsmap.com:443.
HTTP request sent, awaiting response... 200 OK
Length: unspecified [image/jpeg]
Saving to: ‘dpsmap.com/valuedclients/images/vivala.jpg’

     0K .......... .......... .......... .......... .......... 20.8M
    50K ........                                                227M=0.002s

2026-05-13 01:41:21 (24.0 MB/s) - ‘dpsmap.com/valuedclients/images/vivala.jpg’ saved [59898]

--2026-05-13 01:41:21--  https://dpsmap.com/valuedclients/shwenainggan.php
Reusing existing connection to dpsmap.com:443.
HTTP request sent, awaiting response... 200 OK
Length: unspecified [text/html]
Saving to: ‘dpsmap.com/valuedclients/shwenainggan.php.html’

     0K .......... .......... .......... .......... ......      305M=0s

Last-modified header missing -- time-stamps turned off.
2026-05-13 01:41:22 (305 MB/s) - ‘dpsmap.com/valuedclients/shwenainggan.php.html’ saved [48113]

--2026-05-13 01:41:22--  https://dpsmap.com/valuedclients/images/shwenainggan.jpg
Reusing existing connection to dpsmap.com:443.
HTTP request sent, awaiting response... 200 OK
Length: unspecified [image/jpeg]
Saving to: ‘dpsmap.com/valuedclients/images/shwenainggan.jpg’

     0K .......                                                1.08G=0s

2026-05-13 01:41:22 (1.08 GB/s) - ‘dpsmap.com/valuedclients/images/shwenainggan.jpg’ saved [7999]

--2026-05-13 01:41:22--  https://dpsmap.com/valuedclients/alcazar.php
Reusing existing connection to dpsmap.com:443.
HTTP request sent, awaiting response... 200 OK
Length: unspecified [text/html]
Saving to: ‘dpsmap.com/valuedclients/alcazar.php.html’

     0K .......... .......... .......... .......... ......      215M=0s

Last-modified header missing -- time-stamps turned off.
2026-05-13 01:41:22 (215 MB/s) - ‘dpsmap.com/valuedclients/alcazar.php.html’ saved [47462]

--2026-05-13 01:41:22--  https://dpsmap.com/valuedclients/images/alcazar.jpg
Reusing existing connection to dpsmap.com:443.
HTTP request sent, awaiting response... 200 OK
Length: unspecified [image/jpeg]
Saving to: ‘dpsmap.com/valuedclients/images/alcazar.jpg’

     0K ...                                                    2.03G=0s

2026-05-13 01:41:23 (2.03 GB/s) - ‘dpsmap.com/valuedclients/images/alcazar.jpg’ saved [3959]

--2026-05-13 01:41:23--  https://dpsmap.com/valuedclients/kinetic.php
Reusing existing connection to dpsmap.com:443.
HTTP request sent, awaiting response... 200 OK
Length: unspecified [text/html]
Saving to: ‘dpsmap.com/valuedclients/kinetic.php.html’

     0K .......... .......... .......... .......... ......      242M=0s

Last-modified header missing -- time-stamps turned off.
2026-05-13 01:41:23 (242 MB/s) - ‘dpsmap.com/valuedclients/kinetic.php.html’ saved [48023]

--2026-05-13 01:41:23--  https://dpsmap.com/valuedclients/images/kinetic.jpg
Reusing existing connection to dpsmap.com:443.
HTTP request sent, awaiting response... 200 OK
Length: unspecified [image/jpeg]
Saving to: ‘dpsmap.com/valuedclients/images/kinetic.jpg’

     0K .......                                                2.58G=0s

2026-05-13 01:41:23 (2.58 GB/s) - ‘dpsmap.com/valuedclients/images/kinetic.jpg’ saved [7704]

--2026-05-13 01:41:24--  https://dpsmap.com/valuedclients/fortune.php
Reusing existing connection to dpsmap.com:443.
HTTP request sent, awaiting response... 200 OK
Length: unspecified [text/html]
Saving to: ‘dpsmap.com/valuedclients/fortune.php.html’

     0K .......... .......... .......... .......... ......      399M=0s

Last-modified header missing -- time-stamps turned off.
2026-05-13 01:41:24 (399 MB/s) - ‘dpsmap.com/valuedclients/fortune.php.html’ saved [47742]

--2026-05-13 01:41:24--  https://dpsmap.com/valuedclients/images/fortune.jpg
Reusing existing connection to dpsmap.com:443.
HTTP request sent, awaiting response... 200 OK
Length: unspecified [image/jpeg]
Saving to: ‘dpsmap.com/valuedclients/images/fortune.jpg’

     0K ...                                                    1.37G=0s

2026-05-13 01:41:24 (1.37 GB/s) - ‘dpsmap.com/valuedclients/images/fortune.jpg’ saved [3479]

--2026-05-13 01:41:24--  https://dpsmap.com/valuedclients/fisca.php
Reusing existing connection to dpsmap.com:443.
HTTP request sent, awaiting response... 200 OK
Length: unspecified [text/html]
Saving to: ‘dpsmap.com/valuedclients/fisca.php.html’

     0K .......... .......... .......... .......... ......      307M=0s

Last-modified header missing -- time-stamps turned off.
2026-05-13 01:41:25 (307 MB/s) - ‘dpsmap.com/valuedclients/fisca.php.html’ saved [47397]

--2026-05-13 01:41:25--  https://dpsmap.com/valuedclients/images/fisca.jpg
Reusing existing connection to dpsmap.com:443.
HTTP request sent, awaiting response... 200 OK
Length: unspecified [image/jpeg]
Saving to: ‘dpsmap.com/valuedclients/images/fisca.jpg’

     0K .....                                                  1.94G=0s

2026-05-13 01:41:25 (1.94 GB/s) - ‘dpsmap.com/valuedclients/images/fisca.jpg’ saved [5480]

--2026-05-13 01:41:25--  https://dpsmap.com/valuedclients/mtn.php
Reusing existing connection to dpsmap.com:443.
HTTP request sent, awaiting response... 200 OK
Length: unspecified [text/html]
Saving to: ‘dpsmap.com/valuedclients/mtn.php.html’

     0K .......... .......... .......... .......... ......      321M=0s

Last-modified header missing -- time-stamps turned off.
2026-05-13 01:41:25 (321 MB/s) - ‘dpsmap.com/valuedclients/mtn.php.html’ saved [47304]

--2026-05-13 01:41:25--  https://dpsmap.com/valuedclients/images/mtn.jpg
Reusing existing connection to dpsmap.com:443.
HTTP request sent, awaiting response... 200 OK
Length: unspecified [image/jpeg]
Saving to: ‘dpsmap.com/valuedclients/images/mtn.jpg’

     0K ...                                                    1.20G=0s

2026-05-13 01:41:26 (1.20 GB/s) - ‘dpsmap.com/valuedclients/images/mtn.jpg’ saved [3911]

--2026-05-13 01:41:26--  https://dpsmap.com/valuedclients/myanmarpadauk.php
Reusing existing connection to dpsmap.com:443.
HTTP request sent, awaiting response... 200 OK
Length: unspecified [text/html]
Saving to: ‘dpsmap.com/valuedclients/myanmarpadauk.php.html’

     0K .......... .......... .......... .......... ......      375M=0s

Last-modified header missing -- time-stamps turned off.
2026-05-13 01:41:26 (375 MB/s) - ‘dpsmap.com/valuedclients/myanmarpadauk.php.html’ saved [47595]

--2026-05-13 01:41:26--  https://dpsmap.com/valuedclients/images/myanmarpadauk.jpg
Reusing existing connection to dpsmap.com:443.
HTTP request sent, awaiting response... 200 OK
Length: unspecified [image/jpeg]
Saving to: ‘dpsmap.com/valuedclients/images/myanmarpadauk.jpg’

     0K ......                                                 1.92G=0s

2026-05-13 01:41:26 (1.92 GB/s) - ‘dpsmap.com/valuedclients/images/myanmarpadauk.jpg’ saved [6596]

--2026-05-13 01:41:26--  https://dpsmap.com/valuedclients/huawei.php
Reusing existing connection to dpsmap.com:443.
HTTP request sent, awaiting response... 200 OK
Length: unspecified [text/html]
Saving to: ‘dpsmap.com/valuedclients/huawei.php.html’

     0K .......... .......... .......... .......... ......      399M=0s

Last-modified header missing -- time-stamps turned off.
2026-05-13 01:41:27 (399 MB/s) - ‘dpsmap.com/valuedclients/huawei.php.html’ saved [47518]

--2026-05-13 01:41:27--  https://dpsmap.com/valuedclients/images/huawei.jpg
Reusing existing connection to dpsmap.com:443.
HTTP request sent, awaiting response... 200 OK
Length: unspecified [image/jpeg]
Saving to: ‘dpsmap.com/valuedclients/images/huawei.jpg’

     0K .....                                                  2.41G=0s

2026-05-13 01:41:27 (2.41 GB/s) - ‘dpsmap.com/valuedclients/images/huawei.jpg’ saved [5370]

--2026-05-13 01:41:27--  https://dpsmap.com/valuedclients/ytp.php
Reusing existing connection to dpsmap.com:443.
HTTP request sent, awaiting response... 200 OK
Length: unspecified [text/html]
Saving to: ‘dpsmap.com/valuedclients/ytp.php.html’

     0K .......... .......... .......... .......... ......      301M=0s

Last-modified header missing -- time-stamps turned off.
2026-05-13 01:41:28 (301 MB/s) - ‘dpsmap.com/valuedclients/ytp.php.html’ saved [47580]

--2026-05-13 01:41:28--  https://dpsmap.com/valuedclients/images/ytp.jpg
Reusing existing connection to dpsmap.com:443.
HTTP request sent, awaiting response... 200 OK
Length: unspecified [image/jpeg]
Saving to: ‘dpsmap.com/valuedclients/images/ytp.jpg’

     0K .....                                                  1.47G=0s

2026-05-13 01:41:28 (1.47 GB/s) - ‘dpsmap.com/valuedclients/images/ytp.jpg’ saved [5513]

--2026-05-13 01:41:28--  https://dpsmap.com/valuedclients/act.php
Reusing existing connection to dpsmap.com:443.
HTTP request sent, awaiting response... 200 OK
Length: unspecified [text/html]
Saving to: ‘dpsmap.com/valuedclients/act.php.html’

     0K .......... .......... .......... .......... ......      411M=0s

Last-modified header missing -- time-stamps turned off.
2026-05-13 01:41:28 (411 MB/s) - ‘dpsmap.com/valuedclients/act.php.html’ saved [47993]

--2026-05-13 01:41:29--  https://dpsmap.com/valuedclients/images/act.jpg
Reusing existing connection to dpsmap.com:443.
HTTP request sent, awaiting response... 200 OK
Length: unspecified [image/jpeg]
Saving to: ‘dpsmap.com/valuedclients/images/act.jpg’

     0K .....                                                  2.54G=0s

2026-05-13 01:41:29 (2.54 GB/s) - ‘dpsmap.com/valuedclients/images/act.jpg’ saved [5824]

--2026-05-13 01:41:29--  https://dpsmap.com/valuedclients/horizontelecom.php
Reusing existing connection to dpsmap.com:443.
HTTP request sent, awaiting response... 200 OK
Length: unspecified [text/html]
Saving to: ‘dpsmap.com/valuedclients/horizontelecom.php.html’

     0K .......... .......... .......... .......... ......      416M=0s

Last-modified header missing -- time-stamps turned off.
2026-05-13 01:41:29 (416 MB/s) - ‘dpsmap.com/valuedclients/horizontelecom.php.html’ saved [47502]

--2026-05-13 01:41:29--  https://dpsmap.com/valuedclients/images/horizontelecom.jpg
Reusing existing connection to dpsmap.com:443.
HTTP request sent, awaiting response... 200 OK
Length: unspecified [image/jpeg]
Saving to: ‘dpsmap.com/valuedclients/images/horizontelecom.jpg’

     0K .......                                                2.81G=0s

2026-05-13 01:41:29 (2.81 GB/s) - ‘dpsmap.com/valuedclients/images/horizontelecom.jpg’ saved [7674]

--2026-05-13 01:41:30--  https://dpsmap.com/valuedclients/smec.php
Reusing existing connection to dpsmap.com:443.
HTTP request sent, awaiting response... 200 OK
Length: unspecified [text/html]
Saving to: ‘dpsmap.com/valuedclients/smec.php.html’

     0K .......... .......... .......... .......... ......      400M=0s

Last-modified header missing -- time-stamps turned off.
2026-05-13 01:41:30 (400 MB/s) - ‘dpsmap.com/valuedclients/smec.php.html’ saved [47267]

--2026-05-13 01:41:30--  https://dpsmap.com/valuedclients/images/smec.jpg
Reusing existing connection to dpsmap.com:443.
HTTP request sent, awaiting response... 200 OK
Length: unspecified [image/jpeg]
Saving to: ‘dpsmap.com/valuedclients/images/smec.jpg’

     0K ......                                                 2.59G=0s

2026-05-13 01:41:30 (2.59 GB/s) - ‘dpsmap.com/valuedclients/images/smec.jpg’ saved [6408]

--2026-05-13 01:41:30--  https://dpsmap.com/valuedclients/Irrrawaddy.php
Reusing existing connection to dpsmap.com:443.
HTTP request sent, awaiting response... 200 OK
Length: unspecified [text/html]
Saving to: ‘dpsmap.com/valuedclients/Irrrawaddy.php.html’

     0K .......... .......... .......... .......... ......      282M=0s

Last-modified header missing -- time-stamps turned off.
2026-05-13 01:41:31 (282 MB/s) - ‘dpsmap.com/valuedclients/Irrrawaddy.php.html’ saved [47278]

--2026-05-13 01:41:31--  https://dpsmap.com/valuedclients/images/Irrrawaddy.jpg
Reusing existing connection to dpsmap.com:443.
HTTP request sent, awaiting response... 200 OK
Length: unspecified [image/jpeg]
Saving to: ‘dpsmap.com/valuedclients/images/Irrrawaddy.jpg’

     0K .......                                                3.00G=0s

2026-05-13 01:41:31 (3.00 GB/s) - ‘dpsmap.com/valuedclients/images/Irrrawaddy.jpg’ saved [7175]

--2026-05-13 01:41:31--  https://dpsmap.com/valuedclients/ericsson.php
Reusing existing connection to dpsmap.com:443.
HTTP request sent, awaiting response... 200 OK
Length: unspecified [text/html]
Saving to: ‘dpsmap.com/valuedclients/ericsson.php.html’

     0K .......... .......... .......... .......... ......      411M=0s

Last-modified header missing -- time-stamps turned off.
2026-05-13 01:41:31 (411 MB/s) - ‘dpsmap.com/valuedclients/ericsson.php.html’ saved [47346]

--2026-05-13 01:41:32--  https://dpsmap.com/valuedclients/images/ericsson.jpg
Reusing existing connection to dpsmap.com:443.
HTTP request sent, awaiting response... 200 OK
Length: unspecified [image/jpeg]
Saving to: ‘dpsmap.com/valuedclients/images/ericsson.jpg’

     0K ...                                                    1.72G=0s

2026-05-13 01:41:32 (1.72 GB/s) - ‘dpsmap.com/valuedclients/images/ericsson.jpg’ saved [3718]

--2026-05-13 01:41:32--  https://dpsmap.com/valuedclients/carlsberg.php
Reusing existing connection to dpsmap.com:443.
HTTP request sent, awaiting response... 200 OK
Length: unspecified [text/html]
Saving to: ‘dpsmap.com/valuedclients/carlsberg.php.html’

     0K .......... .......... .......... .......... ......      278M=0s

Last-modified header missing -- time-stamps turned off.
2026-05-13 01:41:32 (278 MB/s) - ‘dpsmap.com/valuedclients/carlsberg.php.html’ saved [47444]

--2026-05-13 01:41:32--  https://dpsmap.com/valuedclients/images/carlsberg.jpg
Reusing existing connection to dpsmap.com:443.
HTTP request sent, awaiting response... 200 OK
Length: unspecified [image/jpeg]
Saving to: ‘dpsmap.com/valuedclients/images/carlsberg.jpg’

     0K ....                                                   1.79G=0s

2026-05-13 01:41:33 (1.79 GB/s) - ‘dpsmap.com/valuedclients/images/carlsberg.jpg’ saved [4284]

--2026-05-13 01:41:33--  https://dpsmap.com/valuedclients/images/Unilever.jpg
Reusing existing connection to dpsmap.com:443.
HTTP request sent, awaiting response... 200 OK
Length: unspecified [image/jpeg]
Saving to: ‘dpsmap.com/valuedclients/images/Unilever.jpg’

     0K .......... .......... .......... .......... ..........  106M
    50K .......... .......... .......... .......... .......... 18.7M
   100K .......... .......... .......... .......... .......... 8.94M
   150K .......... .......... .......... .......... .......... 17.0M
   200K .......... .......... .......... .......... .......... 6.44M
   250K .......... .......... .......... .......... .......... 26.7M
   300K .......... .......... .......... .......... .......... 16.5M
   350K .......... .......... .......... .......... ..........  229M
   400K ..                                                     5.48T=0.02s

2026-05-13 01:41:33 (16.4 MB/s) - ‘dpsmap.com/valuedclients/images/Unilever.jpg’ saved [412614]

--2026-05-13 01:41:33--  https://dpsmap.com/valuedclients/veve.php
Reusing existing connection to dpsmap.com:443.
HTTP request sent, awaiting response... 200 OK
Length: unspecified [text/html]
Saving to: ‘dpsmap.com/valuedclients/veve.php.html’

     0K .......... .......... .......... .......... .......     282M=0s

Last-modified header missing -- time-stamps turned off.
2026-05-13 01:41:33 (282 MB/s) - ‘dpsmap.com/valuedclients/veve.php.html’ saved [48166]

--2026-05-13 01:41:34--  https://dpsmap.com/valuedclients/images/veve.jpg
Reusing existing connection to dpsmap.com:443.
HTTP request sent, awaiting response... 200 OK
Length: unspecified [image/jpeg]
Saving to: ‘dpsmap.com/valuedclients/images/veve.jpg’

     0K .......... .......... .                                 347M=0s

2026-05-13 01:41:34 (347 MB/s) - ‘dpsmap.com/valuedclients/images/veve.jpg’ saved [21746]

--2026-05-13 01:41:34--  https://dpsmap.com/valuedclients/earthtrading.php
Reusing existing connection to dpsmap.com:443.
HTTP request sent, awaiting response... 200 OK
Length: unspecified [text/html]
Saving to: ‘dpsmap.com/valuedclients/earthtrading.php.html’

     0K .......... .......... .......... .......... .......     304M=0s

Last-modified header missing -- time-stamps turned off.
2026-05-13 01:41:34 (304 MB/s) - ‘dpsmap.com/valuedclients/earthtrading.php.html’ saved [48167]

--2026-05-13 01:41:34--  https://dpsmap.com/valuedclients/images/earthtrading.jpg
Reusing existing connection to dpsmap.com:443.
HTTP request sent, awaiting response... 200 OK
Length: unspecified [image/jpeg]
Saving to: ‘dpsmap.com/valuedclients/images/earthtrading.jpg’

     0K .......... .......... ...                               123M=0s

2026-05-13 01:41:34 (123 MB/s) - ‘dpsmap.com/valuedclients/images/earthtrading.jpg’ saved [23560]

--2026-05-13 01:41:34--  https://dpsmap.com/valuedclients/capital.php
Reusing existing connection to dpsmap.com:443.
HTTP request sent, awaiting response... 200 OK
Length: unspecified [text/html]
Saving to: ‘dpsmap.com/valuedclients/capital.php.html’

     0K .......... .......... .......... .......... ......      399M=0s

Last-modified header missing -- time-stamps turned off.
2026-05-13 01:41:35 (399 MB/s) - ‘dpsmap.com/valuedclients/capital.php.html’ saved [48052]

--2026-05-13 01:41:35--  https://dpsmap.com/valuedclients/images/capital.png
Reusing existing connection to dpsmap.com:443.
HTTP request sent, awaiting response... 200 OK
Length: unspecified [image/png]
Saving to: ‘dpsmap.com/valuedclients/images/capital.png’

     0K ...                                                    1.52G=0s

2026-05-13 01:41:35 (1.52 GB/s) - ‘dpsmap.com/valuedclients/images/capital.png’ saved [3942]

--2026-05-13 01:41:35--  https://dpsmap.com/valuedclients/pro1.php
Reusing existing connection to dpsmap.com:443.
HTTP request sent, awaiting response... 200 OK
Length: unspecified [text/html]
Saving to: ‘dpsmap.com/valuedclients/pro1.php.html’

     0K .......... .......... .......... .......... .......     305M=0s

Last-modified header missing -- time-stamps turned off.
2026-05-13 01:41:35 (305 MB/s) - ‘dpsmap.com/valuedclients/pro1.php.html’ saved [48132]

--2026-05-13 01:41:35--  https://dpsmap.com/valuedclients/images/pro1.jpg
Reusing existing connection to dpsmap.com:443.
HTTP request sent, awaiting response... 200 OK
Length: unspecified [image/jpeg]
Saving to: ‘dpsmap.com/valuedclients/images/pro1.jpg’

     0K .......... .......... .                                 272M=0s

2026-05-13 01:41:36 (272 MB/s) - ‘dpsmap.com/valuedclients/images/pro1.jpg’ saved [22300]

--2026-05-13 01:41:36--  https://dpsmap.com/valuedclients/Rothmans.php
Reusing existing connection to dpsmap.com:443.
HTTP request sent, awaiting response... 200 OK
Length: unspecified [text/html]
Saving to: ‘dpsmap.com/valuedclients/Rothmans.php.html’

     0K .......... .......... .......... .......... ......      343M=0s

Last-modified header missing -- time-stamps turned off.
2026-05-13 01:41:36 (343 MB/s) - ‘dpsmap.com/valuedclients/Rothmans.php.html’ saved [47724]

--2026-05-13 01:41:36--  https://dpsmap.com/valuedclients/images/Rothmans.jpg
Reusing existing connection to dpsmap.com:443.
HTTP request sent, awaiting response... 200 OK
Length: unspecified [image/jpeg]
Saving to: ‘dpsmap.com/valuedclients/images/Rothmans.jpg’

     0K .......... ........                                     265M=0s

2026-05-13 01:41:36 (265 MB/s) - ‘dpsmap.com/valuedclients/images/Rothmans.jpg’ saved [19066]

--2026-05-13 01:41:36--  https://dpsmap.com/valuedclients/ewallet.php
Reusing existing connection to dpsmap.com:443.
HTTP request sent, awaiting response... 200 OK
Length: unspecified [text/html]
Saving to: ‘dpsmap.com/valuedclients/ewallet.php.html’

     0K .......... .......... .......... .......... ......      385M=0s

Last-modified header missing -- time-stamps turned off.
2026-05-13 01:41:36 (385 MB/s) - ‘dpsmap.com/valuedclients/ewallet.php.html’ saved [47945]

--2026-05-13 01:41:37--  https://dpsmap.com/valuedclients/images/ewallet.jpg
Reusing existing connection to dpsmap.com:443.
HTTP request sent, awaiting response... 200 OK
Length: unspecified [image/jpeg]
Saving to: ‘dpsmap.com/valuedclients/images/ewallet.jpg’

     0K .......... .......... ......                            358M=0s

2026-05-13 01:41:37 (358 MB/s) - ‘dpsmap.com/valuedclients/images/ewallet.jpg’ saved [27227]

--2026-05-13 01:41:37--  https://dpsmap.com/valuedclients/myanmarbeer.php
Reusing existing connection to dpsmap.com:443.
HTTP request sent, awaiting response... 200 OK
Length: unspecified [text/html]
Saving to: ‘dpsmap.com/valuedclients/myanmarbeer.php.html’

     0K .......... .......... .......... .......... .......     432M=0s

Last-modified header missing -- time-stamps turned off.
2026-05-13 01:41:37 (432 MB/s) - ‘dpsmap.com/valuedclients/myanmarbeer.php.html’ saved [48142]

--2026-05-13 01:41:37--  https://dpsmap.com/valuedclients/images/myanmarbeer.jpg
Reusing existing connection to dpsmap.com:443.
HTTP request sent, awaiting response... 200 OK
Length: unspecified [image/jpeg]
Saving to: ‘dpsmap.com/valuedclients/images/myanmarbeer.jpg’

     0K .......... .......... .......... .......... ..........  279M
    50K .....                                                   383M=0s

2026-05-13 01:41:37 (287 MB/s) - ‘dpsmap.com/valuedclients/images/myanmarbeer.jpg’ saved [56829]

--2026-05-13 01:41:38--  https://dpsmap.com/valuedclients/shwekyeesnack.php
Reusing existing connection to dpsmap.com:443.
HTTP request sent, awaiting response... 200 OK
Length: unspecified [text/html]
Saving to: ‘dpsmap.com/valuedclients/shwekyeesnack.php.html’

     0K .......... .......... .......... .......... ......      359M=0s

Last-modified header missing -- time-stamps turned off.
2026-05-13 01:41:38 (359 MB/s) - ‘dpsmap.com/valuedclients/shwekyeesnack.php.html’ saved [48048]

--2026-05-13 01:41:38--  https://dpsmap.com/valuedclients/images/shwekyeesnack.jpg
Reusing existing connection to dpsmap.com:443.
HTTP request sent, awaiting response... 200 OK
Length: unspecified [image/jpeg]
Saving to: ‘dpsmap.com/valuedclients/images/shwekyeesnack.jpg’

     0K .......... .......... .......                           280M=0s

2026-05-13 01:41:38 (280 MB/s) - ‘dpsmap.com/valuedclients/images/shwekyeesnack.jpg’ saved [27916]

--2026-05-13 01:41:38--  https://dpsmap.com/valuedclients/igegroup.php
Reusing existing connection to dpsmap.com:443.
HTTP request sent, awaiting response... 200 OK
Length: unspecified [text/html]
Saving to: ‘dpsmap.com/valuedclients/igegroup.php.html’

     0K .......... .......... .......... .......... ......      380M=0s

Last-modified header missing -- time-stamps turned off.
2026-05-13 01:41:38 (380 MB/s) - ‘dpsmap.com/valuedclients/igegroup.php.html’ saved [48036]

--2026-05-13 01:41:39--  https://dpsmap.com/valuedclients/images/igegroup.jpg
Reusing existing connection to dpsmap.com:443.
HTTP request sent, awaiting response... 200 OK
Length: unspecified [image/jpeg]
Saving to: ‘dpsmap.com/valuedclients/images/igegroup.jpg’

     0K .....                                                  2.49G=0s

2026-05-13 01:41:39 (2.49 GB/s) - ‘dpsmap.com/valuedclients/images/igegroup.jpg’ saved [5275]

--2026-05-13 01:41:39--  https://dpsmap.com/valuedclients/taungpawthar.php
Reusing existing connection to dpsmap.com:443.
HTTP request sent, awaiting response... 200 OK
Length: unspecified [text/html]
Saving to: ‘dpsmap.com/valuedclients/taungpawthar.php.html’

     0K .......... .......... .......... .......... ......      369M=0s

Last-modified header missing -- time-stamps turned off.
2026-05-13 01:41:39 (369 MB/s) - ‘dpsmap.com/valuedclients/taungpawthar.php.html’ saved [47597]

--2026-05-13 01:41:39--  https://dpsmap.com/valuedclients/images/taungpawthar.jpg
Reusing existing connection to dpsmap.com:443.
HTTP request sent, awaiting response... 200 OK
Length: unspecified [image/jpeg]
Saving to: ‘dpsmap.com/valuedclients/images/taungpawthar.jpg’

     0K .......... .......... .......... .......... ..........  234M
    50K .......... .......... .......... .......... ..........  392M
   100K .......... .......... .......... .......... ..........  398M
   150K .......... .......... .......... .......... .......... 6.50M
   200K .......... .......... .......... .......... ..........  297M
   250K .......... .......... .......... .......... .......... 23.5M
   300K .......... .......... .......... .......... .......... 11.9M
   350K .......... .......... .......... .......... .......... 14.1M
   400K .......... .......... .......... .......... .......... 11.5M
   450K .......... .......... .......... .......... .......... 6.24M
   500K .......... .......... .......... .......... .......... 49.4M
   550K .......... .......... .......... .......... .......... 76.8M
   600K .......... .......... .......... .......... .......... 56.7M
   650K .......... .                                           14.3M=0.03s

2026-05-13 01:41:39 (19.5 MB/s) - ‘dpsmap.com/valuedclients/images/taungpawthar.jpg’ saved [677057]

--2026-05-13 01:41:40--  https://dpsmap.com/valuedclients/rhino.php
Reusing existing connection to dpsmap.com:443.
HTTP request sent, awaiting response... 200 OK
Length: unspecified [text/html]
Saving to: ‘dpsmap.com/valuedclients/rhino.php.html’

     0K .......... .......... .......... .......... ......      354M=0s

Last-modified header missing -- time-stamps turned off.
2026-05-13 01:41:40 (354 MB/s) - ‘dpsmap.com/valuedclients/rhino.php.html’ saved [47537]

--2026-05-13 01:41:40--  https://dpsmap.com/valuedclients/images/rhino.jpg
Reusing existing connection to dpsmap.com:443.
HTTP request sent, awaiting response... 200 OK
Length: unspecified [image/jpeg]
Saving to: ‘dpsmap.com/valuedclients/images/rhino.jpg’

     0K .......... .......... .......... .......... ..........  372M
    50K .......... .......... .......... .......... ..........  219M
   100K .......... .......... .......... .......... ..........  179M
   150K .......... .......... .......... .......... .......... 17.5M
   200K .......... .......... .......... .......... .......... 14.9M
   250K .......... .......... .......... .......... .......... 17.1M
   300K .......... .......... .......... .......... .......... 21.7M
   350K .......... .......... .......... .......... .......... 14.0M
   400K .......... .......... .......... .......... .......... 19.0M
   450K .......... .......... .......... .......... .......... 11.4M
   500K .......... .......... .......... .......... .......... 13.4M
   550K .......... .......... .......... .......... .......... 14.4M
   600K .......... .......... .......... .......... .......... 70.9M
   650K .......... .......... .......... .......... .......... 36.8M
   700K .......... .......... .......... .......... .......... 29.6M
   750K ......                                                  498M=0.03s

2026-05-13 01:41:40 (22.5 MB/s) - ‘dpsmap.com/valuedclients/images/rhino.jpg’ saved [774300]

--2026-05-13 01:41:41--  https://dpsmap.com/valuedclients/goldencoco.php
Reusing existing connection to dpsmap.com:443.
HTTP request sent, awaiting response... 200 OK
Length: unspecified [text/html]
Saving to: ‘dpsmap.com/valuedclients/goldencoco.php.html’

     0K .......... .......... .......... .......... ......      430M=0s

Last-modified header missing -- time-stamps turned off.
2026-05-13 01:41:41 (430 MB/s) - ‘dpsmap.com/valuedclients/goldencoco.php.html’ saved [47993]

--2026-05-13 01:41:41--  https://dpsmap.com/valuedclients/images/goldencoco.jpg
Reusing existing connection to dpsmap.com:443.
HTTP request sent, awaiting response... 200 OK
Length: unspecified [image/jpeg]
Saving to: ‘dpsmap.com/valuedclients/images/goldencoco.jpg’

     0K .......... .......... .......... ......                 340M=0s

2026-05-13 01:41:41 (340 MB/s) - ‘dpsmap.com/valuedclients/images/goldencoco.jpg’ saved [37726]

--2026-05-13 01:41:41--  https://dpsmap.com/valuedclients/hightech.php
Reusing existing connection to dpsmap.com:443.
HTTP request sent, awaiting response... 200 OK
Length: unspecified [text/html]
Saving to: ‘dpsmap.com/valuedclients/hightech.php.html’

     0K .......... .......... .......... .......... ......      184M=0s

Last-modified header missing -- time-stamps turned off.
2026-05-13 01:41:41 (184 MB/s) - ‘dpsmap.com/valuedclients/hightech.php.html’ saved [47408]

--2026-05-13 01:41:42--  https://dpsmap.com/valuedclients/images/hightech.jpg
Reusing existing connection to dpsmap.com:443.
HTTP request sent, awaiting response... 200 OK
Length: unspecified [image/jpeg]
Saving to: ‘dpsmap.com/valuedclients/images/hightech.jpg’

     0K .......... .......... .......... .......... ..........  388M
    50K .......... .......... .......... .......... ..........  511M
   100K .......... .......... .......... .......... ..........  206M
   150K .......... .......... .......... .......... .......... 8.86M
   200K .......... .......... .......... .......... .......... 9.70M
   250K .......... .......... .......... .......... .......... 33.9M
   300K .......... .......... .......... .......... .......... 4.16M
   350K .......... .......... .......... .......... .......... 16.0M
   400K .......... .......... .......... .......... .......... 8.44M
   450K .......... .......... .......... .......... .......... 18.9M
   500K .......... .......... .......... .......... ..........  240M
   550K .......... .......... .......... .......... .......... 18.5M
   600K .......... .......... .......... .......... .......... 56.4M
   650K .......... .......... .......... .......... ...        25.8M=0.04s

2026-05-13 01:41:42 (16.5 MB/s) - ‘dpsmap.com/valuedclients/images/hightech.jpg’ saved [710375]

--2026-05-13 01:41:42--  https://dpsmap.com/valuedclients/nibban.php
Reusing existing connection to dpsmap.com:443.
HTTP request sent, awaiting response... 200 OK
Length: unspecified [text/html]
Saving to: ‘dpsmap.com/valuedclients/nibban.php.html’

     0K .......... .......... .......... .......... ......      294M=0s

Last-modified header missing -- time-stamps turned off.
2026-05-13 01:41:42 (294 MB/s) - ‘dpsmap.com/valuedclients/nibban.php.html’ saved [47523]

--2026-05-13 01:41:42--  https://dpsmap.com/valuedclients/images/nibban.jpg
Reusing existing connection to dpsmap.com:443.
HTTP request sent, awaiting response... 200 OK
Length: unspecified [image/jpeg]
Saving to: ‘dpsmap.com/valuedclients/images/nibban.jpg’

     0K .......... .......... .....                             202M=0s

2026-05-13 01:41:42 (202 MB/s) - ‘dpsmap.com/valuedclients/images/nibban.jpg’ saved [26312]

--2026-05-13 01:41:43--  https://dpsmap.com/valuedclients/ibtc.php
Reusing existing connection to dpsmap.com:443.
HTTP request sent, awaiting response... 200 OK
Length: unspecified [text/html]
Saving to: ‘dpsmap.com/valuedclients/ibtc.php.html’

     0K .......... .......... .......... .......... ......      389M=0s

Last-modified header missing -- time-stamps turned off.
2026-05-13 01:41:43 (389 MB/s) - ‘dpsmap.com/valuedclients/ibtc.php.html’ saved [47381]

--2026-05-13 01:41:43--  https://dpsmap.com/valuedclients/images/ibtc.jpg
Reusing existing connection to dpsmap.com:443.
HTTP request sent, awaiting response... 200 OK
Length: unspecified [image/jpeg]
Saving to: ‘dpsmap.com/valuedclients/images/ibtc.jpg’

     0K .......... .....                                        223M=0s

2026-05-13 01:41:43 (223 MB/s) - ‘dpsmap.com/valuedclients/images/ibtc.jpg’ saved [16360]

--2026-05-13 01:41:43--  https://dpsmap.com/valuedclients/danayazar.php
Reusing existing connection to dpsmap.com:443.
HTTP request sent, awaiting response... 200 OK
Length: unspecified [text/html]
Saving to: ‘dpsmap.com/valuedclients/danayazar.php.html’

     0K .......... .......... .......... .......... ......      391M=0s

Last-modified header missing -- time-stamps turned off.
2026-05-13 01:41:44 (391 MB/s) - ‘dpsmap.com/valuedclients/danayazar.php.html’ saved [47725]

--2026-05-13 01:41:44--  https://dpsmap.com/valuedclients/images/danayazar.jpg
Reusing existing connection to dpsmap.com:443.
HTTP request sent, awaiting response... 200 OK
Length: unspecified [image/jpeg]
Saving to: ‘dpsmap.com/valuedclients/images/danayazar.jpg’

     0K .......... .......... .......... .......... ..........  360M
    50K .......... .......... .......... .......... ..........  229M
   100K .......... .......... .......... .......... ..........  161M
   150K .......... .......... .......... .......... ..........  101M
   200K .......... .......... .......... .......... ..........  447M
   250K .......... .......... .......... .......... .......... 23.4M
   300K .......... .......... .......... .......... ..........  314M
   350K .......... .......... .......... .......... ..........  349M
   400K .......... .......... .......... .......... ..........  424M
   450K .......... .......... .......... .......... ..........  162M
   500K .......... .......... .......... .......... ..........  410M
   550K .......... .......... .......... .......... ..........  328M
   600K .......... .......... .....                             429M=0.004s

2026-05-13 01:41:44 (140 MB/s) - ‘dpsmap.com/valuedclients/images/danayazar.jpg’ saved [640335]

--2026-05-13 01:41:44--  https://dpsmap.com/valuedclients/wthm.php
Reusing existing connection to dpsmap.com:443.
HTTP request sent, awaiting response... 200 OK
Length: unspecified [text/html]
Saving to: ‘dpsmap.com/valuedclients/wthm.php.html’

     0K .......... .......... .......... .......... .......     356M=0s

Last-modified header missing -- time-stamps turned off.
2026-05-13 01:41:44 (356 MB/s) - ‘dpsmap.com/valuedclients/wthm.php.html’ saved [48202]

--2026-05-13 01:41:44--  https://dpsmap.com/valuedclients/images/wthm.jpg
Reusing existing connection to dpsmap.com:443.
HTTP request sent, awaiting response... 200 OK
Length: unspecified [image/jpeg]
Saving to: ‘dpsmap.com/valuedclients/images/wthm.jpg’

     0K .......... .......... .......... .........              360M=0s

2026-05-13 01:41:45 (360 MB/s) - ‘dpsmap.com/valuedclients/images/wthm.jpg’ saved [40087]

--2026-05-13 01:41:45--  https://dpsmap.com/valuedclients/grandkmm.php
Reusing existing connection to dpsmap.com:443.
HTTP request sent, awaiting response... 200 OK
Length: unspecified [text/html]
Saving to: ‘dpsmap.com/valuedclients/grandkmm.php.html’

     0K .......... .......... .......... .......... .....       347M=0s

Last-modified header missing -- time-stamps turned off.
2026-05-13 01:41:45 (347 MB/s) - ‘dpsmap.com/valuedclients/grandkmm.php.html’ saved [47055]

--2026-05-13 01:41:45--  https://dpsmap.com/valuedclients/images/grandkmm.jpg
Reusing existing connection to dpsmap.com:443.
HTTP request sent, awaiting response... 200 OK
Length: unspecified [image/jpeg]
Saving to: ‘dpsmap.com/valuedclients/images/grandkmm.jpg’

     0K .......... .......... .......... .......... ..........  342M
    50K .......... .......... .......... .......... .......... 20.5M
   100K .......... .......... .......... .......... .......... 12.5M
   150K .......... .......... .......... .......... ..........  308M
   200K .......... .......... .......... .......... .......... 20.9M
   250K .......... .......... .......... .......... .......... 19.5M
   300K .......... .......... .......... .......... .......... 9.94M
   350K .......... .......... .......... .......... .......... 19.2M
   400K .......... .......... .......... .......... .......... 15.3M
   450K .......... .......... .......... .......... .......... 25.3M
   500K .......... .......... .......... .......... .......... 38.0M
   550K .......... .......... .......... .                     27.4M=0.03s

2026-05-13 01:41:46 (21.5 MB/s) - ‘dpsmap.com/valuedclients/images/grandkmm.jpg’ saved [595892]

--2026-05-13 01:41:46--  https://dpsmap.com/valuedclients/technovision.php
Reusing existing connection to dpsmap.com:443.
HTTP request sent, awaiting response... 200 OK
Length: unspecified [text/html]
Saving to: ‘dpsmap.com/valuedclients/technovision.php.html’

     0K .......... .......... .......... .......... ......      414M=0s

Last-modified header missing -- time-stamps turned off.
2026-05-13 01:41:46 (414 MB/s) - ‘dpsmap.com/valuedclients/technovision.php.html’ saved [47281]

--2026-05-13 01:41:46--  https://dpsmap.com/valuedclients/images/technovision.jpg
Reusing existing connection to dpsmap.com:443.
HTTP request sent, awaiting response... 200 OK
Length: unspecified [image/jpeg]
Saving to: ‘dpsmap.com/valuedclients/images/technovision.jpg’

     0K .......... .......... .......... .......... .......... 10.2M
    50K .......... .......... .......... .......... .......... 4.81M
   100K .......... .......... .......... .......... ..........  294M
   150K .......... .......... .......... .......... .......... 9.90M
   200K .......... .......... .......... .......... .......... 7.57M
   250K .......... .......... .......... .......... .......... 22.7M
   300K .......... .......... .......... .......... .......... 8.13M
   350K .......... .......... .......... .......... .......... 8.38M
   400K .......... .......... .......... .......... .......... 12.8M
   450K .......... .......... .......... .......... .......... 12.2M
   500K .......... .......... .......... .......... .......... 20.3M
   550K .......... .......... .......... .......... .......... 8.08M
   600K .......... .......... ..                               6.87M=0.06s

2026-05-13 01:41:46 (10.1 MB/s) - ‘dpsmap.com/valuedclients/images/technovision.jpg’ saved [637046]

--2026-05-13 01:41:47--  https://dpsmap.com/valuedclients/Sagittarius_Myanmar.php
Reusing existing connection to dpsmap.com:443.
HTTP request sent, awaiting response... 200 OK
Length: unspecified [text/html]
Saving to: ‘dpsmap.com/valuedclients/Sagittarius_Myanmar.php.html’

     0K .......... .......... .......... .......... .....       447M=0s

Last-modified header missing -- time-stamps turned off.
2026-05-13 01:41:47 (447 MB/s) - ‘dpsmap.com/valuedclients/Sagittarius_Myanmar.php.html’ saved [47093]

--2026-05-13 01:41:47--  https://dpsmap.com/valuedclients/images/Sagittarius_Myanmar.jpg
Reusing existing connection to dpsmap.com:443.
HTTP request sent, awaiting response... 200 OK
Length: unspecified [image/jpeg]
Saving to: ‘dpsmap.com/valuedclients/images/Sagittarius_Myanmar.jpg’

     0K .......... .......... ......                            330M=0s

2026-05-13 01:41:47 (330 MB/s) - ‘dpsmap.com/valuedclients/images/Sagittarius_Myanmar.jpg’ saved [26857]

--2026-05-13 01:41:47--  https://dpsmap.com/valuedclients/shwepuzun.php
Reusing existing connection to dpsmap.com:443.
HTTP request sent, awaiting response... 200 OK
Length: unspecified [text/html]
Saving to: ‘dpsmap.com/valuedclients/shwepuzun.php.html’

     0K .......... .......... .......... .......... ......      393M=0s

Last-modified header missing -- time-stamps turned off.
2026-05-13 01:41:48 (393 MB/s) - ‘dpsmap.com/valuedclients/shwepuzun.php.html’ saved [47458]

--2026-05-13 01:41:48--  https://dpsmap.com/valuedclients/images/shwepuzun.jpg
Reusing existing connection to dpsmap.com:443.
HTTP request sent, awaiting response... 200 OK
Length: unspecified [image/jpeg]
Saving to: ‘dpsmap.com/valuedclients/images/shwepuzun.jpg’

     0K .......... .......... .......... .......... ..........  325M
    50K .......... .......... .......... .......... .......... 22.6M
   100K .......... .......... .......... .......... ..........  392M
   150K .......... .......... .......... .......... ..........  133M
   200K .......... .......... .......... .......... ..........  472M
   250K .......... .......... .......... .......... ..........  113M
   300K .......... .......... .......... .......... ..........  460M
   350K .......... .......... .......... .......... ..........  556M
   400K .......... .......... .......... .......... ..........  134M
   450K .......... .......... .......... .......... ..........  433M
   500K .......... .......... .......... .......... ..........  186M
   550K .......... .......... .......... .......... ..........  498M
   600K                                                        1.66T=0.004s

2026-05-13 01:41:48 (134 MB/s) - ‘dpsmap.com/valuedclients/images/shwepuzun.jpg’ saved [615311]

--2026-05-13 01:41:48--  https://dpsmap.com/valuedclients/asia_beverages.php
Reusing existing connection to dpsmap.com:443.
HTTP request sent, awaiting response... 200 OK
Length: unspecified [text/html]
Saving to: ‘dpsmap.com/valuedclients/asia_beverages.php.html’

     0K .......... .......... .......... .......... ......      454M=0s

Last-modified header missing -- time-stamps turned off.
2026-05-13 01:41:48 (454 MB/s) - ‘dpsmap.com/valuedclients/asia_beverages.php.html’ saved [47725]

--2026-05-13 01:41:49--  https://dpsmap.com/valuedclients/images/asia_beverages.jpg
Reusing existing connection to dpsmap.com:443.
HTTP request sent, awaiting response... 200 OK
Length: unspecified [image/jpeg]
Saving to: ‘dpsmap.com/valuedclients/images/asia_beverages.jpg’

     0K .......... .......... .......... .......... ..........  313M
    50K .......... .......... .......... .......... .......... 27.7M
   100K .......... .......... .......... .......... ..........  184M
   150K .......... .......... .......... .......... ..........  299M
   200K .......... .......... .......... .......... .......... 41.0M
   250K .......... .......... .......... .......... .......... 66.5M
   300K .......... .......... .......... .......... .......... 72.2M
   350K .......... .......... .......... .......... ..........  152M
   400K .......... .......... .......... .......... .......... 75.5M
   450K .......... .......... .......... .......... .......... 55.0M
   500K .......... .......... .......... .......... ..........  440M
   550K .......... .......... .......... ...                   46.0M=0.008s

2026-05-13 01:41:49 (74.7 MB/s) - ‘dpsmap.com/valuedclients/images/asia_beverages.jpg’ saved [597797]

--2026-05-13 01:41:49--  https://dpsmap.com/valuedclients/eclion_global.php
Reusing existing connection to dpsmap.com:443.
HTTP request sent, awaiting response... 200 OK
Length: unspecified [text/html]
Saving to: ‘dpsmap.com/valuedclients/eclion_global.php.html’

     0K .......... .......... .......... .......... ......      446M=0s

Last-modified header missing -- time-stamps turned off.
2026-05-13 01:41:49 (446 MB/s) - ‘dpsmap.com/valuedclients/eclion_global.php.html’ saved [47740]

--2026-05-13 01:41:50--  https://dpsmap.com/valuedclients/images/eclion_global.jpg
Reusing existing connection to dpsmap.com:443.
HTTP request sent, awaiting response... 200 OK
Length: unspecified [image/jpeg]
Saving to: ‘dpsmap.com/valuedclients/images/eclion_global.jpg’

     0K .......... .......... .                                 277M=0s

2026-05-13 01:41:50 (277 MB/s) - ‘dpsmap.com/valuedclients/images/eclion_global.jpg’ saved [21888]

--2026-05-13 01:41:50--  https://dpsmap.com/valuedclients/mkw.php
Reusing existing connection to dpsmap.com:443.
HTTP request sent, awaiting response... 200 OK
Length: unspecified [text/html]
Saving to: ‘dpsmap.com/valuedclients/mkw.php.html’

     0K .......... .......... .......... .......... .....       202M=0s

Last-modified header missing -- time-stamps turned off.
2026-05-13 01:41:50 (202 MB/s) - ‘dpsmap.com/valuedclients/mkw.php.html’ saved [47029]

--2026-05-13 01:41:50--  https://dpsmap.com/valuedclients/images/mkw.jpg
Reusing existing connection to dpsmap.com:443.
HTTP request sent, awaiting response... 200 OK
Length: unspecified [image/jpeg]
Saving to: ‘dpsmap.com/valuedclients/images/mkw.jpg’

     0K .......... .......... .......... .......... ..........  340M
    50K .......... .......... .......... .......... ..........  452M
   100K .......... .......... .......... .......... .......... 59.4M
   150K .......... .......... .......... .......... .......... 8.35M
   200K .......... .......... .......... .......... .......... 14.4M
   250K .......... .......... .......... .......... .......... 9.14M
   300K .......... .......... .......... .......... .......... 17.7M
   350K .......... .......... .......... .......... .......... 10.3M
   400K .......... .......... .......... .......... .......... 13.3M
   450K .......... .......... .......... .......... .......... 7.31M
   500K .......... .......... .......... .......... .......... 30.3M
   550K .......... .......... .......                           289M=0.04s

2026-05-13 01:41:50 (16.0 MB/s) - ‘dpsmap.com/valuedclients/images/mkw.jpg’ saved [591233]

--2026-05-13 01:41:50--  https://dpsmap.com/valuedclients/lohein.php
Reusing existing connection to dpsmap.com:443.
HTTP request sent, awaiting response... 200 OK
Length: unspecified [text/html]
Saving to: ‘dpsmap.com/valuedclients/lohein.php.html’

     0K .......... .......... .......... .......... ......      170M=0s

Last-modified header missing -- time-stamps turned off.
2026-05-13 01:41:51 (170 MB/s) - ‘dpsmap.com/valuedclients/lohein.php.html’ saved [47541]

--2026-05-13 01:41:51--  https://dpsmap.com/valuedclients/images/lohein.jpg
Reusing existing connection to dpsmap.com:443.
HTTP request sent, awaiting response... 200 OK
Length: unspecified [image/jpeg]
Saving to: ‘dpsmap.com/valuedclients/images/lohein.jpg’

     0K .......... .......... .......... .......... ..........  253M
    50K .......... .......... .......... .......... ..........  467M
   100K .......... .......... .......... .......... .......... 91.6M
   150K .......... .......... .......... .......... .......... 5.50M
   200K .......... .......... .......... .......... .......... 80.1M
   250K .......... .......... .......... .......... .......... 51.5M
   300K .......... .......... .......... .......... .......... 27.9M
   350K .......... .......... .......... .......... .......... 14.8M
   400K .......... .......... .......... .......... .......... 27.9M
   450K .......... .......... .......... .......... .......... 15.3M
   500K .......... .......... .......... .......... .......... 27.6M
   550K .......... .......... .......... .......... .           139M=0.02s

2026-05-13 01:41:51 (24.7 MB/s) - ‘dpsmap.com/valuedclients/images/lohein.jpg’ saved [605207]

--2026-05-13 01:41:51--  https://dpsmap.com/valuedclients/mega.php
Reusing existing connection to dpsmap.com:443.
HTTP request sent, awaiting response... 200 OK
Length: unspecified [text/html]
Saving to: ‘dpsmap.com/valuedclients/mega.php.html’

     0K .......... .......... .......... .......... ......      372M=0s

Last-modified header missing -- time-stamps turned off.
2026-05-13 01:41:51 (372 MB/s) - ‘dpsmap.com/valuedclients/mega.php.html’ saved [47824]

--2026-05-13 01:41:52--  https://dpsmap.com/valuedclients/images/mega.jpg
Reusing existing connection to dpsmap.com:443.
HTTP request sent, awaiting response... 200 OK
Length: unspecified [image/jpeg]
Saving to: ‘dpsmap.com/valuedclients/images/mega.jpg’

     0K .......... .......... .......... .......... .......... 47.3M
    50K .......... .......... .......... .......... .......... 14.0M
   100K .......... .......... .......... .......... ..........  345M
   150K .......... .......... .......... .......... .......... 22.7M
   200K .......... .......... .......... .......... .......... 26.8M
   250K .......... .......... .......... .......... .......... 18.2M
   300K .......... .......... .......... .......... .......... 12.1M
   350K .......... .......... .......... .......... .......... 23.4M
   400K .......... .......... .......... .......... .......... 10.5M
   450K .......... .......... .......... .......... .......... 20.8M
   500K .......... .......... .......... .......... ..........  191M
   550K .......... .......... .......... .                     20.4M=0.03s

2026-05-13 01:41:52 (21.7 MB/s) - ‘dpsmap.com/valuedclients/images/mega.jpg’ saved [595722]

--2026-05-13 01:41:52--  https://dpsmap.com/valuedclients/samparoo.php
Reusing existing connection to dpsmap.com:443.
HTTP request sent, awaiting response... 200 OK
Length: unspecified [text/html]
Saving to: ‘dpsmap.com/valuedclients/samparoo.php.html’

     0K .......... .......... .......... .......... ......      415M=0s

Last-modified header missing -- time-stamps turned off.
2026-05-13 01:41:52 (415 MB/s) - ‘dpsmap.com/valuedclients/samparoo.php.html’ saved [47513]

--2026-05-13 01:41:52--  https://dpsmap.com/valuedclients/images/samparoo.jpg
Reusing existing connection to dpsmap.com:443.
HTTP request sent, awaiting response... 200 OK
Length: unspecified [image/jpeg]
Saving to: ‘dpsmap.com/valuedclients/images/samparoo.jpg’

     0K .......... .......... .......... .......... ..........  382M
    50K .......... .......... .......... .......... ..........  472M
   100K .......... .......... .......... .......... .......... 9.19M
   150K .......... .......... .......... .......... ..........  507M
   200K .......... .......... .......... .......... .......... 19.6M
   250K .......... .......... .......... .......... .......... 17.3M
   300K .......... .......... .......... .......... .......... 7.96M
   350K .......... .......... .......... .......... .......... 31.3M
   400K .......... .......... .......... .......... .......... 15.0M
   450K .......... .......... .......... .......... .......... 13.0M
   500K .......... .......... .......... .......... .......... 14.0M
   550K .......... .......... .......... .......... .           444M=0.03s

2026-05-13 01:41:53 (19.8 MB/s) - ‘dpsmap.com/valuedclients/images/samparoo.jpg’ saved [605240]

--2026-05-13 01:41:53--  https://dpsmap.com/valuedclients/diamondstar.php
Reusing existing connection to dpsmap.com:443.
HTTP request sent, awaiting response... 200 OK
Length: unspecified [text/html]
Saving to: ‘dpsmap.com/valuedclients/diamondstar.php.html’

     0K .......... .......... .......... .......... ......      447M=0s

Last-modified header missing -- time-stamps turned off.
2026-05-13 01:41:53 (447 MB/s) - ‘dpsmap.com/valuedclients/diamondstar.php.html’ saved [47646]

--2026-05-13 01:41:53--  https://dpsmap.com/valuedclients/images/diamondstar.jpg
Reusing existing connection to dpsmap.com:443.
HTTP request sent, awaiting response... 200 OK
Length: unspecified [image/jpeg]
Saving to: ‘dpsmap.com/valuedclients/images/diamondstar.jpg’

     0K ...                                                    1.86G=0s

2026-05-13 01:41:53 (1.86 GB/s) - ‘dpsmap.com/valuedclients/images/diamondstar.jpg’ saved [3843]

--2026-05-13 01:41:53--  https://dpsmap.com/valuedclients/dagon_beverages.php
Reusing existing connection to dpsmap.com:443.
HTTP request sent, awaiting response... 200 OK
Length: unspecified [text/html]
Saving to: ‘dpsmap.com/valuedclients/dagon_beverages.php.html’

     0K .......... .......... .......... .......... ......      424M=0s

Last-modified header missing -- time-stamps turned off.
2026-05-13 01:41:54 (424 MB/s) - ‘dpsmap.com/valuedclients/dagon_beverages.php.html’ saved [48087]

--2026-05-13 01:41:54--  https://dpsmap.com/valuedclients/images/dagon_beverages.jpg
Reusing existing connection to dpsmap.com:443.
HTTP request sent, awaiting response... 200 OK
Length: unspecified [image/jpeg]
Saving to: ‘dpsmap.com/valuedclients/images/dagon_beverages.jpg’

     0K .......... .......... ..........                        475M=0s

2026-05-13 01:41:54 (475 MB/s) - ‘dpsmap.com/valuedclients/images/dagon_beverages.jpg’ saved [31207]

--2026-05-13 01:41:54--  https://dpsmap.com/valuedclients/shweyamone.php
Reusing existing connection to dpsmap.com:443.
HTTP request sent, awaiting response... 200 OK
Length: unspecified [text/html]
Saving to: ‘dpsmap.com/valuedclients/shweyamone.php.html’

     0K .......... .......... .......... .......... .......     408M=0s

Last-modified header missing -- time-stamps turned off.
2026-05-13 01:41:54 (408 MB/s) - ‘dpsmap.com/valuedclients/shweyamone.php.html’ saved [48230]

--2026-05-13 01:41:54--  https://dpsmap.com/valuedclients/images/shweyamone.jpg
Reusing existing connection to dpsmap.com:443.
HTTP request sent, awaiting response... 200 OK
Length: unspecified [image/jpeg]
Saving to: ‘dpsmap.com/valuedclients/images/shweyamone.jpg’

     0K .........                                               232M=0s

2026-05-13 01:41:54 (232 MB/s) - ‘dpsmap.com/valuedclients/images/shweyamone.jpg’ saved [9356]

--2026-05-13 01:41:55--  https://dpsmap.com/valuedclients/create_moster_company.php
Reusing existing connection to dpsmap.com:443.
HTTP request sent, awaiting response... 200 OK
Length: unspecified [text/html]
Saving to: ‘dpsmap.com/valuedclients/create_moster_company.php.html’

     0K .......... .......... .......... .......... .......     378M=0s

Last-modified header missing -- time-stamps turned off.
2026-05-13 01:41:55 (378 MB/s) - ‘dpsmap.com/valuedclients/create_moster_company.php.html’ saved [48264]

--2026-05-13 01:41:55--  https://dpsmap.com/valuedclients/images/create_moster_company.jpg
Reusing existing connection to dpsmap.com:443.
HTTP request sent, awaiting response... 200 OK
Length: unspecified [image/jpeg]
Saving to: ‘dpsmap.com/valuedclients/images/create_moster_company.jpg’

     0K .......... .......... .......... .......... ..........  324M
    50K .......... .......... .......... .......... .......... 22.2M
   100K .......... .......... .......... .......... .......... 22.0M
   150K .......... .......... .......... .......... .......... 31.8M
   200K .......... .......... .......... .......... .......... 9.51M
   250K .......... .......... .......... .......... .......... 40.5M
   300K .......... .......... .......... .......... .......... 9.04M
   350K .......... .......... .......... .......... .......... 17.1M
   400K .......... .......... .......... .......... .......... 5.93M
   450K .......... .......... .......... .......... .......... 15.6M
   500K .......... .......... .......... .......... .......... 51.0M
   550K .......... .......... .......... .......... .......... 8.54M
   600K .......... .......... .......... .......... .......... 28.8M
   650K ......                                                 7.79M=0.04s

2026-05-13 01:41:55 (15.5 MB/s) - ‘dpsmap.com/valuedclients/images/create_moster_company.jpg’ saved [672275]

--2026-05-13 01:41:56--  https://dpsmap.com/valuedclients/shanshwetaung.php
Reusing existing connection to dpsmap.com:443.
HTTP request sent, awaiting response... 200 OK
Length: unspecified [text/html]
Saving to: ‘dpsmap.com/valuedclients/shanshwetaung.php.html’

     0K .......... .......... .......... .......... .......     353M=0s

Last-modified header missing -- time-stamps turned off.
2026-05-13 01:41:56 (353 MB/s) - ‘dpsmap.com/valuedclients/shanshwetaung.php.html’ saved [48270]

--2026-05-13 01:41:56--  https://dpsmap.com/valuedclients/images/shanshwetaung.jpg
Reusing existing connection to dpsmap.com:443.
HTTP request sent, awaiting response... 200 OK
Length: unspecified [image/jpeg]
Saving to: ‘dpsmap.com/valuedclients/images/shanshwetaung.jpg’

     0K .......... .......... .......... .......... ........   71.2M=0.001s

2026-05-13 01:41:56 (71.2 MB/s) - ‘dpsmap.com/valuedclients/images/shanshwetaung.jpg’ saved [49244]

--2026-05-13 01:41:56--  https://dpsmap.com/valuedclients/globalsky.php
Reusing existing connection to dpsmap.com:443.
HTTP request sent, awaiting response... 200 OK
Length: unspecified [text/html]
Saving to: ‘dpsmap.com/valuedclients/globalsky.php.html’

     0K .......... .......... .......... .......... ......      329M=0s

Last-modified header missing -- time-stamps turned off.
2026-05-13 01:41:56 (329 MB/s) - ‘dpsmap.com/valuedclients/globalsky.php.html’ saved [47726]

--2026-05-13 01:41:56--  https://dpsmap.com/valuedclients/images/globalsky.jpg
Reusing existing connection to dpsmap.com:443.
HTTP request sent, awaiting response... 200 OK
Length: unspecified [image/jpeg]
Saving to: ‘dpsmap.com/valuedclients/images/globalsky.jpg’

     0K .......... ........                                     218M=0s

2026-05-13 01:41:57 (218 MB/s) - ‘dpsmap.com/valuedclients/images/globalsky.jpg’ saved [18530]

--2026-05-13 01:41:57--  https://dpsmap.com/valuedclients/ayeyarhinthar.php
Reusing existing connection to dpsmap.com:443.
HTTP request sent, awaiting response... 200 OK
Length: unspecified [text/html]
Saving to: ‘dpsmap.com/valuedclients/ayeyarhinthar.php.html’

     0K .......... .......... .......... .......... ......      397M=0s

Last-modified header missing -- time-stamps turned off.
2026-05-13 01:41:57 (397 MB/s) - ‘dpsmap.com/valuedclients/ayeyarhinthar.php.html’ saved [47730]

--2026-05-13 01:41:57--  https://dpsmap.com/valuedclients/images/ayeyarhinthar.jpg
Reusing existing connection to dpsmap.com:443.
HTTP request sent, awaiting response... 200 OK
Length: unspecified [image/jpeg]
Saving to: ‘dpsmap.com/valuedclients/images/ayeyarhinthar.jpg’

     0K .......... .......... .........                         356M=0s

2026-05-13 01:41:57 (356 MB/s) - ‘dpsmap.com/valuedclients/images/ayeyarhinthar.jpg’ saved [30380]

--2026-05-13 01:41:57--  https://dpsmap.com/valuedclients/khinmaungnyuntmanufacturingyan.php
Reusing existing connection to dpsmap.com:443.
HTTP request sent, awaiting response... 200 OK
Length: unspecified [text/html]
Saving to: ‘dpsmap.com/valuedclients/khinmaungnyuntmanufacturingyan.php.html’

     0K .......... .......... .......... .......... ......      363M=0s

Last-modified header missing -- time-stamps turned off.
2026-05-13 01:41:58 (363 MB/s) - ‘dpsmap.com/valuedclients/khinmaungnyuntmanufacturingyan.php.html’ saved [47919]

--2026-05-13 01:41:58--  https://dpsmap.com/valuedclients/images/khinmaungnyuntmanufacturingyan.jpg
Reusing existing connection to dpsmap.com:443.
HTTP request sent, awaiting response... 200 OK
Length: unspecified [image/jpeg]
Saving to: ‘dpsmap.com/valuedclients/images/khinmaungnyuntmanufacturingyan.jpg’

     0K .......... .......... .......... .......... ..........  272M
    50K .......... .......... .......... .......... ..........  127M
   100K ......                                                  485M=0.001s

2026-05-13 01:41:58 (180 MB/s) - ‘dpsmap.com/valuedclients/images/khinmaungnyuntmanufacturingyan.jpg’ saved [108558]

--2026-05-13 01:41:58--  https://dpsmap.com/valuedclients/asia-sun.php
Reusing existing connection to dpsmap.com:443.
HTTP request sent, awaiting response... 200 OK
Length: unspecified [text/html]
Saving to: ‘dpsmap.com/valuedclients/asia-sun.php.html’

     0K .......... .......... .......... .......... ......      345M=0s

Last-modified header missing -- time-stamps turned off.
2026-05-13 01:41:58 (345 MB/s) - ‘dpsmap.com/valuedclients/asia-sun.php.html’ saved [47400]

--2026-05-13 01:41:59--  https://dpsmap.com/valuedclients/images/asia-sun.jpg
Reusing existing connection to dpsmap.com:443.
HTTP request sent, awaiting response... 200 OK
Length: unspecified [image/jpeg]
Saving to: ‘dpsmap.com/valuedclients/images/asia-sun.jpg’

     0K .....                                                  2.44G=0s

2026-05-13 01:41:59 (2.44 GB/s) - ‘dpsmap.com/valuedclients/images/asia-sun.jpg’ saved [5318]

--2026-05-13 01:41:59--  https://dpsmap.com/valuedclients/redline.php
Reusing existing connection to dpsmap.com:443.
HTTP request sent, awaiting response... 200 OK
Length: unspecified [text/html]
Saving to: ‘dpsmap.com/valuedclients/redline.php.html’

     0K .......... .......... .......... .......... ......      460M=0s

Last-modified header missing -- time-stamps turned off.
2026-05-13 01:41:59 (460 MB/s) - ‘dpsmap.com/valuedclients/redline.php.html’ saved [47464]

--2026-05-13 01:41:59--  https://dpsmap.com/valuedclients/images/redline.jpg
Reusing existing connection to dpsmap.com:443.
HTTP request sent, awaiting response... 200 OK
Length: unspecified [image/jpeg]
Saving to: ‘dpsmap.com/valuedclients/images/redline.jpg’

     0K .......... .......... .......... ...                    102M=0s

2026-05-13 01:42:00 (102 MB/s) - ‘dpsmap.com/valuedclients/images/redline.jpg’ saved [34123]

--2026-05-13 01:42:00--  https://dpsmap.com/valuedclients/moeyan.php
Reusing existing connection to dpsmap.com:443.
HTTP request sent, awaiting response... 200 OK
Length: unspecified [text/html]
Saving to: ‘dpsmap.com/valuedclients/moeyan.php.html’

     0K .......... .......... .......... .......... ..........  302M
    50K                                                         615G=0s

Last-modified header missing -- time-stamps turned off.
2026-05-13 01:42:00 (303 MB/s) - ‘dpsmap.com/valuedclients/moeyan.php.html’ saved [51530]

--2026-05-13 01:42:00--  https://dpsmap.com/valuedclients/images/moeyan.jpg
Reusing existing connection to dpsmap.com:443.
HTTP request sent, awaiting response... 200 OK
Length: unspecified [image/jpeg]
Saving to: ‘dpsmap.com/valuedclients/images/moeyan.jpg’

     0K .......... .......... .......... ....                   289M=0s

2026-05-13 01:42:00 (289 MB/s) - ‘dpsmap.com/valuedclients/images/moeyan.jpg’ saved [35096]

--2026-05-13 01:42:00--  https://dpsmap.com/valuedclients/sitawgyi.php
Reusing existing connection to dpsmap.com:443.
HTTP request sent, awaiting response... 200 OK
Length: unspecified [text/html]
Saving to: ‘dpsmap.com/valuedclients/sitawgyi.php.html’

     0K .......... .......... .......... .......... ......      393M=0s

Last-modified header missing -- time-stamps turned off.
2026-05-13 01:42:01 (393 MB/s) - ‘dpsmap.com/valuedclients/sitawgyi.php.html’ saved [47821]

--2026-05-13 01:42:01--  https://dpsmap.com/valuedclients/images/sitawgyi.jpg
Reusing existing connection to dpsmap.com:443.
HTTP request sent, awaiting response... 200 OK
Length: unspecified [image/jpeg]
Saving to: ‘dpsmap.com/valuedclients/images/sitawgyi.jpg’

     0K .......... .......... ........                          311M=0s

2026-05-13 01:42:01 (311 MB/s) - ‘dpsmap.com/valuedclients/images/sitawgyi.jpg’ saved [28823]

--2026-05-13 01:42:01--  https://dpsmap.com/valuedclients/mastech.php
Reusing existing connection to dpsmap.com:443.
HTTP request sent, awaiting response... 200 OK
Length: unspecified [text/html]
Saving to: ‘dpsmap.com/valuedclients/mastech.php.html’

     0K .......... .......... .......... .......... ......      456M=0s

Last-modified header missing -- time-stamps turned off.
2026-05-13 01:42:01 (456 MB/s) - ‘dpsmap.com/valuedclients/mastech.php.html’ saved [47771]

--2026-05-13 01:42:02--  https://dpsmap.com/valuedclients/images/mastech.jpg
Reusing existing connection to dpsmap.com:443.
HTTP request sent, awaiting response... 200 OK
Length: unspecified [image/jpeg]
Saving to: ‘dpsmap.com/valuedclients/images/mastech.jpg’

     0K .......... .......                                      297M=0s

2026-05-13 01:42:02 (297 MB/s) - ‘dpsmap.com/valuedclients/images/mastech.jpg’ saved [18114]

--2026-05-13 01:42:02--  https://dpsmap.com/valuedclients/umg.php
Reusing existing connection to dpsmap.com:443.
HTTP request sent, awaiting response... 200 OK
Length: unspecified [text/html]
Saving to: ‘dpsmap.com/valuedclients/umg.php.html’

     0K .......... .......... .......... .......... ......      471M=0s

Last-modified header missing -- time-stamps turned off.
2026-05-13 01:42:02 (471 MB/s) - ‘dpsmap.com/valuedclients/umg.php.html’ saved [47610]

--2026-05-13 01:42:02--  https://dpsmap.com/valuedclients/images/umg.jpg
Reusing existing connection to dpsmap.com:443.
HTTP request sent, awaiting response... 200 OK
Length: unspecified [image/jpeg]
Saving to: ‘dpsmap.com/valuedclients/images/umg.jpg’

     0K .......                                                3.10G=0s

2026-05-13 01:42:03 (3.10 GB/s) - ‘dpsmap.com/valuedclients/images/umg.jpg’ saved [7211]

--2026-05-13 01:42:03--  https://dpsmap.com/valuedclients/asia_motor_works.php
Reusing existing connection to dpsmap.com:443.
HTTP request sent, awaiting response... 200 OK
Length: unspecified [text/html]
Saving to: ‘dpsmap.com/valuedclients/asia_motor_works.php.html’

     0K .......... .......... .......... .......... ......      466M=0s

Last-modified header missing -- time-stamps turned off.
2026-05-13 01:42:03 (466 MB/s) - ‘dpsmap.com/valuedclients/asia_motor_works.php.html’ saved [47587]

--2026-05-13 01:42:03--  https://dpsmap.com/valuedclients/images/asia_motor_works.jpg
Reusing existing connection to dpsmap.com:443.
HTTP request sent, awaiting response... 200 OK
Length: unspecified [image/jpeg]
Saving to: ‘dpsmap.com/valuedclients/images/asia_motor_works.jpg’

     0K .......... .......... .......... ..........             435M=0s

2026-05-13 01:42:03 (435 MB/s) - ‘dpsmap.com/valuedclients/images/asia_motor_works.jpg’ saved [41951]

--2026-05-13 01:42:03--  https://dpsmap.com/valuedclients/nidicarrental.php
Reusing existing connection to dpsmap.com:443.
HTTP request sent, awaiting response... 200 OK
Length: unspecified [text/html]
Saving to: ‘dpsmap.com/valuedclients/nidicarrental.php.html’

     0K .......... .......... .......... .......... ......      479M=0s

Last-modified header missing -- time-stamps turned off.
2026-05-13 01:42:04 (479 MB/s) - ‘dpsmap.com/valuedclients/nidicarrental.php.html’ saved [47581]

--2026-05-13 01:42:04--  https://dpsmap.com/valuedclients/images/nidicarrental.jpg
Reusing existing connection to dpsmap.com:443.
HTTP request sent, awaiting response... 200 OK
Length: unspecified [image/jpeg]
Saving to: ‘dpsmap.com/valuedclients/images/nidicarrental.jpg’

     0K .......... ......                                       288M=0s

2026-05-13 01:42:04 (288 MB/s) - ‘dpsmap.com/valuedclients/images/nidicarrental.jpg’ saved [16500]

--2026-05-13 01:42:04--  https://dpsmap.com/valuedclients/hiang_kie_coffee.php
Reusing existing connection to dpsmap.com:443.
HTTP request sent, awaiting response... 200 OK
Length: unspecified [text/html]
Saving to: ‘dpsmap.com/valuedclients/hiang_kie_coffee.php.html’

     0K .......... .......... .......... .......... ......      337M=0s

Last-modified header missing -- time-stamps turned off.
2026-05-13 01:42:04 (337 MB/s) - ‘dpsmap.com/valuedclients/hiang_kie_coffee.php.html’ saved [47736]

--2026-05-13 01:42:04--  https://dpsmap.com/valuedclients/images/hiang_kie_coffee.jpg
Reusing existing connection to dpsmap.com:443.
HTTP request sent, awaiting response... 200 OK
Length: unspecified [image/jpeg]
Saving to: ‘dpsmap.com/valuedclients/images/hiang_kie_coffee.jpg’

     0K .......... .......... .......                           389M=0s

2026-05-13 01:42:05 (389 MB/s) - ‘dpsmap.com/valuedclients/images/hiang_kie_coffee.jpg’ saved [28662]

--2026-05-13 01:42:05--  https://dpsmap.com/valuedclients/tns.php
Reusing existing connection to dpsmap.com:443.
HTTP request sent, awaiting response... 200 OK
Length: unspecified [text/html]
Saving to: ‘dpsmap.com/valuedclients/tns.php.html’

     0K .......... .......... .......... .......... ......      307M=0s

Last-modified header missing -- time-stamps turned off.
2026-05-13 01:42:05 (307 MB/s) - ‘dpsmap.com/valuedclients/tns.php.html’ saved [47361]

--2026-05-13 01:42:05--  https://dpsmap.com/valuedclients/images/tns.jpg
Reusing existing connection to dpsmap.com:443.
HTTP request sent, awaiting response... 200 OK
Length: unspecified [image/jpeg]
Saving to: ‘dpsmap.com/valuedclients/images/tns.jpg’

     0K .......... ........                                     284M=0s

2026-05-13 01:42:05 (284 MB/s) - ‘dpsmap.com/valuedclients/images/tns.jpg’ saved [18583]

--2026-05-13 01:42:06--  https://dpsmap.com/valuedclients/1plusdrinkingwater.php
Reusing existing connection to dpsmap.com:443.
HTTP request sent, awaiting response... 200 OK
Length: unspecified [text/html]
Saving to: ‘dpsmap.com/valuedclients/1plusdrinkingwater.php.html’

     0K .......... .......... .......... .......... ......      440M=0s

Last-modified header missing -- time-stamps turned off.
2026-05-13 01:42:06 (440 MB/s) - ‘dpsmap.com/valuedclients/1plusdrinkingwater.php.html’ saved [47523]

--2026-05-13 01:42:06--  https://dpsmap.com/valuedclients/images/1plusdrinkingwater.jpg
Reusing existing connection to dpsmap.com:443.
HTTP request sent, awaiting response... 200 OK
Length: unspecified [image/jpeg]
Saving to: ‘dpsmap.com/valuedclients/images/1plusdrinkingwater.jpg’

     0K .......... .......... ....                              281M=0s

2026-05-13 01:42:06 (281 MB/s) - ‘dpsmap.com/valuedclients/images/1plusdrinkingwater.jpg’ saved [25493]

--2026-05-13 01:42:06--  https://dpsmap.com/valuedclients/myanmar_cp.php
Reusing existing connection to dpsmap.com:443.
HTTP request sent, awaiting response... 200 OK
Length: unspecified [text/html]
Saving to: ‘dpsmap.com/valuedclients/myanmar_cp.php.html’

     0K .......... .......... .......... .......... .......     474M=0s

Last-modified header missing -- time-stamps turned off.
2026-05-13 01:42:07 (474 MB/s) - ‘dpsmap.com/valuedclients/myanmar_cp.php.html’ saved [48212]

--2026-05-13 01:42:07--  https://dpsmap.com/valuedclients/images/myanmar_cp.png
Reusing existing connection to dpsmap.com:443.
HTTP request sent, awaiting response... 200 OK
Length: unspecified [image/png]
Saving to: ‘dpsmap.com/valuedclients/images/myanmar_cp.png’

     0K .......... .                                            214M=0s

2026-05-13 01:42:07 (214 MB/s) - ‘dpsmap.com/valuedclients/images/myanmar_cp.png’ saved [12088]

--2026-05-13 01:42:07--  https://dpsmap.com/valuedclients/nordic.php
Reusing existing connection to dpsmap.com:443.
HTTP request sent, awaiting response... 200 OK
Length: unspecified [text/html]
Saving to: ‘dpsmap.com/valuedclients/nordic.php.html’

     0K .......... .......... .......... .......... .......     372M=0s

Last-modified header missing -- time-stamps turned off.
2026-05-13 01:42:07 (372 MB/s) - ‘dpsmap.com/valuedclients/nordic.php.html’ saved [48431]

--2026-05-13 01:42:08--  https://dpsmap.com/valuedclients/images/nordic.png
Reusing existing connection to dpsmap.com:443.
HTTP request sent, awaiting response... 200 OK
Length: unspecified [image/png]
Saving to: ‘dpsmap.com/valuedclients/images/nordic.png’

     0K .......... .......... ..........                        401M=0s

2026-05-13 01:42:08 (401 MB/s) - ‘dpsmap.com/valuedclients/images/nordic.png’ saved [31517]

--2026-05-13 01:42:08--  https://dpsmap.com/valuedclients/mazz.php
Reusing existing connection to dpsmap.com:443.
HTTP request sent, awaiting response... 200 OK
Length: unspecified [text/html]
Saving to: ‘dpsmap.com/valuedclients/mazz.php.html’

     0K .......... .......... .......... .......... ......      464M=0s

Last-modified header missing -- time-stamps turned off.
2026-05-13 01:42:08 (464 MB/s) - ‘dpsmap.com/valuedclients/mazz.php.html’ saved [47866]

--2026-05-13 01:42:08--  https://dpsmap.com/valuedclients/images/mazz.jpg
Reusing existing connection to dpsmap.com:443.
HTTP request sent, awaiting response... 200 OK
Length: unspecified [image/jpeg]
Saving to: ‘dpsmap.com/valuedclients/images/mazz.jpg’

     0K .......... .......... .......... .......... ...         396M=0s

2026-05-13 01:42:08 (396 MB/s) - ‘dpsmap.com/valuedclients/images/mazz.jpg’ saved [44958]

--2026-05-13 01:42:09--  https://dpsmap.com/valuedclients/ukarka.php
Reusing existing connection to dpsmap.com:443.
HTTP request sent, awaiting response... 200 OK
Length: unspecified [text/html]
Saving to: ‘dpsmap.com/valuedclients/ukarka.php.html’

     0K .......... .......... .......... .......... .......     465M=0s

Last-modified header missing -- time-stamps turned off.
2026-05-13 01:42:09 (465 MB/s) - ‘dpsmap.com/valuedclients/ukarka.php.html’ saved [48201]

--2026-05-13 01:42:09--  https://dpsmap.com/valuedclients/images/ukarka.png
Reusing existing connection to dpsmap.com:443.
HTTP request sent, awaiting response... 200 OK
Length: unspecified [image/png]
Saving to: ‘dpsmap.com/valuedclients/images/ukarka.png’

     0K ......                                                 2.86G=0s

2026-05-13 01:42:09 (2.86 GB/s) - ‘dpsmap.com/valuedclients/images/ukarka.png’ saved [6712]

--2026-05-13 01:42:09--  https://dpsmap.com/valuedclients/beyond.php
Reusing existing connection to dpsmap.com:443.
HTTP request sent, awaiting response... 200 OK
Length: unspecified [text/html]
Saving to: ‘dpsmap.com/valuedclients/beyond.php.html’

     0K .......... .......... .......... .......... .......     388M=0s

Last-modified header missing -- time-stamps turned off.
2026-05-13 01:42:09 (388 MB/s) - ‘dpsmap.com/valuedclients/beyond.php.html’ saved [48143]

--2026-05-13 01:42:10--  https://dpsmap.com/valuedclients/images/beyond.png
Reusing existing connection to dpsmap.com:443.
HTTP request sent, awaiting response... 200 OK
Length: unspecified [image/png]
Saving to: ‘dpsmap.com/valuedclients/images/beyond.png’

     0K ......                                                 3.17G=0s

2026-05-13 01:42:10 (3.17 GB/s) - ‘dpsmap.com/valuedclients/images/beyond.png’ saved [6961]

--2026-05-13 01:42:10--  https://dpsmap.com/valuedclients/efg.php
Reusing existing connection to dpsmap.com:443.
HTTP request sent, awaiting response... 200 OK
Length: unspecified [text/html]
Saving to: ‘dpsmap.com/valuedclients/efg.php.html’

     0K .......... .......... .......... .......... .......     472M=0s

Last-modified header missing -- time-stamps turned off.
2026-05-13 01:42:10 (472 MB/s) - ‘dpsmap.com/valuedclients/efg.php.html’ saved [48278]

--2026-05-13 01:42:10--  https://dpsmap.com/valuedclients/images/efg.png
Reusing existing connection to dpsmap.com:443.
HTTP request sent, awaiting response... 200 OK
Length: unspecified [image/png]
Saving to: ‘dpsmap.com/valuedclients/images/efg.png’

     0K .                                                       764M=0s

2026-05-13 01:42:10 (764 MB/s) - ‘dpsmap.com/valuedclients/images/efg.png’ saved [1215]

--2026-05-13 01:42:11--  https://dpsmap.com/valuedclients/k_farm.php
Reusing existing connection to dpsmap.com:443.
HTTP request sent, awaiting response... 200 OK
Length: unspecified [text/html]
Saving to: ‘dpsmap.com/valuedclients/k_farm.php.html’

     0K .......... .......... .......... .......... ......      411M=0s

Last-modified header missing -- time-stamps turned off.
2026-05-13 01:42:11 (411 MB/s) - ‘dpsmap.com/valuedclients/k_farm.php.html’ saved [47688]

--2026-05-13 01:42:11--  https://dpsmap.com/valuedclients/images/k_farm.jpg
Reusing existing connection to dpsmap.com:443.
HTTP request sent, awaiting response... 200 OK
Length: unspecified [image/jpeg]
Saving to: ‘dpsmap.com/valuedclients/images/k_farm.jpg’

     0K ....                                                   1.89G=0s

2026-05-13 01:42:11 (1.89 GB/s) - ‘dpsmap.com/valuedclients/images/k_farm.jpg’ saved [4451]

--2026-05-13 01:42:12--  https://dpsmap.com/valuedclients/koungmon.php
Reusing existing connection to dpsmap.com:443.
HTTP request sent, awaiting response... 200 OK
Length: unspecified [text/html]
Saving to: ‘dpsmap.com/valuedclients/koungmon.php.html’

     0K .......... .......... .......... .......... ......      435M=0s

Last-modified header missing -- time-stamps turned off.
2026-05-13 01:42:12 (435 MB/s) - ‘dpsmap.com/valuedclients/koungmon.php.html’ saved [47953]

--2026-05-13 01:42:12--  https://dpsmap.com/valuedclients/images/koungmon.jpg
Reusing existing connection to dpsmap.com:443.
HTTP request sent, awaiting response... 200 OK
Length: unspecified [image/jpeg]
Saving to: ‘dpsmap.com/valuedclients/images/koungmon.jpg’

     0K ........                                                204M=0s

2026-05-13 01:42:12 (204 MB/s) - ‘dpsmap.com/valuedclients/images/koungmon.jpg’ saved [8274]

--2026-05-13 01:42:12--  https://dpsmap.com/valuedclients/fuyuanju.php
Reusing existing connection to dpsmap.com:443.
HTTP request sent, awaiting response... 200 OK
Length: unspecified [text/html]
Saving to: ‘dpsmap.com/valuedclients/fuyuanju.php.html’

     0K .......... .......... .......... .......... ......      250M=0s

Last-modified header missing -- time-stamps turned off.
2026-05-13 01:42:13 (250 MB/s) - ‘dpsmap.com/valuedclients/fuyuanju.php.html’ saved [47979]

--2026-05-13 01:42:13--  https://dpsmap.com/valuedclients/images/fuyuanju.png
Reusing existing connection to dpsmap.com:443.
HTTP request sent, awaiting response... 200 OK
Length: unspecified [image/png]
Saving to: ‘dpsmap.com/valuedclients/images/fuyuanju.png’

     0K .........                                               240M=0s

2026-05-13 01:42:13 (240 MB/s) - ‘dpsmap.com/valuedclients/images/fuyuanju.png’ saved [9542]

--2026-05-13 01:42:13--  https://dpsmap.com/valuedclients/delous.php
Reusing existing connection to dpsmap.com:443.
HTTP request sent, awaiting response... 200 OK
Length: unspecified [text/html]
Saving to: ‘dpsmap.com/valuedclients/delous.php.html’

     0K .......... .......... .......... .......... ..........  450M
    50K                                                        1.02T=0s

Last-modified header missing -- time-stamps turned off.
2026-05-13 01:42:13 (455 MB/s) - ‘dpsmap.com/valuedclients/delous.php.html’ saved [51762]

--2026-05-13 01:42:13--  https://dpsmap.com/valuedclients/images/delous.jpg
Reusing existing connection to dpsmap.com:443.
HTTP request sent, awaiting response... 200 OK
Length: unspecified [image/jpeg]
Saving to: ‘dpsmap.com/valuedclients/images/delous.jpg’

     0K ...                                                    1.76G=0s

2026-05-13 01:42:14 (1.76 GB/s) - ‘dpsmap.com/valuedclients/images/delous.jpg’ saved [3986]

--2026-05-13 01:42:14--  https://dpsmap.com/valuedclients/mdg.php
Reusing existing connection to dpsmap.com:443.
HTTP request sent, awaiting response... 200 OK
Length: unspecified [text/html]
Saving to: ‘dpsmap.com/valuedclients/mdg.php.html’

     0K .......... .......... .......... .......... .......     486M=0s

Last-modified header missing -- time-stamps turned off.
2026-05-13 01:42:14 (486 MB/s) - ‘dpsmap.com/valuedclients/mdg.php.html’ saved [48248]

--2026-05-13 01:42:14--  https://dpsmap.com/valuedclients/images/mdg.png
Reusing existing connection to dpsmap.com:443.
HTTP request sent, awaiting response... 200 OK
Length: unspecified [image/png]
Saving to: ‘dpsmap.com/valuedclients/images/mdg.png’

     0K ...                                                    1.81G=0s

2026-05-13 01:42:14 (1.81 GB/s) - ‘dpsmap.com/valuedclients/images/mdg.png’ saved [3670]

--2026-05-13 01:42:14--  https://dpsmap.com/valuedclients/images/redcrosslogo.png
Reusing existing connection to dpsmap.com:443.
HTTP request sent, awaiting response... 200 OK
Length: unspecified [image/png]
Saving to: ‘dpsmap.com/valuedclients/images/redcrosslogo.png’

     0K .......... ......                                       263M=0s

2026-05-13 01:42:15 (263 MB/s) - ‘dpsmap.com/valuedclients/images/redcrosslogo.png’ saved [17266]

--2026-05-13 01:42:15--  https://dpsmap.com/valuedclients/EmbassyofIndia.php
Reusing existing connection to dpsmap.com:443.
HTTP request sent, awaiting response... 200 OK
Length: unspecified [text/html]
Saving to: ‘dpsmap.com/valuedclients/EmbassyofIndia.php.html’

     0K .......... .......... .......... .......... .......     246M=0s

Last-modified header missing -- time-stamps turned off.
2026-05-13 01:42:15 (246 MB/s) - ‘dpsmap.com/valuedclients/EmbassyofIndia.php.html’ saved [48585]

--2026-05-13 01:42:15--  https://dpsmap.com/valuedclients/images/Embassy_of_India.png
Reusing existing connection to dpsmap.com:443.
HTTP request sent, awaiting response... 200 OK
Length: unspecified [image/png]
Saving to: ‘dpsmap.com/valuedclients/images/Embassy_of_India.png’

     0K ........                                                227M=0s

2026-05-13 01:42:15 (227 MB/s) - ‘dpsmap.com/valuedclients/images/Embassy_of_India.png’ saved [8976]

--2026-05-13 01:42:16--  https://dpsmap.com/valuedclients/who.php
Reusing existing connection to dpsmap.com:443.
HTTP request sent, awaiting response... 200 OK
Length: unspecified [text/html]
Saving to: ‘dpsmap.com/valuedclients/who.php.html’

     0K .......... .......... .......... .......... ......      455M=0s

Last-modified header missing -- time-stamps turned off.
2026-05-13 01:42:16 (455 MB/s) - ‘dpsmap.com/valuedclients/who.php.html’ saved [47925]

--2026-05-13 01:42:16--  https://dpsmap.com/valuedclients/images/who.jpg
Reusing existing connection to dpsmap.com:443.
HTTP request sent, awaiting response... 200 OK
Length: unspecified [image/jpeg]
Saving to: ‘dpsmap.com/valuedclients/images/who.jpg’

     0K .........                                               249M=0s

2026-05-13 01:42:16 (249 MB/s) - ‘dpsmap.com/valuedclients/images/who.jpg’ saved [9846]

--2026-05-13 01:42:16--  https://dpsmap.com/valuedclients/merlin.php
Reusing existing connection to dpsmap.com:443.
HTTP request sent, awaiting response... 200 OK
Length: unspecified [text/html]
Saving to: ‘dpsmap.com/valuedclients/merlin.php.html’

     0K .......... .......... .......... .......... ......      397M=0s

Last-modified header missing -- time-stamps turned off.
2026-05-13 01:42:17 (397 MB/s) - ‘dpsmap.com/valuedclients/merlin.php.html’ saved [47289]

--2026-05-13 01:42:17--  https://dpsmap.com/valuedclients/images/merlin.jpg
Reusing existing connection to dpsmap.com:443.
HTTP request sent, awaiting response... 200 OK
Length: unspecified [image/jpeg]
Saving to: ‘dpsmap.com/valuedclients/images/merlin.jpg’

     0K .......... .......... ........                          405M=0s

2026-05-13 01:42:17 (405 MB/s) - ‘dpsmap.com/valuedclients/images/merlin.jpg’ saved [29018]

--2026-05-13 01:42:17--  https://dpsmap.com/valuedclients/unhcr.php
Reusing existing connection to dpsmap.com:443.
HTTP request sent, awaiting response... 200 OK
Length: unspecified [text/html]
Saving to: ‘dpsmap.com/valuedclients/unhcr.php.html’

     0K .......... .......... .......... .......... ......      433M=0s

Last-modified header missing -- time-stamps turned off.
2026-05-13 01:42:17 (433 MB/s) - ‘dpsmap.com/valuedclients/unhcr.php.html’ saved [47800]

--2026-05-13 01:42:18--  https://dpsmap.com/valuedclients/images/unhcr.jpg
Reusing existing connection to dpsmap.com:443.
HTTP request sent, awaiting response... 200 OK
Length: unspecified [image/jpeg]
Saving to: ‘dpsmap.com/valuedclients/images/unhcr.jpg’

     0K ......                                                 2.62G=0s

2026-05-13 01:42:18 (2.62 GB/s) - ‘dpsmap.com/valuedclients/images/unhcr.jpg’ saved [6940]

--2026-05-13 01:42:18--  https://dpsmap.com/valuedclients/undp.php
Reusing existing connection to dpsmap.com:443.
HTTP request sent, awaiting response... 200 OK
Length: unspecified [text/html]
Saving to: ‘dpsmap.com/valuedclients/undp.php.html’

     0K .......... .......... .......... .......... ......      399M=0s

Last-modified header missing -- time-stamps turned off.
2026-05-13 01:42:18 (399 MB/s) - ‘dpsmap.com/valuedclients/undp.php.html’ saved [47461]

--2026-05-13 01:42:18--  https://dpsmap.com/valuedclients/images/undp.jpg
Reusing existing connection to dpsmap.com:443.
HTTP request sent, awaiting response... 200 OK
Length: unspecified [image/jpeg]
Saving to: ‘dpsmap.com/valuedclients/images/undp.jpg’

     0K .......... .......... .......... .......... ..........  280M
    50K .......... .......... .......... .......... ..........  188M
   100K .......... .......... .......... .......... ..........  442M
   150K .......... .......... .......... .......... ..........  556M
   200K .......... .......... .......... .......... .......... 31.0M
   250K .......... .......... .......... .......... ..........  337M
   300K .......... .......... .......... .......... ..........  537M
   350K .......... .......... .......... .......... ..........  256M
   400K .......... .......... .......... .......... ..........  552M
   450K .......... .......... .......... .......... ..........  313M
   500K .......... .......... .......... .......... ..........  568M
   550K .......... .......... .......... .......... ..........  335M
   600K .......... .......... .......... .......... ..........  493M
   650K .......... .......... ....                              476M=0.003s

2026-05-13 01:42:18 (202 MB/s) - ‘dpsmap.com/valuedclients/images/undp.jpg’ saved [690609]

--2026-05-13 01:42:19--  https://dpsmap.com/valuedclients/ffss.php
Reusing existing connection to dpsmap.com:443.
HTTP request sent, awaiting response... 200 OK
Length: unspecified [text/html]
Saving to: ‘dpsmap.com/valuedclients/ffss.php.html’

     0K .......... .......... .......... .......... ......      209M=0s

Last-modified header missing -- time-stamps turned off.
2026-05-13 01:42:19 (209 MB/s) - ‘dpsmap.com/valuedclients/ffss.php.html’ saved [47605]

--2026-05-13 01:42:19--  https://dpsmap.com/valuedclients/images/ffss.jpg
Reusing existing connection to dpsmap.com:443.
HTTP request sent, awaiting response... 200 OK
Length: unspecified [image/jpeg]
Saving to: ‘dpsmap.com/valuedclients/images/ffss.jpg’

     0K .......... .......... .......... .........              411M=0s

2026-05-13 01:42:19 (411 MB/s) - ‘dpsmap.com/valuedclients/images/ffss.jpg’ saved [40236]

--2026-05-13 01:42:19--  https://dpsmap.com/valuedclients/jica.php
Reusing existing connection to dpsmap.com:443.
HTTP request sent, awaiting response... 200 OK
Length: unspecified [text/html]
Saving to: ‘dpsmap.com/valuedclients/jica.php.html’

     0K .......... .......... .......... .......... ......      204M=0s

Last-modified header missing -- time-stamps turned off.
2026-05-13 01:42:19 (204 MB/s) - ‘dpsmap.com/valuedclients/jica.php.html’ saved [48102]

--2026-05-13 01:42:20--  https://dpsmap.com/valuedclients/images/jica.jpg
Reusing existing connection to dpsmap.com:443.
HTTP request sent, awaiting response... 200 OK
Length: unspecified [image/jpeg]
Saving to: ‘dpsmap.com/valuedclients/images/jica.jpg’

     0K .......... .......... .......... .......... ..........  218M
    50K .......... .......... ..                                532M=0s

2026-05-13 01:42:20 (267 MB/s) - ‘dpsmap.com/valuedclients/images/jica.jpg’ saved [74374]

--2026-05-13 01:42:20--  https://dpsmap.com/valuedclients/kwater.php
Reusing existing connection to dpsmap.com:443.
HTTP request sent, awaiting response... 200 OK
Length: unspecified [text/html]
Saving to: ‘dpsmap.com/valuedclients/kwater.php.html’

     0K .......... .......... .......... .......... ......      394M=0s

Last-modified header missing -- time-stamps turned off.
2026-05-13 01:42:20 (394 MB/s) - ‘dpsmap.com/valuedclients/kwater.php.html’ saved [47927]

--2026-05-13 01:42:20--  https://dpsmap.com/valuedclients/images/kwater.jpg
Reusing existing connection to dpsmap.com:443.
HTTP request sent, awaiting response... 200 OK
Length: unspecified [image/jpeg]
Saving to: ‘dpsmap.com/valuedclients/images/kwater.jpg’

     0K .......... .......... ......                            180M=0s

2026-05-13 01:42:20 (180 MB/s) - ‘dpsmap.com/valuedclients/images/kwater.jpg’ saved [27200]

--2026-05-13 01:42:21--  https://dpsmap.com/valuedclients/danish.php
Reusing existing connection to dpsmap.com:443.
HTTP request sent, awaiting response... 200 OK
Length: unspecified [text/html]
Saving to: ‘dpsmap.com/valuedclients/danish.php.html’

     0K .......... .......... .......... .......... ......      408M=0s

Last-modified header missing -- time-stamps turned off.
2026-05-13 01:42:21 (408 MB/s) - ‘dpsmap.com/valuedclients/danish.php.html’ saved [47966]

--2026-05-13 01:42:21--  https://dpsmap.com/valuedclients/images/danish.png
Reusing existing connection to dpsmap.com:443.
HTTP request sent, awaiting response... 200 OK
Length: unspecified [image/png]
Saving to: ‘dpsmap.com/valuedclients/images/danish.png’

     0K ....                                                   1.30G=0s

2026-05-13 01:42:21 (1.30 GB/s) - ‘dpsmap.com/valuedclients/images/danish.png’ saved [4325]

--2026-05-13 01:42:21--  https://dpsmap.com/valuedclients/efr.php
Reusing existing connection to dpsmap.com:443.
HTTP request sent, awaiting response... 200 OK
Length: unspecified [text/html]
Saving to: ‘dpsmap.com/valuedclients/efr.php.html’

     0K .......... .......... .......... .......... ......      405M=0s

Last-modified header missing -- time-stamps turned off.
2026-05-13 01:42:21 (405 MB/s) - ‘dpsmap.com/valuedclients/efr.php.html’ saved [47584]

--2026-05-13 01:42:21--  https://dpsmap.com/valuedclients/images/efr.jpg
Reusing existing connection to dpsmap.com:443.
HTTP request sent, awaiting response... 200 OK
Length: unspecified [image/jpeg]
Saving to: ‘dpsmap.com/valuedclients/images/efr.jpg’

     0K .......... .......... .......... .......... ..........  178M
    50K .......... .......... .......... .......... ..........  153M
   100K .......... .......... .......... .......... ..........  387M
   150K .......... .......... .......... .......... .......... 17.8M
   200K .......... .......... .......... .......... .......... 18.3M
   250K .......... .......... .......... .......... .......... 20.8M
   300K .......... .......... .......... .......... .......... 14.7M
   350K .......... .......... .......... .......... .......... 17.6M
   400K .......... .......... .......... .......... .......... 25.6M
   450K .......... .......... .......... .......... .......... 9.88M
   500K .......... .......... .......... .......... .......... 18.0M
   550K .......... .......... .......... .......... ..........  259M
   600K .......... .......... .......... .......... .......... 13.5M
   650K .......... .......... .......... ..                     556M=0.03s

2026-05-13 01:42:22 (23.8 MB/s) - ‘dpsmap.com/valuedclients/images/efr.jpg’ saved [698647]

--2026-05-13 01:42:22--  https://dpsmap.com/valuedclients/zawgyi.php
Reusing existing connection to dpsmap.com:443.
HTTP request sent, awaiting response... 200 OK
Length: unspecified [text/html]
Saving to: ‘dpsmap.com/valuedclients/zawgyi.php.html’

     0K .......... .......... .......... .......... ......      398M=0s

Last-modified header missing -- time-stamps turned off.
2026-05-13 01:42:22 (398 MB/s) - ‘dpsmap.com/valuedclients/zawgyi.php.html’ saved [47620]

--2026-05-13 01:42:22--  https://dpsmap.com/valuedclients/images/zawgyi.png
Reusing existing connection to dpsmap.com:443.
HTTP request sent, awaiting response... 200 OK
Length: unspecified [image/png]
Saving to: ‘dpsmap.com/valuedclients/images/zawgyi.png’

     0K .......... .........                                    279M=0s

2026-05-13 01:42:22 (279 MB/s) - ‘dpsmap.com/valuedclients/images/zawgyi.png’ saved [19677]

--2026-05-13 01:42:22--  https://dpsmap.com/valuedclients/media.php
Reusing existing connection to dpsmap.com:443.
HTTP request sent, awaiting response... 200 OK
Length: unspecified [text/html]
Saving to: ‘dpsmap.com/valuedclients/media.php.html’

     0K .......... .......... .......... .......... .....       231M=0s

Last-modified header missing -- time-stamps turned off.
2026-05-13 01:42:22 (231 MB/s) - ‘dpsmap.com/valuedclients/media.php.html’ saved [47099]

--2026-05-13 01:42:23--  https://dpsmap.com/valuedclients/images/media.jpg
Reusing existing connection to dpsmap.com:443.
HTTP request sent, awaiting response... 200 OK
Length: unspecified [image/jpeg]
Saving to: ‘dpsmap.com/valuedclients/images/media.jpg’

     0K .......... .......... ....                              274M=0s

2026-05-13 01:42:23 (274 MB/s) - ‘dpsmap.com/valuedclients/images/media.jpg’ saved [24791]

--2026-05-13 01:42:23--  https://dpsmap.com/valuedclients/teso.php
Reusing existing connection to dpsmap.com:443.
HTTP request sent, awaiting response... 200 OK
Length: unspecified [text/html]
Saving to: ‘dpsmap.com/valuedclients/teso.php.html’

     0K .......... .......... .......... .......... ......      295M=0s

Last-modified header missing -- time-stamps turned off.
2026-05-13 01:42:23 (295 MB/s) - ‘dpsmap.com/valuedclients/teso.php.html’ saved [47968]

--2026-05-13 01:42:23--  https://dpsmap.com/valuedclients/images/teso.jpg
Reusing existing connection to dpsmap.com:443.
HTTP request sent, awaiting response... 200 OK
Length: unspecified [image/jpeg]
Saving to: ‘dpsmap.com/valuedclients/images/teso.jpg’

     0K .......... .......... .......... ......                 322M=0s

2026-05-13 01:42:23 (322 MB/s) - ‘dpsmap.com/valuedclients/images/teso.jpg’ saved [37067]

--2026-05-13 01:42:24--  https://dpsmap.com/valuedclients/klc.php
Reusing existing connection to dpsmap.com:443.
HTTP request sent, awaiting response... 200 OK
Length: unspecified [text/html]
Saving to: ‘dpsmap.com/valuedclients/klc.php.html’

     0K .......... .......... .......... .......... .......     261M=0s

Last-modified header missing -- time-stamps turned off.
2026-05-13 01:42:24 (261 MB/s) - ‘dpsmap.com/valuedclients/klc.php.html’ saved [48239]

--2026-05-13 01:42:24--  https://dpsmap.com/valuedclients/images/klc.jpg
Reusing existing connection to dpsmap.com:443.
HTTP request sent, awaiting response... 200 OK
Length: unspecified [image/jpeg]
Saving to: ‘dpsmap.com/valuedclients/images/klc.jpg’

     0K .......... .......... .......                           366M=0s

2026-05-13 01:42:24 (366 MB/s) - ‘dpsmap.com/valuedclients/images/klc.jpg’ saved [28318]

--2026-05-13 01:42:24--  https://dpsmap.com/valuedclients/nippon.php
Reusing existing connection to dpsmap.com:443.
HTTP request sent, awaiting response... 200 OK
Length: unspecified [text/html]
Saving to: ‘dpsmap.com/valuedclients/nippon.php.html’

     0K .......... .......... .......... .......... ......      354M=0s

Last-modified header missing -- time-stamps turned off.
2026-05-13 01:42:25 (354 MB/s) - ‘dpsmap.com/valuedclients/nippon.php.html’ saved [47496]

--2026-05-13 01:42:25--  https://dpsmap.com/valuedclients/images/nippon.jpg
Reusing existing connection to dpsmap.com:443.
HTTP request sent, awaiting response... 200 OK
Length: unspecified [image/jpeg]
Saving to: ‘dpsmap.com/valuedclients/images/nippon.jpg’

     0K ....                                                   2.02G=0s

2026-05-13 01:42:25 (2.02 GB/s) - ‘dpsmap.com/valuedclients/images/nippon.jpg’ saved [4940]

--2026-05-13 01:42:25--  https://dpsmap.com/valuedclients/kbzbank.php
Reusing existing connection to dpsmap.com:443.
HTTP request sent, awaiting response... 200 OK
Length: unspecified [text/html]
Saving to: ‘dpsmap.com/valuedclients/kbzbank.php.html’

     0K .......... .......... .......... .......... ........    315M=0s

Last-modified header missing -- time-stamps turned off.
2026-05-13 01:42:26 (315 MB/s) - ‘dpsmap.com/valuedclients/kbzbank.php.html’ saved [49887]

--2026-05-13 01:42:26--  https://dpsmap.com/valuedclients/images/kbzbank.jpg
Reusing existing connection to dpsmap.com:443.
HTTP request sent, awaiting response... 200 OK
Length: unspecified [image/jpeg]
Saving to: ‘dpsmap.com/valuedclients/images/kbzbank.jpg’

     0K .......... .......... .......... .......... ..........  346M
    50K                                                         769G=0s

2026-05-13 01:42:26 (348 MB/s) - ‘dpsmap.com/valuedclients/images/kbzbank.jpg’ saved [51613]

--2026-05-13 01:42:26--  https://dpsmap.com/valuedclients/cbbank.php
Reusing existing connection to dpsmap.com:443.
HTTP request sent, awaiting response... 200 OK
Length: unspecified [text/html]
Saving to: ‘dpsmap.com/valuedclients/cbbank.php.html’

     0K .......... .......... .......... .......... ......      429M=0s

Last-modified header missing -- time-stamps turned off.
2026-05-13 01:42:26 (429 MB/s) - ‘dpsmap.com/valuedclients/cbbank.php.html’ saved [47488]

--2026-05-13 01:42:26--  https://dpsmap.com/valuedclients/images/cbbank.jpg
Reusing existing connection to dpsmap.com:443.
HTTP request sent, awaiting response... 200 OK
Length: unspecified [image/jpeg]
Saving to: ‘dpsmap.com/valuedclients/images/cbbank.jpg’

     0K .......... .......... .......                           315M=0s

2026-05-13 01:42:27 (315 MB/s) - ‘dpsmap.com/valuedclients/images/cbbank.jpg’ saved [27786]

--2026-05-13 01:42:27--  https://dpsmap.com/valuedclients/uabbank.php
Reusing existing connection to dpsmap.com:443.
HTTP request sent, awaiting response... 200 OK
Length: unspecified [text/html]
Saving to: ‘dpsmap.com/valuedclients/uabbank.php.html’

     0K .......... .......... .......... .......... ......      385M=0s

Last-modified header missing -- time-stamps turned off.
2026-05-13 01:42:27 (385 MB/s) - ‘dpsmap.com/valuedclients/uabbank.php.html’ saved [47425]

--2026-05-13 01:42:27--  https://dpsmap.com/valuedclients/images/uabbank.jpg
Reusing existing connection to dpsmap.com:443.
HTTP request sent, awaiting response... 200 OK
Length: unspecified [image/jpeg]
Saving to: ‘dpsmap.com/valuedclients/images/uabbank.jpg’

     0K .......... .......... ..........                        347M=0s

2026-05-13 01:42:27 (347 MB/s) - ‘dpsmap.com/valuedclients/images/uabbank.jpg’ saved [30766]

--2026-05-13 01:42:28--  https://dpsmap.com/valuedclients/ayabank.php
Reusing existing connection to dpsmap.com:443.
HTTP request sent, awaiting response... 200 OK
Length: unspecified [text/html]
Saving to: ‘dpsmap.com/valuedclients/ayabank.php.html’

     0K .......... .......... .......... .......... ......      343M=0s

Last-modified header missing -- time-stamps turned off.
2026-05-13 01:42:28 (343 MB/s) - ‘dpsmap.com/valuedclients/ayabank.php.html’ saved [48068]

--2026-05-13 01:42:28--  https://dpsmap.com/valuedclients/images/ayabank.jpg
Reusing existing connection to dpsmap.com:443.
HTTP request sent, awaiting response... 200 OK
Length: unspecified [image/jpeg]
Saving to: ‘dpsmap.com/valuedclients/images/ayabank.jpg’

     0K .....                                                  1.92G=0s

2026-05-13 01:42:28 (1.92 GB/s) - ‘dpsmap.com/valuedclients/images/ayabank.jpg’ saved [5608]

--2026-05-13 01:42:28--  https://dpsmap.com/valuedclients/buga.php
Reusing existing connection to dpsmap.com:443.
HTTP request sent, awaiting response... 200 OK
Length: unspecified [text/html]
Saving to: ‘dpsmap.com/valuedclients/buga.php.html’

     0K .......... .......... .......... .......... ......      410M=0s

Last-modified header missing -- time-stamps turned off.
2026-05-13 01:42:28 (410 MB/s) - ‘dpsmap.com/valuedclients/buga.php.html’ saved [47523]

--2026-05-13 01:42:29--  https://dpsmap.com/valuedclients/images/buga.jpg
Reusing existing connection to dpsmap.com:443.
HTTP request sent, awaiting response... 200 OK
Length: unspecified [image/jpeg]
Saving to: ‘dpsmap.com/valuedclients/images/buga.jpg’

     0K .......... .......... .......... .......... ..........  375M
    50K .......... .......... .......... .......... .......... 40.8M
   100K .......... .......... .......... .......... .......... 35.0M
   150K .......... .......... .......... .......... .......... 16.9M
   200K .......... .......... .......... .......... .......... 84.2M
   250K .......... .......... .......... .......... .......... 31.0M
   300K .......... .......... .......... .......... .......... 42.1M
   350K .......... .......... .......... .......... .......... 38.5M
   400K .......... .......... .......... .......... .......... 19.3M
   450K .......... .......... .......... .......... ..........  159M
   500K .......... .......... .......... .......... .......... 18.7M
   550K .......... .......... .......                           161M=0.02s

2026-05-13 01:42:29 (35.7 MB/s) - ‘dpsmap.com/valuedclients/images/buga.jpg’ saved [591459]

--2026-05-13 01:42:29--  https://dpsmap.com/valuedclients/gis.php
Reusing existing connection to dpsmap.com:443.
HTTP request sent, awaiting response... 200 OK
Length: unspecified [text/html]
Saving to: ‘dpsmap.com/valuedclients/gis.php.html’

     0K .......... .......... .......... .......... .........   378M=0s

Last-modified header missing -- time-stamps turned off.
2026-05-13 01:42:30 (378 MB/s) - ‘dpsmap.com/valuedclients/gis.php.html’ saved [50758]

--2026-05-13 01:42:30--  https://dpsmap.com/valuedclients/images/gis.jpg
Reusing existing connection to dpsmap.com:443.
HTTP request sent, awaiting response... 200 OK
Length: unspecified [image/jpeg]
Saving to: ‘dpsmap.com/valuedclients/images/gis.jpg’

     0K .......... .......... .......... ...                    321M=0s

2026-05-13 01:42:30 (321 MB/s) - ‘dpsmap.com/valuedclients/images/gis.jpg’ saved [33830]

--2026-05-13 01:42:30--  https://dpsmap.com/valuedclients/iida.php
Reusing existing connection to dpsmap.com:443.
HTTP request sent, awaiting response... 200 OK
Length: unspecified [text/html]
Saving to: ‘dpsmap.com/valuedclients/iida.php.html’

     0K .......... .......... .......... .......... .......     369M=0s

Last-modified header missing -- time-stamps turned off.
2026-05-13 01:42:30 (369 MB/s) - ‘dpsmap.com/valuedclients/iida.php.html’ saved [48181]

--2026-05-13 01:42:30--  https://dpsmap.com/valuedclients/images/iida.jpg
Reusing existing connection to dpsmap.com:443.
HTTP request sent, awaiting response... 200 OK
Length: unspecified [image/jpeg]
Saving to: ‘dpsmap.com/valuedclients/images/iida.jpg’

     0K ..                                                     1.50G=0s

2026-05-13 01:42:30 (1.50 GB/s) - ‘dpsmap.com/valuedclients/images/iida.jpg’ saved [2721]

--2026-05-13 01:42:31--  https://dpsmap.com/valuedclients/stone_wall.php
Reusing existing connection to dpsmap.com:443.
HTTP request sent, awaiting response... 200 OK
Length: unspecified [text/html]
Saving to: ‘dpsmap.com/valuedclients/stone_wall.php.html’

     0K .......... .......... .......... .......... ......      413M=0s

Last-modified header missing -- time-stamps turned off.
2026-05-13 01:42:31 (413 MB/s) - ‘dpsmap.com/valuedclients/stone_wall.php.html’ saved [47975]

--2026-05-13 01:42:31--  https://dpsmap.com/valuedclients/images/stone_wall.png
Reusing existing connection to dpsmap.com:443.
HTTP request sent, awaiting response... 200 OK
Length: unspecified [image/png]
Saving to: ‘dpsmap.com/valuedclients/images/stone_wall.png’

     0K .......... .......... .......... .......... .......... 10.5M
    50K .......... .......... .......... .......... .......... 10.0M
   100K .......... ......                                       115M=0.01s

2026-05-13 01:42:31 (11.8 MB/s) - ‘dpsmap.com/valuedclients/images/stone_wall.png’ saved [119728]

--2026-05-13 01:42:31--  https://dpsmap.com/assets/css/privacy&policy.css
Reusing existing connection to dpsmap.com:443.
HTTP request sent, awaiting response... 200 OK
Length: unspecified [text/css]
Saving to: ‘dpsmap.com/assets/css/privacy&policy.css’

     0K .                                                       521M=0s

2026-05-13 01:42:32 (521 MB/s) - ‘dpsmap.com/assets/css/privacy&policy.css’ saved [1039]

--2026-05-13 01:42:32--  https://dpsmap.com/pages/privacy-and-policy/images/satellite.jpg
Reusing existing connection to dpsmap.com:443.
HTTP request sent, awaiting response... 404 Not Found
2026-05-13 01:42:32 ERROR 404: Not Found.

--2026-05-13 01:42:32--  https://shop.dpsmap.com/wp-content/plugins/woocommerce/assets/fonts/star.eot
Connecting to shop.dpsmap.com (shop.dpsmap.com)|172.67.214.179|:443... connected.
HTTP request sent, awaiting response... 200 OK
Length: 1676 (1.6K) [application/vnd.ms-fontobject]
Saving to: ‘shop.dpsmap.com/wp-content/plugins/woocommerce/assets/fonts/star.eot’

     0K .                                                     100% 9.31K=0.2s

2026-05-13 01:42:36 (9.31 KB/s) - ‘shop.dpsmap.com/wp-content/plugins/woocommerce/assets/fonts/star.eot’ saved [1676/1676]

--2026-05-13 01:42:36--  https://shop.dpsmap.com/wp-content/plugins/woocommerce/assets/fonts/star.eot?
Reusing existing connection to shop.dpsmap.com:443.
HTTP request sent, awaiting response... 200 OK
Length: 1676 (1.6K) [application/vnd.ms-fontobject]
Saving to: ‘shop.dpsmap.com/wp-content/plugins/woocommerce/assets/fonts/star.eot@’

     0K .                                                     100% 6.45K=0.3s

2026-05-13 01:42:37 (6.45 KB/s) - ‘shop.dpsmap.com/wp-content/plugins/woocommerce/assets/fonts/star.eot@’ saved [1676/1676]

--2026-05-13 01:42:37--  https://shop.dpsmap.com/wp-content/plugins/woocommerce/assets/fonts/star.woff
Reusing existing connection to shop.dpsmap.com:443.
HTTP request sent, awaiting response... 200 OK
Length: 1304 (1.3K) [font/woff]
Saving to: ‘shop.dpsmap.com/wp-content/plugins/woocommerce/assets/fonts/star.woff’

     0K .                                                     100% 5.05K=0.3s

2026-05-13 01:42:38 (5.05 KB/s) - ‘shop.dpsmap.com/wp-content/plugins/woocommerce/assets/fonts/star.woff’ saved [1304/1304]

--2026-05-13 01:42:38--  https://shop.dpsmap.com/wp-content/plugins/woocommerce/assets/fonts/star.ttf
Reusing existing connection to shop.dpsmap.com:443.
HTTP request sent, awaiting response... 200 OK
Length: 1512 (1.5K) [application/octet-stream]
Saving to: ‘shop.dpsmap.com/wp-content/plugins/woocommerce/assets/fonts/star.ttf’

     0K .                                                     100% 5.84K=0.3s

2026-05-13 01:42:39 (5.84 KB/s) - ‘shop.dpsmap.com/wp-content/plugins/woocommerce/assets/fonts/star.ttf’ saved [1512/1512]

--2026-05-13 01:42:39--  https://shop.dpsmap.com/wp-content/plugins/woocommerce/assets/fonts/star.svg
Reusing existing connection to shop.dpsmap.com:443.
HTTP request sent, awaiting response... 200 OK
Length: 929 [image/svg+xml]
Saving to: ‘shop.dpsmap.com/wp-content/plugins/woocommerce/assets/fonts/star.svg’

     0K                                                       100% 3.57K=0.3s

2026-05-13 01:42:40 (3.57 KB/s) - ‘shop.dpsmap.com/wp-content/plugins/woocommerce/assets/fonts/star.svg’ saved [929/929]

--2026-05-13 01:42:41--  https://shop.dpsmap.com/wp-content/plugins/woocommerce/assets/fonts/WooCommerce.eot
Reusing existing connection to shop.dpsmap.com:443.
HTTP request sent, awaiting response... 200 OK
Length: 14280 (14K) [application/vnd.ms-fontobject]
Saving to: ‘shop.dpsmap.com/wp-content/plugins/woocommerce/assets/fonts/WooCommerce.eot’

     0K .......... ...                                        100% 39.7K=0.4s

2026-05-13 01:42:42 (39.7 KB/s) - ‘shop.dpsmap.com/wp-content/plugins/woocommerce/assets/fonts/WooCommerce.eot’ saved [14280/14280]

--2026-05-13 01:42:42--  https://shop.dpsmap.com/wp-content/plugins/woocommerce/assets/fonts/WooCommerce.eot?
Reusing existing connection to shop.dpsmap.com:443.
HTTP request sent, awaiting response... 200 OK
Length: 14280 (14K) [application/vnd.ms-fontobject]
Saving to: ‘shop.dpsmap.com/wp-content/plugins/woocommerce/assets/fonts/WooCommerce.eot@’

     0K .......... ...                                        100% 39.8K=0.4s

2026-05-13 01:42:43 (39.8 KB/s) - ‘shop.dpsmap.com/wp-content/plugins/woocommerce/assets/fonts/WooCommerce.eot@’ saved [14280/14280]

--2026-05-13 01:42:43--  https://shop.dpsmap.com/wp-content/plugins/woocommerce/assets/fonts/WooCommerce.woff
Reusing existing connection to shop.dpsmap.com:443.
HTTP request sent, awaiting response... 200 OK
Length: 14176 (14K) [font/woff]
Saving to: ‘shop.dpsmap.com/wp-content/plugins/woocommerce/assets/fonts/WooCommerce.woff’

     0K .......... ...                                        100% 39.5K=0.4s

2026-05-13 01:42:44 (39.5 KB/s) - ‘shop.dpsmap.com/wp-content/plugins/woocommerce/assets/fonts/WooCommerce.woff’ saved [14176/14176]

--2026-05-13 01:42:44--  https://shop.dpsmap.com/wp-content/plugins/woocommerce/assets/fonts/WooCommerce.ttf
Reusing existing connection to shop.dpsmap.com:443.
HTTP request sent, awaiting response... 200 OK
Length: 14100 (14K) [application/octet-stream]
Saving to: ‘shop.dpsmap.com/wp-content/plugins/woocommerce/assets/fonts/WooCommerce.ttf’

     0K .......... ...                                        100% 39.2K=0.4s

2026-05-13 01:42:46 (39.2 KB/s) - ‘shop.dpsmap.com/wp-content/plugins/woocommerce/assets/fonts/WooCommerce.ttf’ saved [14100/14100]

--2026-05-13 01:42:46--  https://shop.dpsmap.com/wp-content/plugins/woocommerce/assets/fonts/WooCommerce.svg
Reusing existing connection to shop.dpsmap.com:443.
HTTP request sent, awaiting response... 200 OK
Length: unspecified [image/svg+xml]
Saving to: ‘shop.dpsmap.com/wp-content/plugins/woocommerce/assets/fonts/WooCommerce.svg’

     0K .......... .......... .......... .......... .....      75.4K=0.6s

2026-05-13 01:42:47 (75.4 KB/s) - ‘shop.dpsmap.com/wp-content/plugins/woocommerce/assets/fonts/WooCommerce.svg’ saved [46770]

--2026-05-13 01:42:48--  https://shop.dpsmap.com/wp-content/plugins/woocommerce/assets/images/icons/loader.svg
Reusing existing connection to shop.dpsmap.com:443.
HTTP request sent, awaiting response... 200 OK
Length: 158 [image/svg+xml]
Saving to: ‘shop.dpsmap.com/wp-content/plugins/woocommerce/assets/images/icons/loader.svg’

     0K                                                       100%  249M=0s

2026-05-13 01:42:48 (249 MB/s) - ‘shop.dpsmap.com/wp-content/plugins/woocommerce/assets/images/icons/loader.svg’ saved [158/158]

--2026-05-13 01:42:49--  https://shop.dpsmap.com/wp-content/plugins/woocommerce/assets/images/icons/credit-cards/visa.svg
Reusing existing connection to shop.dpsmap.com:443.
HTTP request sent, awaiting response... 200 OK
Length: unspecified [image/svg+xml]
Saving to: ‘shop.dpsmap.com/wp-content/plugins/woocommerce/assets/images/icons/credit-cards/visa.svg’

     0K .                                                       556M=0s

2026-05-13 01:42:50 (556 MB/s) - ‘shop.dpsmap.com/wp-content/plugins/woocommerce/assets/images/icons/credit-cards/visa.svg’ saved [1359]

--2026-05-13 01:42:50--  https://shop.dpsmap.com/wp-content/plugins/woocommerce/assets/images/icons/credit-cards/mastercard.svg
Reusing existing connection to shop.dpsmap.com:443.
HTTP request sent, awaiting response... 200 OK
Length: unspecified [image/svg+xml]
Saving to: ‘shop.dpsmap.com/wp-content/plugins/woocommerce/assets/images/icons/credit-cards/mastercard.svg’

     0K ....                                                   25.8K=0.2s

2026-05-13 01:42:51 (25.8 KB/s) - ‘shop.dpsmap.com/wp-content/plugins/woocommerce/assets/images/icons/credit-cards/mastercard.svg’ saved [4634]

--2026-05-13 01:42:51--  https://shop.dpsmap.com/wp-content/plugins/woocommerce/assets/images/icons/credit-cards/laser.svg
Reusing existing connection to shop.dpsmap.com:443.
HTTP request sent, awaiting response... 200 OK
Length: unspecified [image/svg+xml]
Saving to: ‘shop.dpsmap.com/wp-content/plugins/woocommerce/assets/images/icons/credit-cards/laser.svg’

     0K ...                                                    1.43G=0s

2026-05-13 01:42:52 (1.43 GB/s) - ‘shop.dpsmap.com/wp-content/plugins/woocommerce/assets/images/icons/credit-cards/laser.svg’ saved [3110]

--2026-05-13 01:42:53--  https://shop.dpsmap.com/wp-content/plugins/woocommerce/assets/images/icons/credit-cards/diners.svg
Reusing existing connection to shop.dpsmap.com:443.
HTTP request sent, awaiting response... 200 OK
Length: 804 [image/svg+xml]
Saving to: ‘shop.dpsmap.com/wp-content/plugins/woocommerce/assets/images/icons/credit-cards/diners.svg’

     0K                                                       100%  860M=0s

2026-05-13 01:42:54 (860 MB/s) - ‘shop.dpsmap.com/wp-content/plugins/woocommerce/assets/images/icons/credit-cards/diners.svg’ saved [804/804]

--2026-05-13 01:42:54--  https://shop.dpsmap.com/wp-content/plugins/woocommerce/assets/images/icons/credit-cards/maestro.svg
Reusing existing connection to shop.dpsmap.com:443.
HTTP request sent, awaiting response... 200 OK
Length: unspecified [image/svg+xml]
Saving to: ‘shop.dpsmap.com/wp-content/plugins/woocommerce/assets/images/icons/credit-cards/maestro.svg’

     0K ......                                                 29.0M=0s

2026-05-13 01:42:56 (29.0 MB/s) - ‘shop.dpsmap.com/wp-content/plugins/woocommerce/assets/images/icons/credit-cards/maestro.svg’ saved [6797]

--2026-05-13 01:42:56--  https://shop.dpsmap.com/wp-content/plugins/woocommerce/assets/images/icons/credit-cards/jcb.svg
Reusing existing connection to shop.dpsmap.com:443.
HTTP request sent, awaiting response... 200 OK
Length: unspecified [image/svg+xml]
Saving to: ‘shop.dpsmap.com/wp-content/plugins/woocommerce/assets/images/icons/credit-cards/jcb.svg’

     0K ..                                                     1.20G=0s

2026-05-13 01:42:58 (1.20 GB/s) - ‘shop.dpsmap.com/wp-content/plugins/woocommerce/assets/images/icons/credit-cards/jcb.svg’ saved [2800]

--2026-05-13 01:42:58--  https://shop.dpsmap.com/wp-content/plugins/woocommerce/assets/images/icons/credit-cards/amex.svg
Reusing existing connection to shop.dpsmap.com:443.
HTTP request sent, awaiting response... 200 OK
Length: unspecified [image/svg+xml]
Saving to: ‘shop.dpsmap.com/wp-content/plugins/woocommerce/assets/images/icons/credit-cards/amex.svg’

     0K ....                                                   26.0K=0.2s

2026-05-13 01:42:59 (26.0 KB/s) - ‘shop.dpsmap.com/wp-content/plugins/woocommerce/assets/images/icons/credit-cards/amex.svg’ saved [4662]

--2026-05-13 01:42:59--  https://shop.dpsmap.com/wp-content/plugins/woocommerce/assets/images/icons/credit-cards/discover.svg
Reusing existing connection to shop.dpsmap.com:443.
HTTP request sent, awaiting response... 200 OK
Length: unspecified [image/svg+xml]
Saving to: ‘shop.dpsmap.com/wp-content/plugins/woocommerce/assets/images/icons/credit-cards/discover.svg’

     0K ..                                                     1.20G=0s

2026-05-13 01:43:00 (1.20 GB/s) - ‘shop.dpsmap.com/wp-content/plugins/woocommerce/assets/images/icons/credit-cards/discover.svg’ saved [2185]

--2026-05-13 01:43:01--  https://shop.dpsmap.com/wp-content/themes/storely/assets/css/owl.video.play.png
Reusing existing connection to shop.dpsmap.com:443.
HTTP request sent, awaiting response... 404 Not Found
2026-05-13 01:43:02 ERROR 404: Not Found.

--2026-05-13 01:43:02--  https://shop.dpsmap.com/wp-content/plugins/elementor/assets/lib/font-awesome/fonts/fontawesome-webfont.eot?v=4.7.0
Reusing existing connection to shop.dpsmap.com:443.
HTTP request sent, awaiting response... 200 OK
Length: 165742 (162K) [application/vnd.ms-fontobject]
Saving to: ‘shop.dpsmap.com/wp-content/plugins/elementor/assets/lib/font-awesome/fonts/fontawesome-webfont.eot@v=4.7.0’

     0K .......... .......... .......... .......... .......... 30% 95.7K 1s
    50K .......... .......... .......... .......... .......... 61%  180K 0s
   100K .......... .......... .......... .......... .......... 92% 5.48M 0s
   150K .......... .                                          100%  173K=0.9s

2026-05-13 01:43:03 (184 KB/s) - ‘shop.dpsmap.com/wp-content/plugins/elementor/assets/lib/font-awesome/fonts/fontawesome-webfont.eot@v=4.7.0’ saved [165742/165742]

--2026-05-13 01:43:04--  https://shop.dpsmap.com/wp-content/plugins/elementor/assets/lib/font-awesome/fonts/fontawesome-webfont.eot?
Reusing existing connection to shop.dpsmap.com:443.
HTTP request sent, awaiting response... 200 OK
Length: 165742 (162K) [application/vnd.ms-fontobject]
Saving to: ‘shop.dpsmap.com/wp-content/plugins/elementor/assets/lib/font-awesome/fonts/fontawesome-webfont.eot@’

     0K .......... .......... .......... .......... .......... 30%  178K 1s
    50K .......... .......... .......... .......... .......... 61%  196K 0s
   100K .......... .......... .......... .......... .......... 92%  203K 0s
   150K .......... .                                          100%  125K=0.9s

2026-05-13 01:43:05 (185 KB/s) - ‘shop.dpsmap.com/wp-content/plugins/elementor/assets/lib/font-awesome/fonts/fontawesome-webfont.eot@’ saved [165742/165742]

--2026-05-13 01:43:06--  https://shop.dpsmap.com/wp-content/plugins/elementor/assets/lib/font-awesome/fonts/fontawesome-webfont.woff2?v=4.7.0
Reusing existing connection to shop.dpsmap.com:443.
HTTP request sent, awaiting response... 200 OK
Length: 77160 (75K) [font/woff2]
Saving to: ‘shop.dpsmap.com/wp-content/plugins/elementor/assets/lib/font-awesome/fonts/fontawesome-webfont.woff2@v=4.7.0’

     0K .......... .......... .......... .......... .......... 66%  181K 0s
    50K .......... .......... .....                           100%  100K=0.5s

2026-05-13 01:43:07 (143 KB/s) - ‘shop.dpsmap.com/wp-content/plugins/elementor/assets/lib/font-awesome/fonts/fontawesome-webfont.woff2@v=4.7.0’ saved [77160/77160]

--2026-05-13 01:43:07--  https://shop.dpsmap.com/wp-content/plugins/elementor/assets/lib/font-awesome/fonts/fontawesome-webfont.woff?v=4.7.0
Reusing existing connection to shop.dpsmap.com:443.
HTTP request sent, awaiting response... 200 OK
Length: 98024 (96K) [font/woff]
Saving to: ‘shop.dpsmap.com/wp-content/plugins/elementor/assets/lib/font-awesome/fonts/fontawesome-webfont.woff@v=4.7.0’

     0K .......... .......... .......... .......... .......... 52% 92.3K 0s
    50K .......... .......... .......... .......... .....     100%  263K=0.7s

2026-05-13 01:43:09 (134 KB/s) - ‘shop.dpsmap.com/wp-content/plugins/elementor/assets/lib/font-awesome/fonts/fontawesome-webfont.woff@v=4.7.0’ saved [98024/98024]

--2026-05-13 01:43:09--  https://shop.dpsmap.com/wp-content/plugins/elementor/assets/lib/font-awesome/fonts/fontawesome-webfont.ttf?v=4.7.0
Reusing existing connection to shop.dpsmap.com:443.
HTTP request sent, awaiting response... 200 OK
Length: 165548 (162K) [application/octet-stream]
Saving to: ‘shop.dpsmap.com/wp-content/plugins/elementor/assets/lib/font-awesome/fonts/fontawesome-webfont.ttf@v=4.7.0’

     0K .......... .......... .......... .......... .......... 30% 97.7K 1s
    50K .......... .......... .......... .......... .......... 61% 3.11M 0s
   100K .......... .......... .......... .......... .......... 92%  199K 0s
   150K .......... .                                          100%  118K=0.9s

2026-05-13 01:43:11 (184 KB/s) - ‘shop.dpsmap.com/wp-content/plugins/elementor/assets/lib/font-awesome/fonts/fontawesome-webfont.ttf@v=4.7.0’ saved [165548/165548]

--2026-05-13 01:43:11--  https://shop.dpsmap.com/wp-content/plugins/elementor/assets/lib/font-awesome/fonts/fontawesome-webfont.svg?v=4.7.0
Reusing existing connection to shop.dpsmap.com:443.
HTTP request sent, awaiting response... 200 OK
Length: unspecified [image/svg+xml]
Saving to: ‘shop.dpsmap.com/wp-content/plugins/elementor/assets/lib/font-awesome/fonts/fontawesome-webfont.svg@v=4.7.0’

     0K .......... .......... .......... .......... ..........  137K
    50K .......... .......... .......... .......... ..........  187K
   100K .......... .......... .......... .......... ..........  195K
   150K .......... .......... .......... .......... ..........  936K
   200K .......... .......... .......... .......... ..........  198K
   250K .......... .......... .......... .......... ..........  726K
   300K .......... .......... .......... .......... ..........  177K
   350K .......... .......... .......... .......... ..........  316K
   400K .......... .......... .......... ...                    770K=1.7s

2026-05-13 01:43:13 (248 KB/s) - ‘shop.dpsmap.com/wp-content/plugins/elementor/assets/lib/font-awesome/fonts/fontawesome-webfont.svg@v=4.7.0’ saved [444379]

--2026-05-13 01:43:13--  https://shop.dpsmap.com/wp-content/themes/storely/assets/images/footer_icon.png
Reusing existing connection to shop.dpsmap.com:443.
HTTP request sent, awaiting response... 200 OK
Length: 188 [image/png]
Saving to: ‘shop.dpsmap.com/wp-content/themes/storely/assets/images/footer_icon.png’

     0K                                                       100%  173M=0s

2026-05-13 01:43:14 (173 MB/s) - ‘shop.dpsmap.com/wp-content/themes/storely/assets/images/footer_icon.png’ saved [188/188]

--2026-05-13 01:43:14--  https://shop.dpsmap.com/wp-content/themes/storely/assets/images/product-share.png
Reusing existing connection to shop.dpsmap.com:443.
HTTP request sent, awaiting response... 404 Not Found
2026-05-13 01:43:16 ERROR 404: Not Found.

--2026-05-13 01:43:16--  https://shop.dpsmap.com/index.php/wp-json/oembed/1.0/embed?url=https%3A%2F%2Fshop.dpsmap.com%2F
Reusing existing connection to shop.dpsmap.com:443.
HTTP request sent, awaiting response... 200 OK
Length: unspecified [application/json]
Saving to: ‘shop.dpsmap.com/index.php/wp-json/oembed/1.0/embed@url=https%3A%2F%2Fshop.dpsmap.com%2F’

     0K ..                                                     1.30G=0s

Last-modified header missing -- time-stamps turned off.
2026-05-13 01:43:27 (1.30 GB/s) - ‘shop.dpsmap.com/index.php/wp-json/oembed/1.0/embed@url=https%3A%2F%2Fshop.dpsmap.com%2F’ saved [2169]

--2026-05-13 01:43:27--  https://shop.dpsmap.com/index.php/wp-json/oembed/1.0/embed?url=https%3A%2F%2Fshop.dpsmap.com%2F&format=xml
Reusing existing connection to shop.dpsmap.com:443.
HTTP request sent, awaiting response... 200 OK
Length: unspecified [text/xml]
Saving to: ‘shop.dpsmap.com/index.php/wp-json/oembed/1.0/embed@url=https%3A%2F%2Fshop.dpsmap.com%2F&format=xml’

     0K ..                                                     1.20G=0s

Last-modified header missing -- time-stamps turned off.
2026-05-13 01:43:32 (1.20 GB/s) - ‘shop.dpsmap.com/index.php/wp-json/oembed/1.0/embed@url=https%3A%2F%2Fshop.dpsmap.com%2F&format=xml’ saved [2319]

--2026-05-13 01:43:33--  https://shop.dpsmap.com/wp-content/plugins/elementor/assets/lib/eicons/css/elementor-icons.min.css?ver=5.23.0
Reusing existing connection to shop.dpsmap.com:443.
HTTP request sent, awaiting response... 200 OK
Length: unspecified [text/css]
Saving to: ‘shop.dpsmap.com/wp-content/plugins/elementor/assets/lib/eicons/css/elementor-icons.min.css@ver=5.23.0.css’

     0K .......... .........                                    201K=0.1s

2026-05-13 01:43:34 (201 KB/s) - ‘shop.dpsmap.com/wp-content/plugins/elementor/assets/lib/eicons/css/elementor-icons.min.css@ver=5.23.0.css’ saved [19533]

--2026-05-13 01:43:34--  https://shop.dpsmap.com/wp-content/plugins/elementor/assets/css/frontend-lite.min.css?ver=3.16.5
Reusing existing connection to shop.dpsmap.com:443.
HTTP request sent, awaiting response... 200 OK
Length: unspecified [text/css]
Saving to: ‘shop.dpsmap.com/wp-content/plugins/elementor/assets/css/frontend-lite.min.css@ver=3.16.5.css’

     0K .......... .......... .......... .......... ..........  193K
    50K .......... .......... .......... .......... ..........  199K
   100K .......... ....                                         144K=0.6s

2026-05-13 01:43:36 (187 KB/s) - ‘shop.dpsmap.com/wp-content/plugins/elementor/assets/css/frontend-lite.min.css@ver=3.16.5.css’ saved [117324]

--2026-05-13 01:43:36--  https://shop.dpsmap.com/wp-content/plugins/elementor/assets/lib/swiper/css/swiper.min.css?ver=5.3.6
Reusing existing connection to shop.dpsmap.com:443.
HTTP request sent, awaiting response... 200 OK
Length: unspecified [text/css]
Saving to: ‘shop.dpsmap.com/wp-content/plugins/elementor/assets/lib/swiper/css/swiper.min.css@ver=5.3.6.css’

     0K .......... ..                                           371M=0s

2026-05-13 01:43:37 (371 MB/s) - ‘shop.dpsmap.com/wp-content/plugins/elementor/assets/lib/swiper/css/swiper.min.css@ver=5.3.6.css’ saved [12876]

--2026-05-13 01:43:37--  https://shop.dpsmap.com/wp-content/uploads/elementor/css/post-8.css?ver=1733298565
Reusing existing connection to shop.dpsmap.com:443.
HTTP request sent, awaiting response... 200 OK
Length: unspecified [text/css]
Saving to: ‘shop.dpsmap.com/wp-content/uploads/elementor/css/post-8.css@ver=1733298565.css’

     0K .                                                       535M=0s

2026-05-13 01:43:38 (535 MB/s) - ‘shop.dpsmap.com/wp-content/uploads/elementor/css/post-8.css@ver=1733298565.css’ saved [1107]

--2026-05-13 01:43:39--  https://shop.dpsmap.com/wp-content/uploads/elementor/css/global.css?ver=1733298565
Reusing existing connection to shop.dpsmap.com:443.
HTTP request sent, awaiting response... 200 OK
Length: unspecified [text/css]
Saving to: ‘shop.dpsmap.com/wp-content/uploads/elementor/css/global.css@ver=1733298565.css’

     0K .........                                               168M=0s

2026-05-13 01:43:40 (168 MB/s) - ‘shop.dpsmap.com/wp-content/uploads/elementor/css/global.css@ver=1733298565.css’ saved [9475]

--2026-05-13 01:43:40--  https://shop.dpsmap.com/index.php/wp-json/wp/v2/pages/124
Reusing existing connection to shop.dpsmap.com:443.
HTTP request sent, awaiting response... 200 OK
Length: unspecified [application/json]
Saving to: ‘shop.dpsmap.com/index.php/wp-json/wp/v2/pages/124’

     0K .                                                       661M=0s

Last-modified header missing -- time-stamps turned off.
2026-05-13 01:43:43 (661 MB/s) - ‘shop.dpsmap.com/index.php/wp-json/wp/v2/pages/124’ saved [1600]

--2026-05-13 01:43:43--  https://shop.dpsmap.com/wp-content/plugins/ecommerce-companion/inc/themes/storely/assets/images/slider/slide-bg3.png
Reusing existing connection to shop.dpsmap.com:443.
HTTP request sent, awaiting response... 200 OK
Length: unspecified [image/png]
Saving to: ‘shop.dpsmap.com/wp-content/plugins/ecommerce-companion/inc/themes/storely/assets/images/slider/slide-bg3.png’

     0K .                                                       883M=0s

2026-05-13 01:43:44 (883 MB/s) - ‘shop.dpsmap.com/wp-content/plugins/ecommerce-companion/inc/themes/storely/assets/images/slider/slide-bg3.png’ saved [1984]

--2026-05-13 01:43:44--  https://shop.dpsmap.com/wp-content/uploads/2025/01/ImportedPhoto.757926308.38808.jpeg
Reusing existing connection to shop.dpsmap.com:443.
HTTP request sent, awaiting response... 404 Not Found
2026-05-13 01:43:46 ERROR 404: Not Found.

--2026-05-13 01:43:46--  https://shop.dpsmap.com/wp-content/plugins/ecommerce-companion/inc/themes/storely/assets/images/slider/slide-bg1.png
Reusing existing connection to shop.dpsmap.com:443.
HTTP request sent, awaiting response... 200 OK
Length: unspecified [image/png]
Saving to: ‘shop.dpsmap.com/wp-content/plugins/ecommerce-companion/inc/themes/storely/assets/images/slider/slide-bg1.png’

     0K ..                                                     1.20G=0s

2026-05-13 01:43:47 (1.20 GB/s) - ‘shop.dpsmap.com/wp-content/plugins/ecommerce-companion/inc/themes/storely/assets/images/slider/slide-bg1.png’ saved [2375]

--2026-05-13 01:43:47--  https://shop.dpsmap.com/index.php/shop/page/2/
Reusing existing connection to shop.dpsmap.com:443.
HTTP request sent, awaiting response... 200 OK
Length: unspecified [text/html]
Saving to: ‘shop.dpsmap.com/index.php/shop/page/2/index.html’

     0K .......... .......... .......... .......... ..........  167K
    50K .......... .......... .......... .......... ..          266K=0.5s

Last-modified header missing -- time-stamps turned off.
2026-05-13 01:43:51 (202 KB/s) - ‘shop.dpsmap.com/index.php/shop/page/2/index.html’ saved [95046]

--2026-05-13 01:43:51--  https://shop.dpsmap.com/wp-content/uploads/2022/12/viber_image_2022-12-02_14-27-33-393.jpg
Reusing existing connection to shop.dpsmap.com:443.
HTTP request sent, awaiting response... 200 OK
Length: unspecified [image/jpeg]
Saving to: ‘shop.dpsmap.com/wp-content/uploads/2022/12/viber_image_2022-12-02_14-27-33-393.jpg’

     0K .......... .......... .......... .......... .......... 76.9K
    50K .......... .......... .......... .......... .......... 1.10M
   100K .......... .......... .......... .......... ..........  214K
   150K .......... .......... .......... .......... .......... 1.06M
   200K .......... .......... .......... .......... ..........  203K
   250K ......                                                  106M=1.2s

2026-05-13 01:43:53 (210 KB/s) - ‘shop.dpsmap.com/wp-content/uploads/2022/12/viber_image_2022-12-02_14-27-33-393.jpg’ saved [262889]

--2026-05-13 01:43:54--  https://shop.dpsmap.com/wp-content/plugins/ecommerce-companion/inc/themes/storely/assets/images/slider/slide-bg2.png
Reusing existing connection to shop.dpsmap.com:443.
HTTP request sent, awaiting response... 200 OK
Length: 27736 (27K) [image/png]
Saving to: ‘shop.dpsmap.com/wp-content/plugins/ecommerce-companion/inc/themes/storely/assets/images/slider/slide-bg2.png’

     0K .......... .......... .......                         100% 77.1K=0.4s

2026-05-13 01:43:55 (77.1 KB/s) - ‘shop.dpsmap.com/wp-content/plugins/ecommerce-companion/inc/themes/storely/assets/images/slider/slide-bg2.png’ saved [27736/27736]

--2026-05-13 01:43:55--  https://shop.dpsmap.com/wp-content/uploads/2022/11/YGN_Industrial_Zone_Map-2-scaled.jpg
Reusing existing connection to shop.dpsmap.com:443.
HTTP request sent, awaiting response... 200 OK
Length: unspecified [image/jpeg]
Saving to: ‘shop.dpsmap.com/wp-content/uploads/2022/11/YGN_Industrial_Zone_Map-2-scaled.jpg’

     0K .......... .......... .......... .......... ..........  189K
    50K .......... .......... .......... .......... ..........  198K
   100K .......... .......... .......... .......... ..........  221K
   150K .......... .......... .......... .......... .......... 1.91M
   200K .......... .......... .......... .......... ..........  211K
   250K .......... .......... .......... .......... .......... 4.47M
   300K .......... .......... .......... .......... ..........  195K
   350K .......... .......... .......... .......... ..........  204K
   400K .......... .......... .......... .......... .......... 5.50M
   450K .......... .......... .......... .......... .......... 1.27M
   500K .......... .......... .......... .......... .......... 1.30M
   550K .......... .......... .......... .......... ..........  278K
   600K .......... .......... .......... .......... ..........  603K
   650K .......... .......... .......... .......... ..........  532K
   700K .....                                                  33.0K=2.1s

2026-05-13 01:43:58 (330 KB/s) - ‘shop.dpsmap.com/wp-content/uploads/2022/11/YGN_Industrial_Zone_Map-2-scaled.jpg’ saved [722784]

--2026-05-13 01:43:58--  https://shop.dpsmap.com/index.php/product/%e1%80%a7%e1%80%9b%e1%80%ac%e1%81%80%e1%80%90%e1%80%ae%e1%80%90%e1%80%ad%e1%80%af%e1%80%84%e1%80%ba%e1%80%b8-%e1%80%99%e1%80%a1%e1%80%b0%e1%80%95%e1%80%84%e1%80%ba%e1%80%81%e1%80%9b%e1%80%ad%e1%80%af/
Reusing existing connection to shop.dpsmap.com:443.
HTTP request sent, awaiting response... 200 OK
Length: unspecified [text/html]
Saving to: ‘shop.dpsmap.com/index.php/product/ဧရာ၀တီတိုင်း-မအူပင်ခရို/index.html’

     0K .......... .......... .......... .......... ..........  110K
    50K .......... .......... ..........                        201K=0.6s

Last-modified header missing -- time-stamps turned off.
2026-05-13 01:44:02 (133 KB/s) - ‘shop.dpsmap.com/index.php/product/ဧရာ၀တီတိုင်း-မအူပင်ခရို/index.html’ saved [82921]

--2026-05-13 01:44:02--  https://shop.dpsmap.com/wp-content/uploads/2024/12/Untitled-1-1-e1749118123894.jpg
Reusing existing connection to shop.dpsmap.com:443.
HTTP request sent, awaiting response... 200 OK
Length: unspecified [image/jpeg]
Saving to: ‘shop.dpsmap.com/wp-content/uploads/2024/12/Untitled-1-1-e1749118123894.jpg’

     0K .......... .......... .....                            76.0K=0.3s

2026-05-13 01:44:04 (76.0 KB/s) - ‘shop.dpsmap.com/wp-content/uploads/2024/12/Untitled-1-1-e1749118123894.jpg’ saved [26162]

--2026-05-13 01:44:04--  https://shop.dpsmap.com/wp-content/uploads/2024/12/Untitled-1-1-e1749118123894-224x300.jpg
Reusing existing connection to shop.dpsmap.com:443.
HTTP request sent, awaiting response... 200 OK
Length: unspecified [image/jpeg]
Saving to: ‘shop.dpsmap.com/wp-content/uploads/2024/12/Untitled-1-1-e1749118123894-224x300.jpg’

     0K .......... .....                                       44.3K=0.3s

2026-05-13 01:44:05 (44.3 KB/s) - ‘shop.dpsmap.com/wp-content/uploads/2024/12/Untitled-1-1-e1749118123894-224x300.jpg’ saved [15575]

--2026-05-13 01:44:05--  https://shop.dpsmap.com/?add-to-cart=832
Reusing existing connection to shop.dpsmap.com:443.
HTTP request sent, awaiting response... 200 OK
Length: unspecified [text/html]
Saving to: ‘shop.dpsmap.com/index.html@add-to-cart=832.html’

     0K .......... .......... .......... .......... ..........  175K
    50K .......... .......... .......... .......... ..........  217K
   100K .......... .......... .......... .......... ...         515K=0.6s

Last-modified header missing -- time-stamps turned off.
2026-05-13 01:44:09 (239 KB/s) - ‘shop.dpsmap.com/index.html@add-to-cart=832.html’ saved [147435]

--2026-05-13 01:44:09--  https://shop.dpsmap.com/?add-to-cart=824
Reusing existing connection to shop.dpsmap.com:443.
HTTP request sent, awaiting response... 200 OK
Length: unspecified [text/html]
Saving to: ‘shop.dpsmap.com/index.html@add-to-cart=824.html’

     0K .......... .......... .......... .......... ..........  179K
    50K .......... .......... .......... .......... ..........  195K
   100K .......... .......... .......... .......... .....       529K=0.6s

Last-modified header missing -- time-stamps turned off.
2026-05-13 01:44:12 (234 KB/s) - ‘shop.dpsmap.com/index.html@add-to-cart=824.html’ saved [149183]

--2026-05-13 01:44:12--  https://shop.dpsmap.com/index.php/product/%e1%80%9b%e1%80%94%e1%80%ba%e1%80%80%e1%80%af%e1%80%94%e1%80%ba%e1%80%90%e1%80%ad%e1%80%af%e1%80%84%e1%80%ba%e1%80%b8-%e1%80%85%e1%80%80%e1%80%ba%e1%80%99%e1%80%be%e1%80%af%e1%80%87%e1%80%af%e1%80%94/
Reusing existing connection to shop.dpsmap.com:443.
HTTP request sent, awaiting response... 200 OK
Length: unspecified [text/html]
Saving to: ‘shop.dpsmap.com/index.php/product/ရန်ကုန်တိုင်း-စက်မှုဇုန/index.html’

     0K .......... .......... .......... .......... ..........  187K
    50K .......... .......... .......... ......                3.75M=0.3s

Last-modified header missing -- time-stamps turned off.
2026-05-13 01:44:15 (313 KB/s) - ‘shop.dpsmap.com/index.php/product/ရန်ကုန်တိုင်း-စက်မှုဇုန/index.html’ saved [88814]

--2026-05-13 01:44:15--  https://shop.dpsmap.com/wp-content/uploads/2024/01/%E1%80%9B%E1%80%94%E1%80%BA%E1%80%80%E1%80%AF%E1%80%94%E1%80%BA-%E1%80%85%E1%80%80%E1%80%BA%E1%80%99%E1%80%BE%E1%80%AF%E1%80%87%E1%80%AF%E1%80%94%E1%80%BA-sample.jpg
Reusing existing connection to shop.dpsmap.com:443.
HTTP request sent, awaiting response... 200 OK
Length: unspecified [image/jpeg]
Saving to: ‘shop.dpsmap.com/wp-content/uploads/2024/01/ရန်ကုန်-စက်မှုဇုန်-sample.jpg’

     0K .......... .......... .......... .......... ..........  202K
    50K .......... .......... .......... .......... .......... 1.10M
   100K .......... .......... .......... .......... ..........  250K
   150K .......... .......... .......... .......                197K=0.7s

2026-05-13 01:44:17 (274 KB/s) - ‘shop.dpsmap.com/wp-content/uploads/2024/01/ရန်ကုန်-စက်မှုဇုန်-sample.jpg’ saved [192372]

--2026-05-13 01:44:17--  https://shop.dpsmap.com/wp-content/uploads/2024/01/%E1%80%9B%E1%80%94%E1%80%BA%E1%80%80%E1%80%AF%E1%80%94%E1%80%BA-%E1%80%85%E1%80%80%E1%80%BA%E1%80%99%E1%80%BE%E1%80%AF%E1%80%87%E1%80%AF%E1%80%94%E1%80%BA-sample-225x300.jpg
Reusing existing connection to shop.dpsmap.com:443.
HTTP request sent, awaiting response... 200 OK
Length: unspecified [image/jpeg]
Saving to: ‘shop.dpsmap.com/wp-content/uploads/2024/01/ရန်ကုန်-စက်မှုဇုန်-sample-225x300.jpg’

     0K .......... ...                                          197M=0s

2026-05-13 01:44:18 (197 MB/s) - ‘shop.dpsmap.com/wp-content/uploads/2024/01/ရန်ကုန်-စက်မှုဇုန်-sample-225x300.jpg’ saved [13610]

--2026-05-13 01:44:18--  https://shop.dpsmap.com/wp-content/uploads/2024/01/%E1%80%9B%E1%80%94%E1%80%BA%E1%80%80%E1%80%AF%E1%80%94%E1%80%BA-%E1%80%85%E1%80%80%E1%80%BA%E1%80%99%E1%80%BE%E1%80%AF%E1%80%87%E1%80%AF%E1%80%94%E1%80%BA-sample-768x1024.jpg
Reusing existing connection to shop.dpsmap.com:443.
HTTP request sent, awaiting response... 200 OK
Length: unspecified [image/jpeg]
Saving to: ‘shop.dpsmap.com/wp-content/uploads/2024/01/ရန်ကုန်-စက်မှုဇုန်-sample-768x1024.jpg’

     0K .......... .......... .......... .......... ..........  189K
    50K .......... .......... .......... .                     72.3M=0.3s

2026-05-13 01:44:20 (307 KB/s) - ‘shop.dpsmap.com/wp-content/uploads/2024/01/ရန်ကုန်-စက်မှုဇုန်-sample-768x1024.jpg’ saved [83326]

--2026-05-13 01:44:20--  https://shop.dpsmap.com/wp-content/uploads/2024/01/%E1%80%9B%E1%80%94%E1%80%BA%E1%80%80%E1%80%AF%E1%80%94%E1%80%BA-%E1%80%85%E1%80%80%E1%80%BA%E1%80%99%E1%80%BE%E1%80%AF%E1%80%87%E1%80%AF%E1%80%94%E1%80%BA-sample-1152x1536.jpg
Reusing existing connection to shop.dpsmap.com:443.
HTTP request sent, awaiting response... 200 OK
Length: unspecified [image/jpeg]
Saving to: ‘shop.dpsmap.com/wp-content/uploads/2024/01/ရန်ကုန်-စက်မှုဇုန်-sample-1152x1536.jpg’

     0K .......... .......... .......... .......... ..........  183K
    50K .......... .......... .......... .......... ..........  196K
   100K .......... .......... .......... .......... ..........  144K
   150K ...                                                    5.88T=0.9s

2026-05-13 01:44:21 (175 KB/s) - ‘shop.dpsmap.com/wp-content/uploads/2024/01/ရန်ကုန်-စက်မှုဇုန်-sample-1152x1536.jpg’ saved [156831]

--2026-05-13 01:44:22--  https://shop.dpsmap.com/wp-content/uploads/2024/01/%E1%80%9B%E1%80%94%E1%80%BA%E1%80%80%E1%80%AF%E1%80%94%E1%80%BA-%E1%80%85%E1%80%80%E1%80%BA%E1%80%99%E1%80%BE%E1%80%AF%E1%80%87%E1%80%AF%E1%80%94%E1%80%BA-sample-600x800.jpg
Reusing existing connection to shop.dpsmap.com:443.
HTTP request sent, awaiting response... 200 OK
Length: unspecified [image/jpeg]
Saving to: ‘shop.dpsmap.com/wp-content/uploads/2024/01/ရန်ကုန်-စက်မှုဇုန်-sample-600x800.jpg’

     0K .......... .......... .......... .......... ..........  147K
    50K .......                                                69.9M=0.3s

2026-05-13 01:44:23 (168 KB/s) - ‘shop.dpsmap.com/wp-content/uploads/2024/01/ရန်ကုန်-စက်မှုဇုန်-sample-600x800.jpg’ saved [58617]

--2026-05-13 01:44:23--  https://shop.dpsmap.com/wp-content/uploads/2024/01/viber_image_2024-01-30_10-19-49-960.jpg
Reusing existing connection to shop.dpsmap.com:443.
HTTP request sent, awaiting response... 404 Not Found
2026-05-13 01:44:24 ERROR 404: Not Found.

--2026-05-13 01:44:24--  https://shop.dpsmap.com/?add-to-cart=814
Reusing existing connection to shop.dpsmap.com:443.
HTTP request sent, awaiting response... 200 OK
Length: unspecified [text/html]
Saving to: ‘shop.dpsmap.com/index.html@add-to-cart=814.html’

     0K .......... .......... .......... .......... ..........  194K
    50K .......... .......... .......... .......... ..........  198K
   100K .......... .......... .......... .......... .......     282K=0.7s

Last-modified header missing -- time-stamps turned off.
2026-05-13 01:44:28 (218 KB/s) - ‘shop.dpsmap.com/index.html@add-to-cart=814.html’ saved [151156]

--2026-05-13 01:44:28--  https://shop.dpsmap.com/index.php/product/shan-state-map-hard-copy/
Reusing existing connection to shop.dpsmap.com:443.
HTTP request sent, awaiting response... 200 OK
Length: unspecified [text/html]
Saving to: ‘shop.dpsmap.com/index.php/product/shan-state-map-hard-copy/index.html’

     0K .......... .......... .......... .......... ..........  182K
    50K .......... .......... .......... .                      201K=0.4s

Last-modified header missing -- time-stamps turned off.
2026-05-13 01:44:33 (189 KB/s) - ‘shop.dpsmap.com/index.php/product/shan-state-map-hard-copy/index.html’ saved [83498]

--2026-05-13 01:44:33--  https://shop.dpsmap.com/wp-content/uploads/2023/12/viber_image_2023-12-29_13-03-43-926.jpg
Reusing existing connection to shop.dpsmap.com:443.
HTTP request sent, awaiting response... 200 OK
Length: unspecified [image/jpeg]
Saving to: ‘shop.dpsmap.com/wp-content/uploads/2023/12/viber_image_2023-12-29_13-03-43-926.jpg’

     0K .......... .......... .......... .......... ..........  192K
    50K .......... .......... .......... .......... ..........  203K
   100K .......... .......... .......... ........               226K=0.7s

2026-05-13 01:44:35 (204 KB/s) - ‘shop.dpsmap.com/wp-content/uploads/2023/12/viber_image_2023-12-29_13-03-43-926.jpg’ saved [141980]

--2026-05-13 01:44:35--  https://shop.dpsmap.com/wp-content/uploads/2023/12/viber_image_2023-12-29_13-03-43-926-201x300.jpg
Reusing existing connection to shop.dpsmap.com:443.
HTTP request sent, awaiting response... 200 OK
Length: unspecified [image/jpeg]
Saving to: ‘shop.dpsmap.com/wp-content/uploads/2023/12/viber_image_2023-12-29_13-03-43-926-201x300.jpg’

     0K .......... .......                                     97.5K=0.2s

2026-05-13 01:44:36 (97.5 KB/s) - ‘shop.dpsmap.com/wp-content/uploads/2023/12/viber_image_2023-12-29_13-03-43-926-201x300.jpg’ saved [17494]

--2026-05-13 01:44:36--  https://shop.dpsmap.com/?add-to-cart=809
Reusing existing connection to shop.dpsmap.com:443.
HTTP request sent, awaiting response... 200 OK
Length: unspecified [text/html]
Saving to: ‘shop.dpsmap.com/index.html@add-to-cart=809.html’

     0K .......... .......... .......... .......... ..........  193K
    50K .......... .......... .......... .......... ..........  202K
   100K .......... .......... .......... .......... .........   293K=0.7s

Last-modified header missing -- time-stamps turned off.
2026-05-13 01:44:40 (221 KB/s) - ‘shop.dpsmap.com/index.html@add-to-cart=809.html’ saved [152774]

--2026-05-13 01:44:40--  https://shop.dpsmap.com/index.php/product/mandalay-map-hard-copy/
Reusing existing connection to shop.dpsmap.com:443.
HTTP request sent, awaiting response... 200 OK
Length: unspecified [text/html]
Saving to: ‘shop.dpsmap.com/index.php/product/mandalay-map-hard-copy/index.html’

     0K .......... .......... .......... .......... ..........  191K
    50K .......... .......... ..........                       2.63M=0.3s

Last-modified header missing -- time-stamps turned off.
2026-05-13 01:44:43 (296 KB/s) - ‘shop.dpsmap.com/index.php/product/mandalay-map-hard-copy/index.html’ saved [82772]

--2026-05-13 01:44:44--  https://shop.dpsmap.com/wp-content/uploads/2023/12/0-02-06-19cff127abb1280ca212bdb8be20898e143537216106a6a6bb60ac536039546d_b02a07ccb98bf65c.jpg
Reusing existing connection to shop.dpsmap.com:443.
HTTP request sent, awaiting response... 200 OK
Length: unspecified [image/jpeg]
Saving to: ‘shop.dpsmap.com/wp-content/uploads/2023/12/0-02-06-19cff127abb1280ca212bdb8be20898e143537216106a6a6bb60ac536039546d_b02a07ccb98bf65c.jpg’

     0K .......... .......... .......... .......... ..........  197K
    50K .......... .......... .......... .......... ..........  205K
   100K .......... ..                                          74.3K=0.7s

2026-05-13 01:44:45 (168 KB/s) - ‘shop.dpsmap.com/wp-content/uploads/2023/12/0-02-06-19cff127abb1280ca212bdb8be20898e143537216106a6a6bb60ac536039546d_b02a07ccb98bf65c.jpg’ saved [115494]

--2026-05-13 01:44:45--  https://shop.dpsmap.com/wp-content/uploads/2023/12/0-02-06-19cff127abb1280ca212bdb8be20898e143537216106a6a6bb60ac536039546d_b02a07ccb98bf65c-200x300.jpg
Reusing existing connection to shop.dpsmap.com:443.
HTTP request sent, awaiting response... 200 OK
Length: unspecified [image/jpeg]
Saving to: ‘shop.dpsmap.com/wp-content/uploads/2023/12/0-02-06-19cff127abb1280ca212bdb8be20898e143537216106a6a6bb60ac536039546d_b02a07ccb98bf65c-200x300.jpg’

     0K .......... ..                                          34.8K=0.3s

2026-05-13 01:44:46 (34.8 KB/s) - ‘shop.dpsmap.com/wp-content/uploads/2023/12/0-02-06-19cff127abb1280ca212bdb8be20898e143537216106a6a6bb60ac536039546d_b02a07ccb98bf65c-200x300.jpg’ saved [12316]

--2026-05-13 01:44:47--  https://shop.dpsmap.com/?add-to-cart=807
Reusing existing connection to shop.dpsmap.com:443.
HTTP request sent, awaiting response... 200 OK
Length: unspecified [text/html]
Saving to: ‘shop.dpsmap.com/index.html@add-to-cart=807.html’

     0K .......... .......... .......... .......... ..........  189K
    50K .......... .......... .......... .......... ..........  201K
   100K .......... .......... .......... .......... ..........  455K
   150K                                                        13.7M=0.6s

Last-modified header missing -- time-stamps turned off.
2026-05-13 01:44:50 (242 KB/s) - ‘shop.dpsmap.com/index.html@add-to-cart=807.html’ saved [154609]

--2026-05-13 01:44:50--  https://shop.dpsmap.com/index.php/product/yangon-map-hard-copy/
Reusing existing connection to shop.dpsmap.com:443.
HTTP request sent, awaiting response... 200 OK
Length: unspecified [text/html]
Saving to: ‘shop.dpsmap.com/index.php/product/yangon-map-hard-copy/index.html’

     0K .......... .......... .......... .......... ..........  178K
    50K .......... .......... .......... .                      188K=0.4s

Last-modified header missing -- time-stamps turned off.
2026-05-13 01:44:53 (182 KB/s) - ‘shop.dpsmap.com/index.php/product/yangon-map-hard-copy/index.html’ saved [83024]

--2026-05-13 01:44:54--  https://shop.dpsmap.com/wp-content/uploads/2023/12/viber_image_2023-12-29_12-51-23-866.jpg
Reusing existing connection to shop.dpsmap.com:443.
HTTP request sent, awaiting response... 200 OK
Length: unspecified [image/jpeg]
Saving to: ‘shop.dpsmap.com/wp-content/uploads/2023/12/viber_image_2023-12-29_12-51-23-866.jpg’

     0K .......... .......... .......... .......... .......... 98.8K
    50K .......... .......... .......... .......... .......... 4.04M
   100K .......... .......... .......... .......... ..........  201K
   150K .......... ...                                          126K=0.9s

2026-05-13 01:44:55 (187 KB/s) - ‘shop.dpsmap.com/wp-content/uploads/2023/12/viber_image_2023-12-29_12-51-23-866.jpg’ saved [167143]

--2026-05-13 01:44:55--  https://shop.dpsmap.com/wp-content/uploads/2023/12/viber_image_2023-12-29_12-51-23-866-200x300.jpg
Reusing existing connection to shop.dpsmap.com:443.
HTTP request sent, awaiting response... 200 OK
Length: unspecified [image/jpeg]
Saving to: ‘shop.dpsmap.com/wp-content/uploads/2023/12/viber_image_2023-12-29_12-51-23-866-200x300.jpg’

     0K .......... .....                                       44.6K=0.3s

2026-05-13 01:44:57 (44.6 KB/s) - ‘shop.dpsmap.com/wp-content/uploads/2023/12/viber_image_2023-12-29_12-51-23-866-200x300.jpg’ saved [15593]

--2026-05-13 01:44:57--  https://shop.dpsmap.com/index.php/product/myanmar-map-hard-copy/
Reusing existing connection to shop.dpsmap.com:443.
HTTP request sent, awaiting response... 200 OK
Length: unspecified [text/html]
Saving to: ‘shop.dpsmap.com/index.php/product/myanmar-map-hard-copy/index.html’

     0K .......... .......... .......... .......... ..........  191K
    50K .......... .......... .......... ...                   6.10M=0.3s

Last-modified header missing -- time-stamps turned off.
2026-05-13 01:45:02 (312 KB/s) - ‘shop.dpsmap.com/index.php/product/myanmar-map-hard-copy/index.html’ saved [85451]

--2026-05-13 01:45:03--  https://shop.dpsmap.com/wp-content/uploads/2023/12/viber_image_2023-12-29_12-51-13-138.jpg
Reusing existing connection to shop.dpsmap.com:443.
HTTP request sent, awaiting response... 200 OK
Length: unspecified [image/jpeg]
Saving to: ‘shop.dpsmap.com/wp-content/uploads/2023/12/viber_image_2023-12-29_12-51-13-138.jpg’

     0K .......... .......... .......... .......... ..........  195K
    50K .......... .......... .......... .......... .......... 3.86M
   100K .......... .......... ....                              315K=0.3s

2026-05-13 01:45:04 (359 KB/s) - ‘shop.dpsmap.com/wp-content/uploads/2023/12/viber_image_2023-12-29_12-51-13-138.jpg’ saved [127197]

--2026-05-13 01:45:04--  https://shop.dpsmap.com/wp-content/uploads/2023/12/viber_image_2023-12-29_12-51-13-138-138x300.jpg
Reusing existing connection to shop.dpsmap.com:443.
HTTP request sent, awaiting response... 200 OK
Length: unspecified [image/jpeg]
Saving to: ‘shop.dpsmap.com/wp-content/uploads/2023/12/viber_image_2023-12-29_12-51-13-138-138x300.jpg’

     0K .......... ...                                         39.0K=0.3s

2026-05-13 01:45:05 (39.0 KB/s) - ‘shop.dpsmap.com/wp-content/uploads/2023/12/viber_image_2023-12-29_12-51-13-138-138x300.jpg’ saved [13611]

--2026-05-13 01:45:05--  https://shop.dpsmap.com/?add-to-cart=803
Reusing existing connection to shop.dpsmap.com:443.
HTTP request sent, awaiting response... 200 OK
Length: unspecified [text/html]
Saving to: ‘shop.dpsmap.com/index.html@add-to-cart=803.html’

     0K .......... .......... .......... .......... ..........  181K
    50K .......... .......... .......... .......... ..........  202K
   100K .......... .......... .......... .......... ..........  504K
   150K ..                                                     25.1M=0.6s

Last-modified header missing -- time-stamps turned off.
2026-05-13 01:45:09 (245 KB/s) - ‘shop.dpsmap.com/index.html@add-to-cart=803.html’ saved [155859]

--2026-05-13 01:45:09--  https://shop.dpsmap.com/index.php/product/map-editing-service/
Reusing existing connection to shop.dpsmap.com:443.
HTTP request sent, awaiting response... 200 OK
Length: unspecified [text/html]
Saving to: ‘shop.dpsmap.com/index.php/product/map-editing-service/index.html’

     0K .......... .......... .......... .......... ..........  191K
    50K .......... .......... .......... ..                     184K=0.4s

Last-modified header missing -- time-stamps turned off.
2026-05-13 01:45:14 (188 KB/s) - ‘shop.dpsmap.com/index.php/product/map-editing-service/index.html’ saved [84960]

--2026-05-13 01:45:15--  https://shop.dpsmap.com/wp-content/uploads/2023/07/map-editing.png
Reusing existing connection to shop.dpsmap.com:443.
HTTP request sent, awaiting response... 200 OK
Length: unspecified [image/png]
Saving to: ‘shop.dpsmap.com/wp-content/uploads/2023/07/map-editing.png’

     0K .......... .......... .......... .......... ..........  198K
    50K .......... .......... .......... .......... ..........  191K
   100K .......... .......... .......... .......... ..........  181K
   150K .......... .......... .......... .......... .......... 9.15M
   200K .......... .......... .......... .......... .......... 1.43M
   250K .......... .......... .......... .......... ..........  240K
   300K .......... .......... ....                              134K=1.2s

2026-05-13 01:45:17 (266 KB/s) - ‘shop.dpsmap.com/wp-content/uploads/2023/07/map-editing.png’ saved [331926]

--2026-05-13 01:45:17--  https://shop.dpsmap.com/wp-content/uploads/2023/07/map-editing-300x199.png
Reusing existing connection to shop.dpsmap.com:443.
HTTP request sent, awaiting response... 200 OK
Length: unspecified [image/png]
Saving to: ‘shop.dpsmap.com/wp-content/uploads/2023/07/map-editing-300x199.png’

     0K .......... .......... .......... .......... .......... 2.01M
    50K .......... .......... .......... ..                     103K=0.3s

2026-05-13 01:45:18 (241 KB/s) - ‘shop.dpsmap.com/wp-content/uploads/2023/07/map-editing-300x199.png’ saved [84815]

--2026-05-13 01:45:18--  https://shop.dpsmap.com/wp-content/uploads/2023/07/map-editing-600x398.png
Reusing existing connection to shop.dpsmap.com:443.
HTTP request sent, awaiting response... 200 OK
Length: unspecified [image/png]
Saving to: ‘shop.dpsmap.com/wp-content/uploads/2023/07/map-editing-600x398.png’

     0K .......... .......... .......... .......... ..........  191K
    50K .......... .......... .......... .......... ..........  204K
   100K .......... .......... .......... .......... .......... 3.86M
   150K .......... .......... .......... .......... .......... 4.69M
   200K .......... .......... .......... .......... ..........  196K
   250K .......... .......... ..........                        355K=0.9s

2026-05-13 01:45:20 (322 KB/s) - ‘shop.dpsmap.com/wp-content/uploads/2023/07/map-editing-600x398.png’ saved [287712]

--2026-05-13 01:45:20--  https://shop.dpsmap.com/index.php/product/gold-site-service/
Reusing existing connection to shop.dpsmap.com:443.
HTTP request sent, awaiting response... 200 OK
Length: unspecified [text/html]
Saving to: ‘shop.dpsmap.com/index.php/product/gold-site-service/index.html’

     0K .......... .......... .......... .......... ..........  162K
    50K .......... .......... .......... ..                     208K=0.5s

Last-modified header missing -- time-stamps turned off.
2026-05-13 01:45:23 (178 KB/s) - ‘shop.dpsmap.com/index.php/product/gold-site-service/index.html’ saved [84905]

--2026-05-13 01:45:24--  https://shop.dpsmap.com/wp-content/uploads/2023/06/istockphoto-1371339413-1024x1024-1.jpg
Reusing existing connection to shop.dpsmap.com:443.
HTTP request sent, awaiting response... 200 OK
Length: unspecified [image/jpeg]
Saving to: ‘shop.dpsmap.com/wp-content/uploads/2023/06/istockphoto-1371339413-1024x1024-1.jpg’

     0K .......... .......... .......... .......... ..........  194K
    50K .......... .......... .......... .......... ..........  203K
   100K .......                                                 231M=0.5s

2026-05-13 01:45:25 (213 KB/s) - ‘shop.dpsmap.com/wp-content/uploads/2023/06/istockphoto-1371339413-1024x1024-1.jpg’ saved [109761]

--2026-05-13 01:45:25--  https://shop.dpsmap.com/wp-content/uploads/2023/06/istockphoto-1371339413-1024x1024-1-300x200.jpg
Reusing existing connection to shop.dpsmap.com:443.
HTTP request sent, awaiting response... 200 OK
Length: unspecified [image/jpeg]
Saving to: ‘shop.dpsmap.com/wp-content/uploads/2023/06/istockphoto-1371339413-1024x1024-1-300x200.jpg’

     0K .......... .......                                     48.4K=0.4s

2026-05-13 01:45:27 (48.4 KB/s) - ‘shop.dpsmap.com/wp-content/uploads/2023/06/istockphoto-1371339413-1024x1024-1-300x200.jpg’ saved [17411]

--2026-05-13 01:45:27--  https://shop.dpsmap.com/wp-content/uploads/2023/06/istockphoto-1371339413-1024x1024-1-768x512.jpg
Reusing existing connection to shop.dpsmap.com:443.
HTTP request sent, awaiting response... 200 OK
Length: unspecified [image/jpeg]
Saving to: ‘shop.dpsmap.com/wp-content/uploads/2023/06/istockphoto-1371339413-1024x1024-1-768x512.jpg’

     0K .......... .......... .......... .......... ..........  101K
    50K .......... ......                                       980K=0.5s

2026-05-13 01:45:28 (129 KB/s) - ‘shop.dpsmap.com/wp-content/uploads/2023/06/istockphoto-1371339413-1024x1024-1-768x512.jpg’ saved [67925]

--2026-05-13 01:45:28--  https://shop.dpsmap.com/wp-content/uploads/2023/06/istockphoto-1371339413-1024x1024-1-600x400.jpg
Reusing existing connection to shop.dpsmap.com:443.
HTTP request sent, awaiting response... 200 OK
Length: unspecified [image/jpeg]
Saving to: ‘shop.dpsmap.com/wp-content/uploads/2023/06/istockphoto-1371339413-1024x1024-1-600x400.jpg’

     0K .......... .......... .......... .......... .......    45.4K=1.1s

2026-05-13 01:45:30 (45.4 KB/s) - ‘shop.dpsmap.com/wp-content/uploads/2023/06/istockphoto-1371339413-1024x1024-1-600x400.jpg’ saved [48858]

--2026-05-13 01:45:31--  https://shop.dpsmap.com/index.php/product/domain-page-service-2/
Reusing existing connection to shop.dpsmap.com:443.
HTTP request sent, awaiting response... 200 OK
Length: unspecified [text/html]
Saving to: ‘shop.dpsmap.com/index.php/product/domain-page-service-2/index.html’

     0K .......... .......... .......... .......... ..........  172K
    50K .......... .......... .......... ...                    196K=0.5s

Last-modified header missing -- time-stamps turned off.
2026-05-13 01:45:36 (181 KB/s) - ‘shop.dpsmap.com/index.php/product/domain-page-service-2/index.html’ saved [85254]

--2026-05-13 01:45:36--  https://shop.dpsmap.com/wp-content/uploads/2023/06/domain.png
Reusing existing connection to shop.dpsmap.com:443.
HTTP request sent, awaiting response... 200 OK
Length: unspecified [image/png]
Saving to: ‘shop.dpsmap.com/wp-content/uploads/2023/06/domain.png’

     0K .......... .......... .......... .......... ..........  199K
    50K .......... .......... ...                               287K=0.3s

2026-05-13 01:45:37 (221 KB/s) - ‘shop.dpsmap.com/wp-content/uploads/2023/06/domain.png’ saved [74962]

--2026-05-13 01:45:38--  https://shop.dpsmap.com/wp-content/uploads/2023/06/domain-300x233.png
Reusing existing connection to shop.dpsmap.com:443.
HTTP request sent, awaiting response... 200 OK
Length: unspecified [image/png]
Saving to: ‘shop.dpsmap.com/wp-content/uploads/2023/06/domain-300x233.png’

     0K .......... ....                                         278M=0s

2026-05-13 01:45:39 (278 MB/s) - ‘shop.dpsmap.com/wp-content/uploads/2023/06/domain-300x233.png’ saved [15006]

--2026-05-13 01:45:39--  https://shop.dpsmap.com/wp-content/uploads/2023/06/domain-768x597.png
Reusing existing connection to shop.dpsmap.com:443.
HTTP request sent, awaiting response... 200 OK
Length: unspecified [image/png]
Saving to: ‘shop.dpsmap.com/wp-content/uploads/2023/06/domain-768x597.png’

     0K .......... .......... .......... .......... ..........  149K
    50K .....                                                  11.1T=0.3s

2026-05-13 01:45:40 (167 KB/s) - ‘shop.dpsmap.com/wp-content/uploads/2023/06/domain-768x597.png’ saved [57313]

--2026-05-13 01:45:40--  https://shop.dpsmap.com/wp-content/uploads/2023/06/domain-600x467.png
Reusing existing connection to shop.dpsmap.com:443.
HTTP request sent, awaiting response... 200 OK
Length: unspecified [image/png]
Saving to: ‘shop.dpsmap.com/wp-content/uploads/2023/06/domain-600x467.png’

     0K .......... .......... .......... ........               115K=0.3s

2026-05-13 01:45:41 (115 KB/s) - ‘shop.dpsmap.com/wp-content/uploads/2023/06/domain-600x467.png’ saved [39581]

--2026-05-13 01:45:42--  https://shop.dpsmap.com/index.php/product/pinboard/
Reusing existing connection to shop.dpsmap.com:443.
HTTP request sent, awaiting response... 200 OK
Length: unspecified [text/html]
Saving to: ‘shop.dpsmap.com/index.php/product/pinboard/index.html’

     0K .......... .......... .......... .......... ..........  191K
    50K .......... .......... .......... .....                 2.63M=0.3s

Last-modified header missing -- time-stamps turned off.
2026-05-13 01:45:44 (313 KB/s) - ‘shop.dpsmap.com/index.php/product/pinboard/index.html’ saved [87936]

--2026-05-13 01:45:45--  https://shop.dpsmap.com/wp-content/uploads/2023/05/343631760_688804889674050_5997483028892038025_n.jpg
Reusing existing connection to shop.dpsmap.com:443.
HTTP request sent, awaiting response... 200 OK
Length: unspecified [image/jpeg]
Saving to: ‘shop.dpsmap.com/wp-content/uploads/2023/05/343631760_688804889674050_5997483028892038025_n.jpg’

     0K .......... .......... .......... .......... ..........  211K
    50K .......                                                93.1K=0.3s

2026-05-13 01:45:46 (180 KB/s) - ‘shop.dpsmap.com/wp-content/uploads/2023/05/343631760_688804889674050_5997483028892038025_n.jpg’ saved [59021]

--2026-05-13 01:45:46--  https://shop.dpsmap.com/wp-content/uploads/2023/05/343631760_688804889674050_5997483028892038025_n-300x300.jpg
Reusing existing connection to shop.dpsmap.com:443.
HTTP request sent, awaiting response... 200 OK
Length: unspecified [image/jpeg]
Saving to: ‘shop.dpsmap.com/wp-content/uploads/2023/05/343631760_688804889674050_5997483028892038025_n-300x300.jpg’

     0K .......... .......... ...                               140K=0.2s

2026-05-13 01:45:47 (140 KB/s) - ‘shop.dpsmap.com/wp-content/uploads/2023/05/343631760_688804889674050_5997483028892038025_n-300x300.jpg’ saved [23825]

--2026-05-13 01:45:47--  https://shop.dpsmap.com/wp-content/uploads/2023/05/343631760_688804889674050_5997483028892038025_n-150x150.jpg
Reusing existing connection to shop.dpsmap.com:443.
HTTP request sent, awaiting response... 200 OK
Length: unspecified [image/jpeg]
Saving to: ‘shop.dpsmap.com/wp-content/uploads/2023/05/343631760_688804889674050_5997483028892038025_n-150x150.jpg’

     0K .......                                                1.55G=0s

2026-05-13 01:45:48 (1.55 GB/s) - ‘shop.dpsmap.com/wp-content/uploads/2023/05/343631760_688804889674050_5997483028892038025_n-150x150.jpg’ saved [7682]

--2026-05-13 01:45:49--  https://shop.dpsmap.com/wp-content/uploads/2023/05/343631760_688804889674050_5997483028892038025_n-100x100.jpg
Reusing existing connection to shop.dpsmap.com:443.
HTTP request sent, awaiting response... 200 OK
Length: unspecified [image/jpeg]
Saving to: ‘shop.dpsmap.com/wp-content/uploads/2023/05/343631760_688804889674050_5997483028892038025_n-100x100.jpg’

     0K ...                                                    1.32G=0s

2026-05-13 01:45:50 (1.32 GB/s) - ‘shop.dpsmap.com/wp-content/uploads/2023/05/343631760_688804889674050_5997483028892038025_n-100x100.jpg’ saved [4055]

--2026-05-13 01:45:50--  https://shop.dpsmap.com/index.php/product/northen-shan-state-map/
Reusing existing connection to shop.dpsmap.com:443.
HTTP request sent, awaiting response... 200 OK
Length: unspecified [text/html]
Saving to: ‘shop.dpsmap.com/index.php/product/northen-shan-state-map/index.html’

     0K .......... .......... .......... .......... ..........  186K
    50K .......... .......... .......... ...                    193K=0.4s

Last-modified header missing -- time-stamps turned off.
2026-05-13 01:45:53 (189 KB/s) - ‘shop.dpsmap.com/index.php/product/northen-shan-state-map/index.html’ saved [85817]

--2026-05-13 01:45:54--  https://shop.dpsmap.com/wp-content/uploads/2022/12/northenshanestate.jpg
Reusing existing connection to shop.dpsmap.com:443.
HTTP request sent, awaiting response... 200 OK
Length: unspecified [image/jpeg]
Saving to: ‘shop.dpsmap.com/wp-content/uploads/2022/12/northenshanestate.jpg’

     0K .......... .......... .......... .......... ..........  193K
    50K .......... .......... .......... .......... ..........  197K
   100K .......... .......... .......... .......... ..........  202K
   150K .......... .......... ..........                        279K=0.9s

2026-05-13 01:45:55 (207 KB/s) - ‘shop.dpsmap.com/wp-content/uploads/2022/12/northenshanestate.jpg’ saved [184498]

--2026-05-13 01:45:55--  https://shop.dpsmap.com/wp-content/uploads/2022/12/northenshanestate-300x300.jpg
Reusing existing connection to shop.dpsmap.com:443.
HTTP request sent, awaiting response... 200 OK
Length: unspecified [image/jpeg]
Saving to: ‘shop.dpsmap.com/wp-content/uploads/2022/12/northenshanestate-300x300.jpg’

     0K .......... ..........                                   215M=0s

2026-05-13 01:46:00 (215 MB/s) - ‘shop.dpsmap.com/wp-content/uploads/2022/12/northenshanestate-300x300.jpg’ saved [21284]

--2026-05-13 01:46:00--  https://shop.dpsmap.com/wp-content/uploads/2022/12/northenshanestate-150x150.jpg
Reusing existing connection to shop.dpsmap.com:443.
HTTP request sent, awaiting response... 200 OK
Length: unspecified [image/jpeg]
Saving to: ‘shop.dpsmap.com/wp-content/uploads/2022/12/northenshanestate-150x150.jpg’

     0K ......                                                 2.55G=0s

2026-05-13 01:46:01 (2.55 GB/s) - ‘shop.dpsmap.com/wp-content/uploads/2022/12/northenshanestate-150x150.jpg’ saved [7152]

--2026-05-13 01:46:02--  https://shop.dpsmap.com/wp-content/uploads/2022/12/northenshanestate-100x100.jpg
Reusing existing connection to shop.dpsmap.com:443.
HTTP request sent, awaiting response... 200 OK
Length: unspecified [image/jpeg]
Saving to: ‘shop.dpsmap.com/wp-content/uploads/2022/12/northenshanestate-100x100.jpg’

     0K ...                                                    1.37G=0s

2026-05-13 01:46:03 (1.37 GB/s) - ‘shop.dpsmap.com/wp-content/uploads/2022/12/northenshanestate-100x100.jpg’ saved [3917]

--2026-05-13 01:46:03--  https://shop.dpsmap.com/index.php/product/districts/
Reusing existing connection to shop.dpsmap.com:443.
HTTP request sent, awaiting response... 200 OK
Length: unspecified [text/html]
Saving to: ‘shop.dpsmap.com/index.php/product/districts/index.html’

     0K .......... .......... .......... .......... ..........  187K
    50K .......... .......... .......... .....                  229K=0.4s

Last-modified header missing -- time-stamps turned off.
2026-05-13 01:46:09 (202 KB/s) - ‘shop.dpsmap.com/index.php/product/districts/index.html’ saved [87318]

--2026-05-13 01:46:09--  https://shop.dpsmap.com/wp-content/uploads/2022/12/0-02-06-d6ef9544c426e0ca256ba1cb968399c848c429c980f68ca13089cb608e99aa18_af303a46d7358100-1-scaled.jpg
Reusing existing connection to shop.dpsmap.com:443.
HTTP request sent, awaiting response... 200 OK
Length: unspecified [image/jpeg]
Saving to: ‘shop.dpsmap.com/wp-content/uploads/2022/12/0-02-06-d6ef9544c426e0ca256ba1cb968399c848c429c980f68ca13089cb608e99aa18_af303a46d7358100-1-scaled.jpg’

     0K .......... .......... .......... .......... ..........  177K
    50K .......... .......... .......... .......... ..........  215K
   100K .......... .......... .......... .......... ..........  721K
   150K .......... .......... .......... .......... .......... 1.29M
   200K .......... .......... .......... .......... ..........  120K
   250K .......... .......... .......... .......... ..........  184K
   300K .......... .......... .......... .......... ..........  208K
   350K .......... .......... .......... .......... ..........  316K
   400K .......... .......                                     56.1K=2.0s

2026-05-13 01:46:13 (206 KB/s) - ‘shop.dpsmap.com/wp-content/uploads/2022/12/0-02-06-d6ef9544c426e0ca256ba1cb968399c848c429c980f68ca13089cb608e99aa18_af303a46d7358100-1-scaled.jpg’ saved [427606]

--2026-05-13 01:46:13--  https://shop.dpsmap.com/wp-content/uploads/2022/12/0-02-06-d6ef9544c426e0ca256ba1cb968399c848c429c980f68ca13089cb608e99aa18_af303a46d7358100-1-300x300.jpg
Reusing existing connection to shop.dpsmap.com:443.
HTTP request sent, awaiting response... 200 OK
Length: unspecified [image/jpeg]
Saving to: ‘shop.dpsmap.com/wp-content/uploads/2022/12/0-02-06-d6ef9544c426e0ca256ba1cb968399c848c429c980f68ca13089cb608e99aa18_af303a46d7358100-1-300x300.jpg’

     0K .......... ....                                         291M=0s

2026-05-13 01:46:14 (291 MB/s) - ‘shop.dpsmap.com/wp-content/uploads/2022/12/0-02-06-d6ef9544c426e0ca256ba1cb968399c848c429c980f68ca13089cb608e99aa18_af303a46d7358100-1-300x300.jpg’ saved [14675]

--2026-05-13 01:46:15--  https://shop.dpsmap.com/wp-content/uploads/2022/12/0-02-06-d6ef9544c426e0ca256ba1cb968399c848c429c980f68ca13089cb608e99aa18_af303a46d7358100-1-1024x1024.jpg
Reusing existing connection to shop.dpsmap.com:443.
HTTP request sent, awaiting response... 200 OK
Length: unspecified [image/jpeg]
Saving to: ‘shop.dpsmap.com/wp-content/uploads/2022/12/0-02-06-d6ef9544c426e0ca256ba1cb968399c848c429c980f68ca13089cb608e99aa18_af303a46d7358100-1-1024x1024.jpg’

     0K .......... .......... .......... .......... ..........  188K
    50K .......... .......... .......... .......... ..........  137K
   100K .........                                              84.9M=0.6s

2026-05-13 01:46:16 (174 KB/s) - ‘shop.dpsmap.com/wp-content/uploads/2022/12/0-02-06-d6ef9544c426e0ca256ba1cb968399c848c429c980f68ca13089cb608e99aa18_af303a46d7358100-1-1024x1024.jpg’ saved [111960]

--2026-05-13 01:46:16--  https://shop.dpsmap.com/wp-content/uploads/2022/12/0-02-06-d6ef9544c426e0ca256ba1cb968399c848c429c980f68ca13089cb608e99aa18_af303a46d7358100-1-150x150.jpg
Reusing existing connection to shop.dpsmap.com:443.
HTTP request sent, awaiting response... 200 OK
Length: unspecified [image/jpeg]
Saving to: ‘shop.dpsmap.com/wp-content/uploads/2022/12/0-02-06-d6ef9544c426e0ca256ba1cb968399c848c429c980f68ca13089cb608e99aa18_af303a46d7358100-1-150x150.jpg’

     0K ....                                                   2.26G=0s

2026-05-13 01:46:18 (2.26 GB/s) - ‘shop.dpsmap.com/wp-content/uploads/2022/12/0-02-06-d6ef9544c426e0ca256ba1cb968399c848c429c980f68ca13089cb608e99aa18_af303a46d7358100-1-150x150.jpg’ saved [4761]

--2026-05-13 01:46:18--  https://shop.dpsmap.com/wp-content/uploads/2022/12/0-02-06-d6ef9544c426e0ca256ba1cb968399c848c429c980f68ca13089cb608e99aa18_af303a46d7358100-1-768x768.jpg
Reusing existing connection to shop.dpsmap.com:443.
HTTP request sent, awaiting response... 200 OK
Length: unspecified [image/jpeg]
Saving to: ‘shop.dpsmap.com/wp-content/uploads/2022/12/0-02-06-d6ef9544c426e0ca256ba1cb968399c848c429c980f68ca13089cb608e99aa18_af303a46d7358100-1-768x768.jpg’

     0K .......... .......... .......... .......... ..........  193K
    50K .......... ..........                                   120K=0.4s

2026-05-13 01:46:19 (164 KB/s) - ‘shop.dpsmap.com/wp-content/uploads/2022/12/0-02-06-d6ef9544c426e0ca256ba1cb968399c848c429c980f68ca13089cb608e99aa18_af303a46d7358100-1-768x768.jpg’ saved [72132]

--2026-05-13 01:46:20--  https://shop.dpsmap.com/wp-content/uploads/2022/12/0-02-06-d6ef9544c426e0ca256ba1cb968399c848c429c980f68ca13089cb608e99aa18_af303a46d7358100-1-1536x1536.jpg
Reusing existing connection to shop.dpsmap.com:443.
HTTP request sent, awaiting response... 200 OK
Length: unspecified [image/jpeg]
Saving to: ‘shop.dpsmap.com/wp-content/uploads/2022/12/0-02-06-d6ef9544c426e0ca256ba1cb968399c848c429c980f68ca13089cb608e99aa18_af303a46d7358100-1-1536x1536.jpg’

     0K .......... .......... .......... .......... .......... 94.9K
    50K .......... .......... .......... .......... ..........  705K
   100K .......... .......... .......... .......... ..........  180K
   150K .......... .......... .......... .......... ........    277K=1.1s

2026-05-13 01:46:21 (189 KB/s) - ‘shop.dpsmap.com/wp-content/uploads/2022/12/0-02-06-d6ef9544c426e0ca256ba1cb968399c848c429c980f68ca13089cb608e99aa18_af303a46d7358100-1-1536x1536.jpg’ saved [203481]

--2026-05-13 01:46:22--  https://shop.dpsmap.com/wp-content/uploads/2022/12/0-02-06-d6ef9544c426e0ca256ba1cb968399c848c429c980f68ca13089cb608e99aa18_af303a46d7358100-1-2048x2048.jpg
Reusing existing connection to shop.dpsmap.com:443.
HTTP request sent, awaiting response... 200 OK
Length: unspecified [image/jpeg]
Saving to: ‘shop.dpsmap.com/wp-content/uploads/2022/12/0-02-06-d6ef9544c426e0ca256ba1cb968399c848c429c980f68ca13089cb608e99aa18_af303a46d7358100-1-2048x2048.jpg’

     0K .......... .......... .......... .......... ..........  208K
    50K .......... .......... .......... .......... .......... 1.42M
   100K .......... .......... .......... .......... ..........  233K
   150K .......... .......... .......... .......... ..........  814K
   200K .......... .......... .......... .......... ..........  232K
   250K .......... .......... .......... .......... ..........  538K
   300K ..                                                     4.03T=0.9s

2026-05-13 01:46:23 (352 KB/s) - ‘shop.dpsmap.com/wp-content/uploads/2022/12/0-02-06-d6ef9544c426e0ca256ba1cb968399c848c429c980f68ca13089cb608e99aa18_af303a46d7358100-1-2048x2048.jpg’ saved [309414]

--2026-05-13 01:46:23--  https://shop.dpsmap.com/wp-content/uploads/2022/12/0-02-06-d6ef9544c426e0ca256ba1cb968399c848c429c980f68ca13089cb608e99aa18_af303a46d7358100-1-600x600.jpg
Reusing existing connection to shop.dpsmap.com:443.
HTTP request sent, awaiting response... 200 OK
Length: unspecified [image/jpeg]
Saving to: ‘shop.dpsmap.com/wp-content/uploads/2022/12/0-02-06-d6ef9544c426e0ca256ba1cb968399c848c429c980f68ca13089cb608e99aa18_af303a46d7358100-1-600x600.jpg’

     0K .......... .......... .......... .......... ......      137K=0.3s

2026-05-13 01:46:25 (137 KB/s) - ‘shop.dpsmap.com/wp-content/uploads/2022/12/0-02-06-d6ef9544c426e0ca256ba1cb968399c848c429c980f68ca13089cb608e99aa18_af303a46d7358100-1-600x600.jpg’ saved [47980]

--2026-05-13 01:46:25--  https://shop.dpsmap.com/wp-content/uploads/2022/12/0-02-06-d6ef9544c426e0ca256ba1cb968399c848c429c980f68ca13089cb608e99aa18_af303a46d7358100-1-100x100.jpg
Reusing existing connection to shop.dpsmap.com:443.
HTTP request sent, awaiting response... 200 OK
Length: unspecified [image/jpeg]
Saving to: ‘shop.dpsmap.com/wp-content/uploads/2022/12/0-02-06-d6ef9544c426e0ca256ba1cb968399c848c429c980f68ca13089cb608e99aa18_af303a46d7358100-1-100x100.jpg’

     0K ..                                                     1.40G=0s

2026-05-13 01:46:26 (1.40 GB/s) - ‘shop.dpsmap.com/wp-content/uploads/2022/12/0-02-06-d6ef9544c426e0ca256ba1cb968399c848c429c980f68ca13089cb608e99aa18_af303a46d7358100-1-100x100.jpg’ saved [2702]

--2026-05-13 01:46:26--  https://shop.dpsmap.com/?add-to-cart=302
Reusing existing connection to shop.dpsmap.com:443.
HTTP request sent, awaiting response... 200 OK
Length: unspecified [text/html]
Saving to: ‘shop.dpsmap.com/index.html@add-to-cart=302.html’

     0K .......... .......... .......... .......... ..........  192K
    50K .......... .......... .......... .......... ..........  203K
   100K .......... .......... .......... .......... .......... 2.36M
   150K ....                                                   52.0K=0.6s

Last-modified header missing -- time-stamps turned off.
2026-05-13 01:46:31 (249 KB/s) - ‘shop.dpsmap.com/index.html@add-to-cart=302.html’ saved [158572]

--2026-05-13 01:46:31--  https://shop.dpsmap.com/index.php/product/magway/
Reusing existing connection to shop.dpsmap.com:443.
HTTP request sent, awaiting response... 200 OK
Length: unspecified [text/html]
Saving to: ‘shop.dpsmap.com/index.php/product/magway/index.html’

     0K .......... .......... .......... .......... ..........  194K
    50K .......... .......... .......... .......               2.46M=0.3s

Last-modified header missing -- time-stamps turned off.
2026-05-13 01:46:34 (320 KB/s) - ‘shop.dpsmap.com/index.php/product/magway/index.html’ saved [89416]

--2026-05-13 01:46:35--  https://shop.dpsmap.com/wp-content/uploads/2022/11/viber_image_2022-12-01_14-35-10-315-scaled.jpg
Reusing existing connection to shop.dpsmap.com:443.
HTTP request sent, awaiting response... 200 OK
Length: unspecified [image/jpeg]
Saving to: ‘shop.dpsmap.com/wp-content/uploads/2022/11/viber_image_2022-12-01_14-35-10-315-scaled.jpg’

     0K .......... .......... .......... .......... ..........  195K
    50K .......... .......... .......... .......... ..........  201K
   100K .......... .......... .......... .......... ..........  203K
   150K .......... .......... .......... .......... .......... 1.10M
   200K .......... .......... .......... .......... ..........  202K
   250K .......... .......... .......... .......... ..........  203K
   300K .......... .......... .......... .......... .......... 1.71M
   350K .......... .......... .......... .......... .......... 2.16M
   400K .......... .......... .......... .......... ..........  209K
   450K .......... .......... .......... .......... ..........  191K
   500K .......... .......... .......... .......... .......... 3.02M
   550K .......... .......... ....                              391K=1.9s

2026-05-13 01:46:37 (299 KB/s) - ‘shop.dpsmap.com/wp-content/uploads/2022/11/viber_image_2022-12-01_14-35-10-315-scaled.jpg’ saved [588401]

--2026-05-13 01:46:38--  https://shop.dpsmap.com/wp-content/uploads/2022/11/viber_image_2022-12-01_14-35-10-315-300x300.jpg
Reusing existing connection to shop.dpsmap.com:443.
HTTP request sent, awaiting response... 200 OK
Length: unspecified [image/jpeg]
Saving to: ‘shop.dpsmap.com/wp-content/uploads/2022/11/viber_image_2022-12-01_14-35-10-315-300x300.jpg’

     0K .......... .......... ...                              69.6K=0.3s

2026-05-13 01:46:39 (69.6 KB/s) - ‘shop.dpsmap.com/wp-content/uploads/2022/11/viber_image_2022-12-01_14-35-10-315-300x300.jpg’ saved [24031]

--2026-05-13 01:46:39--  https://shop.dpsmap.com/wp-content/uploads/2022/11/viber_image_2022-12-01_14-35-10-315-1024x1024.jpg
Reusing existing connection to shop.dpsmap.com:443.
HTTP request sent, awaiting response... 200 OK
Length: unspecified [image/jpeg]
Saving to: ‘shop.dpsmap.com/wp-content/uploads/2022/11/viber_image_2022-12-01_14-35-10-315-1024x1024.jpg’

     0K .......... .......... .......... .......... ..........  105K
    50K .......... .......... .......... .......... ..........  197K
   100K .......... .......... .......... .......... ..........  449K
   150K ......                                                 13.0T=0.8s

2026-05-13 01:46:41 (187 KB/s) - ‘shop.dpsmap.com/wp-content/uploads/2022/11/viber_image_2022-12-01_14-35-10-315-1024x1024.jpg’ saved [160737]

--2026-05-13 01:46:41--  https://shop.dpsmap.com/wp-content/uploads/2022/11/viber_image_2022-12-01_14-35-10-315-150x150.jpg
Reusing existing connection to shop.dpsmap.com:443.
HTTP request sent, awaiting response... 200 OK
Length: unspecified [image/jpeg]
Saving to: ‘shop.dpsmap.com/wp-content/uploads/2022/11/viber_image_2022-12-01_14-35-10-315-150x150.jpg’

     0K .......                                                2.65G=0s

2026-05-13 01:46:42 (2.65 GB/s) - ‘shop.dpsmap.com/wp-content/uploads/2022/11/viber_image_2022-12-01_14-35-10-315-150x150.jpg’ saved [7508]

--2026-05-13 01:46:42--  https://shop.dpsmap.com/wp-content/uploads/2022/11/viber_image_2022-12-01_14-35-10-315-768x768.jpg
Reusing existing connection to shop.dpsmap.com:443.
HTTP request sent, awaiting response... 200 OK
Length: unspecified [image/jpeg]
Saving to: ‘shop.dpsmap.com/wp-content/uploads/2022/11/viber_image_2022-12-01_14-35-10-315-768x768.jpg’

     0K .......... .......... .......... .......... .......... 58.0K
    50K .......... .......... .......... .......... ..........  123K
   100K ......                                                 11.5T=1.3s

2026-05-13 01:46:44 (83.8 KB/s) - ‘shop.dpsmap.com/wp-content/uploads/2022/11/viber_image_2022-12-01_14-35-10-315-768x768.jpg’ saved [108726]

--2026-05-13 01:46:44--  https://shop.dpsmap.com/wp-content/uploads/2022/11/viber_image_2022-12-01_14-35-10-315-1536x1536.jpg
Reusing existing connection to shop.dpsmap.com:443.
HTTP request sent, awaiting response... 200 OK
Length: unspecified [image/jpeg]
Saving to: ‘shop.dpsmap.com/wp-content/uploads/2022/11/viber_image_2022-12-01_14-35-10-315-1536x1536.jpg’

     0K .......... .......... .......... .......... .......... 1.60M
    50K .......... .......... .......... .......... ..........  219K
   100K .......... .......... .......... .......... .......... 1.50M
   150K .......... .......... .......... .......... ..........  198K
   200K .......... .......... .......... .......... .......... 6.27M
   250K .......... .......... .......... ...                    261K=0.7s

2026-05-13 01:46:46 (417 KB/s) - ‘shop.dpsmap.com/wp-content/uploads/2022/11/viber_image_2022-12-01_14-35-10-315-1536x1536.jpg’ saved [290166]

--2026-05-13 01:46:46--  https://shop.dpsmap.com/wp-content/uploads/2022/11/viber_image_2022-12-01_14-35-10-315-2048x2048.jpg
Reusing existing connection to shop.dpsmap.com:443.
HTTP request sent, awaiting response... 200 OK
Length: unspecified [image/jpeg]
Saving to: ‘shop.dpsmap.com/wp-content/uploads/2022/11/viber_image_2022-12-01_14-35-10-315-2048x2048.jpg’

     0K .......... .......... .......... .......... .......... 1.21M
    50K .......... .......... .......... .......... .......... 1.37M
   100K .......... .......... .......... .......... ..........  276K
   150K .......... .......... .......... .......... ..........  558K
   200K .......... .......... .......... .......... .......... 6.89M
   250K .......... .......... .......... .......... ..........  198K
   300K .......... .......... .......... .......... .......... 6.14M
   350K .......... .......... .......... .......... ..........  200K
   400K .......... ........                                    40.1M=0.9s

2026-05-13 01:46:48 (484 KB/s) - ‘shop.dpsmap.com/wp-content/uploads/2022/11/viber_image_2022-12-01_14-35-10-315-2048x2048.jpg’ saved [428452]

--2026-05-13 01:46:48--  https://shop.dpsmap.com/wp-content/uploads/2022/11/viber_image_2022-12-01_14-35-10-315-600x600.jpg
Reusing existing connection to shop.dpsmap.com:443.
HTTP request sent, awaiting response... 200 OK
Length: unspecified [image/jpeg]
Saving to: ‘shop.dpsmap.com/wp-content/uploads/2022/11/viber_image_2022-12-01_14-35-10-315-600x600.jpg’

     0K .......... .......... .......... .......... .......... 1.23M
    50K .......... .......... ..                               78.9K=0.3s

2026-05-13 01:46:49 (223 KB/s) - ‘shop.dpsmap.com/wp-content/uploads/2022/11/viber_image_2022-12-01_14-35-10-315-600x600.jpg’ saved [74205]

--2026-05-13 01:46:49--  https://shop.dpsmap.com/wp-content/uploads/2022/11/viber_image_2022-12-01_14-35-10-315-100x100.jpg
Reusing existing connection to shop.dpsmap.com:443.
HTTP request sent, awaiting response... 200 OK
Length: unspecified [image/jpeg]
Saving to: ‘shop.dpsmap.com/wp-content/uploads/2022/11/viber_image_2022-12-01_14-35-10-315-100x100.jpg’

     0K ...                                                    1.71G=0s

2026-05-13 01:46:50 (1.71 GB/s) - ‘shop.dpsmap.com/wp-content/uploads/2022/11/viber_image_2022-12-01_14-35-10-315-100x100.jpg’ saved [3990]

--2026-05-13 01:46:51--  https://shop.dpsmap.com/index.php/product/bago/
Reusing existing connection to shop.dpsmap.com:443.
HTTP request sent, awaiting response... 200 OK
Length: unspecified [text/html]
Saving to: ‘shop.dpsmap.com/index.php/product/bago/index.html’

     0K .......... .......... .......... .......... ..........  181K
    50K .......... .......... .......... ......                 211K=0.4s

Last-modified header missing -- time-stamps turned off.
2026-05-13 01:46:54 (192 KB/s) - ‘shop.dpsmap.com/index.php/product/bago/index.html’ saved [88227]

--2026-05-13 01:46:55--  https://shop.dpsmap.com/wp-content/uploads/2022/11/viber_image_2022-12-01_14-35-07-967-scaled.jpg
Reusing existing connection to shop.dpsmap.com:443.
HTTP request sent, awaiting response... 200 OK
Length: unspecified [image/jpeg]
Saving to: ‘shop.dpsmap.com/wp-content/uploads/2022/11/viber_image_2022-12-01_14-35-07-967-scaled.jpg’

     0K .......... .......... .......... .......... ..........  192K
    50K .......... .......... .......... .......... ..........  205K
   100K .......... .......... .......... .......... ..........  202K
   150K .......... .......... .......... .......... .......... 3.55M
   200K .......... .......... .......... .......... ..........  203K
   250K .......... .......... .......... .......... .......... 4.94M
   300K .......... .......... .......... .......... ..........  194K
   350K .......... .......... .......... .......... .......... 2.27M
   400K .......... .......... .......... .......... .......... 1.10M
   450K .......... .......... .......... .......... .......... 2.26M
   500K .......... .......... .......... .......... ..........  310K
   550K .......... .......... ..                                244K=1.6s

2026-05-13 01:46:57 (353 KB/s) - ‘shop.dpsmap.com/wp-content/uploads/2022/11/viber_image_2022-12-01_14-35-07-967-scaled.jpg’ saved [586257]

--2026-05-13 01:46:57--  https://shop.dpsmap.com/wp-content/uploads/2022/11/viber_image_2022-12-01_14-35-07-967-300x300.jpg
Reusing existing connection to shop.dpsmap.com:443.
HTTP request sent, awaiting response... 200 OK
Length: unspecified [image/jpeg]
Saving to: ‘shop.dpsmap.com/wp-content/uploads/2022/11/viber_image_2022-12-01_14-35-07-967-300x300.jpg’

     0K .......... .......... ...                              69.9K=0.3s

2026-05-13 01:46:58 (69.9 KB/s) - ‘shop.dpsmap.com/wp-content/uploads/2022/11/viber_image_2022-12-01_14-35-07-967-300x300.jpg’ saved [24549]

--2026-05-13 01:46:59--  https://shop.dpsmap.com/wp-content/uploads/2022/11/viber_image_2022-12-01_14-35-07-967-1024x1024.jpg
Reusing existing connection to shop.dpsmap.com:443.
HTTP request sent, awaiting response... 200 OK
Length: unspecified [image/jpeg]
Saving to: ‘shop.dpsmap.com/wp-content/uploads/2022/11/viber_image_2022-12-01_14-35-07-967-1024x1024.jpg’

     0K .......... .......... .......... .......... ..........  167K
    50K .......... .......... .......... .......... ..........  185K
   100K .......... .......... .......... .......... ..........  154K
   150K .......                                                 238M=0.9s

2026-05-13 01:47:00 (176 KB/s) - ‘shop.dpsmap.com/wp-content/uploads/2022/11/viber_image_2022-12-01_14-35-07-967-1024x1024.jpg’ saved [161017]

--2026-05-13 01:47:00--  https://shop.dpsmap.com/wp-content/uploads/2022/11/viber_image_2022-12-01_14-35-07-967-150x150.jpg
Reusing existing connection to shop.dpsmap.com:443.
HTTP request sent, awaiting response... 200 OK
Length: unspecified [image/jpeg]
Saving to: ‘shop.dpsmap.com/wp-content/uploads/2022/11/viber_image_2022-12-01_14-35-07-967-150x150.jpg’

     0K .......                                                2.03G=0s

2026-05-13 01:47:01 (2.03 GB/s) - ‘shop.dpsmap.com/wp-content/uploads/2022/11/viber_image_2022-12-01_14-35-07-967-150x150.jpg’ saved [7707]

--2026-05-13 01:47:02--  https://shop.dpsmap.com/wp-content/uploads/2022/11/viber_image_2022-12-01_14-35-07-967-768x768.jpg
Reusing existing connection to shop.dpsmap.com:443.
HTTP request sent, awaiting response... 200 OK
Length: unspecified [image/jpeg]
Saving to: ‘shop.dpsmap.com/wp-content/uploads/2022/11/viber_image_2022-12-01_14-35-07-967-768x768.jpg’

     0K .......... .......... .......... .......... ..........  145K
    50K .......... .......... .......... .......... ..........  142K
   100K ......                                                 73.2M=0.7s

2026-05-13 01:47:03 (153 KB/s) - ‘shop.dpsmap.com/wp-content/uploads/2022/11/viber_image_2022-12-01_14-35-07-967-768x768.jpg’ saved [109157]

--2026-05-13 01:47:03--  https://shop.dpsmap.com/wp-content/uploads/2022/11/viber_image_2022-12-01_14-35-07-967-1536x1536.jpg
Reusing existing connection to shop.dpsmap.com:443.
HTTP request sent, awaiting response... 200 OK
Length: unspecified [image/jpeg]
Saving to: ‘shop.dpsmap.com/wp-content/uploads/2022/11/viber_image_2022-12-01_14-35-07-967-1536x1536.jpg’

     0K .......... .......... .......... .......... ..........  195K
    50K .......... .......... .......... .......... ..........  201K
   100K .......... .......... .......... .......... .......... 4.13M
   150K .......... .......... .......... .......... .......... 2.85M
   200K .......... .......... .......... .......... ..........  215K
   250K .......... .......... ..........                        301K=0.9s

2026-05-13 01:47:05 (323 KB/s) - ‘shop.dpsmap.com/wp-content/uploads/2022/11/viber_image_2022-12-01_14-35-07-967-1536x1536.jpg’ saved [287428]

--2026-05-13 01:47:05--  https://shop.dpsmap.com/wp-content/uploads/2022/11/viber_image_2022-12-01_14-35-07-967-2048x2048.jpg
Reusing existing connection to shop.dpsmap.com:443.
HTTP request sent, awaiting response... 200 OK
Length: unspecified [image/jpeg]
Saving to: ‘shop.dpsmap.com/wp-content/uploads/2022/11/viber_image_2022-12-01_14-35-07-967-2048x2048.jpg’

     0K .......... .......... .......... .......... .......... 2.17M
    50K .......... .......... .......... .......... ..........  213K
   100K .......... .......... .......... .......... .......... 1.34M
   150K .......... .......... .......... .......... .......... 1.04M
   200K .......... .......... .......... .......... ..........  271K
   250K .......... .......... .......... .......... .......... 1.30M
   300K .......... .......... .......... .......... .......... 2.11M
   350K .......... .......... .......... .......... ..........  163K
   400K .......... ......                                       104K=1.1s

2026-05-13 01:47:07 (395 KB/s) - ‘shop.dpsmap.com/wp-content/uploads/2022/11/viber_image_2022-12-01_14-35-07-967-2048x2048.jpg’ saved [426784]

--2026-05-13 01:47:07--  https://shop.dpsmap.com/wp-content/uploads/2022/11/viber_image_2022-12-01_14-35-07-967-600x600.jpg
Reusing existing connection to shop.dpsmap.com:443.
HTTP request sent, awaiting response... 200 OK
Length: unspecified [image/jpeg]
Saving to: ‘shop.dpsmap.com/wp-content/uploads/2022/11/viber_image_2022-12-01_14-35-07-967-600x600.jpg’

     0K .......... .......... .......... .......... .......... 2.36M
    50K .......... .......... ..                               72.6K=0.3s

2026-05-13 01:47:08 (219 KB/s) - ‘shop.dpsmap.com/wp-content/uploads/2022/11/viber_image_2022-12-01_14-35-07-967-600x600.jpg’ saved [74307]

--2026-05-13 01:47:08--  https://shop.dpsmap.com/wp-content/uploads/2022/11/viber_image_2022-12-01_14-35-07-967-100x100.jpg
Reusing existing connection to shop.dpsmap.com:443.
HTTP request sent, awaiting response... 200 OK
Length: unspecified [image/jpeg]
Saving to: ‘shop.dpsmap.com/wp-content/uploads/2022/11/viber_image_2022-12-01_14-35-07-967-100x100.jpg’

     0K ...                                                    1.46G=0s

2026-05-13 01:47:09 (1.46 GB/s) - ‘shop.dpsmap.com/wp-content/uploads/2022/11/viber_image_2022-12-01_14-35-07-967-100x100.jpg’ saved [3995]

--2026-05-13 01:47:10--  https://shop.dpsmap.com/index.php/product/myanmar-map-softcopy/
Reusing existing connection to shop.dpsmap.com:443.
HTTP request sent, awaiting response... 200 OK
Length: unspecified [text/html]
Saving to: ‘shop.dpsmap.com/index.php/product/myanmar-map-softcopy/index.html’

     0K .......... .......... .......... .......... ..........  191K
    50K .......... .......... .......... ....                   190K=0.4s

Last-modified header missing -- time-stamps turned off.
2026-05-13 01:47:14 (190 KB/s) - ‘shop.dpsmap.com/index.php/product/myanmar-map-softcopy/index.html’ saved [87000]

--2026-05-13 01:47:14--  https://shop.dpsmap.com/wp-content/uploads/2022/11/viber_image_2022-12-02_09-37-50-874-scaled.jpg
Reusing existing connection to shop.dpsmap.com:443.
HTTP request sent, awaiting response... 200 OK
Length: unspecified [image/jpeg]
Saving to: ‘shop.dpsmap.com/wp-content/uploads/2022/11/viber_image_2022-12-02_09-37-50-874-scaled.jpg’

     0K .......... .......... .......... .......... ..........  197K
    50K .......... .......... .......... .......... ..........  198K
   100K .......... .......... .......... .......... ..........  192K
   150K .......... .......... .......... .......... .......... 3.33M
   200K .......... .......... .......... .......... ..........  198K
   250K .......... .......... .......... .......... ..........  198K
   300K .......... .......... .......... .......... .......... 3.12M
   350K .......... .......... .......... .......... ..........  206K
   400K .......... .......... .......... .......... .......... 4.97M
   450K .......... .......... .......... .......... .......... 2.36M
   500K .......... .......... .......... .......... .......... 1.33M
   550K .......... .......... .......... .......... .......... 3.13M
   600K .......... .......... .......... .......... .......... 2.42M
   650K .......... .......... .......... .......... ..........  320K
   700K .......... .......... .......... .......... ..........  197K
   750K .......... .......... .......... .......... .....      1.22M=2.1s

2026-05-13 01:47:17 (380 KB/s) - ‘shop.dpsmap.com/wp-content/uploads/2022/11/viber_image_2022-12-02_09-37-50-874-scaled.jpg’ saved [814612]

--2026-05-13 01:47:17--  https://shop.dpsmap.com/wp-content/uploads/2022/11/viber_image_2022-12-02_09-37-50-874-300x300.jpg
Reusing existing connection to shop.dpsmap.com:443.
HTTP request sent, awaiting response... 200 OK
Length: unspecified [image/jpeg]
Saving to: ‘shop.dpsmap.com/wp-content/uploads/2022/11/viber_image_2022-12-02_09-37-50-874-300x300.jpg’

     0K .......... .......... .......                          81.2K=0.3s

2026-05-13 01:47:18 (81.2 KB/s) - ‘shop.dpsmap.com/wp-content/uploads/2022/11/viber_image_2022-12-02_09-37-50-874-300x300.jpg’ saved [28503]

--2026-05-13 01:47:18--  https://shop.dpsmap.com/wp-content/uploads/2022/11/viber_image_2022-12-02_09-37-50-874-1024x1024.jpg
Reusing existing connection to shop.dpsmap.com:443.
HTTP request sent, awaiting response... 200 OK
Length: unspecified [image/jpeg]
Saving to: ‘shop.dpsmap.com/wp-content/uploads/2022/11/viber_image_2022-12-02_09-37-50-874-1024x1024.jpg’

     0K .......... .......... .......... .......... ..........  193K
    50K .......... .......... .......... .......... ..........  208K
   100K .......... .......... .......... .......... .......... 2.95M
   150K .......... .......... .......... .......... .......... 4.52M
   200K .......... ....                                        42.7K=0.9s

2026-05-13 01:47:20 (249 KB/s) - ‘shop.dpsmap.com/wp-content/uploads/2022/11/viber_image_2022-12-02_09-37-50-874-1024x1024.jpg’ saved [219339]

--2026-05-13 01:47:20--  https://shop.dpsmap.com/wp-content/uploads/2022/11/viber_image_2022-12-02_09-37-50-874-150x150.jpg
Reusing existing connection to shop.dpsmap.com:443.
HTTP request sent, awaiting response... 200 OK
Length: unspecified [image/jpeg]
Saving to: ‘shop.dpsmap.com/wp-content/uploads/2022/11/viber_image_2022-12-02_09-37-50-874-150x150.jpg’

     0K .......                                                2.06G=0s

2026-05-13 01:47:21 (2.06 GB/s) - ‘shop.dpsmap.com/wp-content/uploads/2022/11/viber_image_2022-12-02_09-37-50-874-150x150.jpg’ saved [7970]

--2026-05-13 01:47:21--  https://shop.dpsmap.com/wp-content/uploads/2022/11/viber_image_2022-12-02_09-37-50-874-768x768.jpg
Reusing existing connection to shop.dpsmap.com:443.
HTTP request sent, awaiting response... 200 OK
Length: unspecified [image/jpeg]
Saving to: ‘shop.dpsmap.com/wp-content/uploads/2022/11/viber_image_2022-12-02_09-37-50-874-768x768.jpg’

     0K .......... .......... .......... .......... ..........  179K
    50K .......... .......... .......... .......... ..........  217K
   100K .......... .......... .......... ........               336K=0.6s

2026-05-13 01:47:23 (222 KB/s) - ‘shop.dpsmap.com/wp-content/uploads/2022/11/viber_image_2022-12-02_09-37-50-874-768x768.jpg’ saved [141348]

--2026-05-13 01:47:23--  https://shop.dpsmap.com/wp-content/uploads/2022/11/viber_image_2022-12-02_09-37-50-874-1536x1536.jpg
Reusing existing connection to shop.dpsmap.com:443.
HTTP request sent, awaiting response... 200 OK
Length: unspecified [image/jpeg]
Saving to: ‘shop.dpsmap.com/wp-content/uploads/2022/11/viber_image_2022-12-02_09-37-50-874-1536x1536.jpg’

     0K .......... .......... .......... .......... ..........  194K
    50K .......... .......... .......... .......... ..........  205K
   100K .......... .......... .......... .......... .......... 2.62M
   150K .......... .......... .......... .......... .......... 5.38M
   200K .......... .......... .......... .......... ..........  197K
   250K .......... .......... .......... .......... .......... 5.51M
   300K .......... .......... .......... .......... ..........  199K
   350K .......... .......... .......... ..........             225K=1.2s

2026-05-13 01:47:25 (319 KB/s) - ‘shop.dpsmap.com/wp-content/uploads/2022/11/viber_image_2022-12-02_09-37-50-874-1536x1536.jpg’ saved [399490]

--2026-05-13 01:47:25--  https://shop.dpsmap.com/wp-content/uploads/2022/11/viber_image_2022-12-02_09-37-50-874-2048x2048.jpg
Reusing existing connection to shop.dpsmap.com:443.
HTTP request sent, awaiting response... 200 OK
Length: unspecified [image/jpeg]
Saving to: ‘shop.dpsmap.com/wp-content/uploads/2022/11/viber_image_2022-12-02_09-37-50-874-2048x2048.jpg’

     0K .......... .......... .......... .......... .......... 1.38M
    50K .......... .......... .......... .......... ..........  219K
   100K .......... .......... .......... .......... ..........  920K
   150K .......... .......... .......... .......... ..........  298K
   200K .......... .......... .......... .......... .......... 2.30M
   250K .......... .......... .......... .......... ..........  632K
   300K .......... .......... .......... .......... ..........  270K
   350K .......... .......... .......... .......... ..........  200K
   400K .......... .......... .......... .......... .......... 7.30M
   450K .......... .......... .......... .......... .......... 1.46M
   500K .......... .......... .......... .......... .......... 1.46M
   550K .......... .......... .......... .                      112K=1.4s

2026-05-13 01:47:28 (422 KB/s) - ‘shop.dpsmap.com/wp-content/uploads/2022/11/viber_image_2022-12-02_09-37-50-874-2048x2048.jpg’ saved [595817]

--2026-05-13 01:47:28--  https://shop.dpsmap.com/wp-content/uploads/2022/11/viber_image_2022-12-02_09-37-50-874-600x600.jpg
Reusing existing connection to shop.dpsmap.com:443.
HTTP request sent, awaiting response... 200 OK
Length: unspecified [image/jpeg]
Saving to: ‘shop.dpsmap.com/wp-content/uploads/2022/11/viber_image_2022-12-02_09-37-50-874-600x600.jpg’

     0K .......... .......... .......... .......... .......... 1.42M
    50K .......... .......... .......... .......... ..          137K=0.3s

2026-05-13 01:47:29 (269 KB/s) - ‘shop.dpsmap.com/wp-content/uploads/2022/11/viber_image_2022-12-02_09-37-50-874-600x600.jpg’ saved [94466]

--2026-05-13 01:47:29--  https://shop.dpsmap.com/wp-content/uploads/2022/11/viber_image_2022-12-02_09-37-50-874-100x100.jpg
Reusing existing connection to shop.dpsmap.com:443.
HTTP request sent, awaiting response... 200 OK
Length: unspecified [image/jpeg]
Saving to: ‘shop.dpsmap.com/wp-content/uploads/2022/11/viber_image_2022-12-02_09-37-50-874-100x100.jpg’

     0K ...                                                    1.68G=0s

2026-05-13 01:47:30 (1.68 GB/s) - ‘shop.dpsmap.com/wp-content/uploads/2022/11/viber_image_2022-12-02_09-37-50-874-100x100.jpg’ saved [4058]

--2026-05-13 01:47:30--  https://shop.dpsmap.com/index.php/product/thingangyun-township-map-a3-size/
Reusing existing connection to shop.dpsmap.com:443.
HTTP request sent, awaiting response... 200 OK
Length: unspecified [text/html]
Saving to: ‘shop.dpsmap.com/index.php/product/thingangyun-township-map-a3-size/index.html’

     0K .......... .......... .......... .......... ..........  188K
    50K .......... .......... .......... ......                 219K=0.4s

Last-modified header missing -- time-stamps turned off.
2026-05-13 01:47:34 (200 KB/s) - ‘shop.dpsmap.com/index.php/product/thingangyun-township-map-a3-size/index.html’ saved [88510]

--2026-05-13 01:47:34--  https://shop.dpsmap.com/wp-content/uploads/2022/11/TGGN_A3_Ove.jpg
Reusing existing connection to shop.dpsmap.com:443.
HTTP request sent, awaiting response... 200 OK
Length: unspecified [image/jpeg]
Saving to: ‘shop.dpsmap.com/wp-content/uploads/2022/11/TGGN_A3_Ove.jpg’

     0K .......... .......... .......... .......... ..........  192K
    50K .......... .......... .......... .......... ..........  198K
   100K .......... .......... .......... .......... ..........  201K
   150K .......... .......... .......... .......... .......... 5.52M
   200K .......... .......... .......... .......... ..........  194K
   250K .......... .......... .......... .......... .......... 3.30M
   300K .......... .......... .......... .......... .......... 2.38M
   350K .......... .......... .......... .......... .......... 2.71M
   400K .......... .......... .......... .......... .......... 2.22M
   450K .......... .......... .......... .......... ..........  274K
   500K .......... .......... .......... .......... ..........  620K
   550K .......... .......... .......... .......... .......... 5.14M
   600K .......... .......... .......... .......... ..........  202K
   650K .......... .......... .......... .......... .......... 1.99M
   700K .......... .......... .......... .......... .......... 2.54M
   750K .......... .......... .......... .......... .......... 2.56M
   800K .......... .......... .......... .......... .......... 2.77M
   850K .......... .......... .......... .......... .......... 1.98M
   900K .......... .......... .......... .......... .......... 1.90M
   950K .......... .......... .......... .......... ..........  353K
  1000K .......... .......... .......... .......... ..........  422K
  1050K .......... .......... .......... .......... .......... 4.99M
  1100K .......... .......... .......... .......... ..........  198K
  1150K .......... .......... .......... .......... ..........  198K
  1200K .......... .......... .......... .......... .......... 5.29M
  1250K .......... .......... .......... .......... ..........  196K
  1300K .......... .......... .......... .......... .......... 2.62M
  1350K .......... .......... .......... .......... .......... 1.99M
  1400K .......... .......                                     78.7K=3.1s

2026-05-13 01:47:38 (463 KB/s) - ‘shop.dpsmap.com/wp-content/uploads/2022/11/TGGN_A3_Ove.jpg’ saved [1451975]

--2026-05-13 01:47:38--  https://shop.dpsmap.com/wp-content/uploads/2022/11/TGGN_A3_Ove-300x221.jpg
Reusing existing connection to shop.dpsmap.com:443.
HTTP request sent, awaiting response... 200 OK
Length: unspecified [image/jpeg]
Saving to: ‘shop.dpsmap.com/wp-content/uploads/2022/11/TGGN_A3_Ove-300x221.jpg’

     0K .......... ......                                      48.2K=0.3s

2026-05-13 01:47:39 (48.2 KB/s) - ‘shop.dpsmap.com/wp-content/uploads/2022/11/TGGN_A3_Ove-300x221.jpg’ saved [16909]

--2026-05-13 01:47:39--  https://shop.dpsmap.com/wp-content/uploads/2022/11/TGGN_A3_Ove-1024x754.jpg
Reusing existing connection to shop.dpsmap.com:443.
HTTP request sent, awaiting response... 200 OK
Length: unspecified [image/jpeg]
Saving to: ‘shop.dpsmap.com/wp-content/uploads/2022/11/TGGN_A3_Ove-1024x754.jpg’

     0K .......... .......... .......... .......... .......... 1.72M
    50K .......... .......... .......... .......... ..........  213K
   100K .......... .......... .......... .......... .......... 1.61M
   150K ..........                                              284M=0.3s

2026-05-13 01:47:40 (548 KB/s) - ‘shop.dpsmap.com/wp-content/uploads/2022/11/TGGN_A3_Ove-1024x754.jpg’ saved [164741]

--2026-05-13 01:47:40--  https://shop.dpsmap.com/wp-content/uploads/2022/11/TGGN_A3_Ove-768x565.jpg
Reusing existing connection to shop.dpsmap.com:443.
HTTP request sent, awaiting response... 200 OK
Length: unspecified [image/jpeg]
Saving to: ‘shop.dpsmap.com/wp-content/uploads/2022/11/TGGN_A3_Ove-768x565.jpg’

     0K .......... .......... .......... .......... .......... 1.78M
    50K .......... .......... .......... .......... ....        144K=0.3s

2026-05-13 01:47:41 (279 KB/s) - ‘shop.dpsmap.com/wp-content/uploads/2022/11/TGGN_A3_Ove-768x565.jpg’ saved [97057]

--2026-05-13 01:47:42--  https://shop.dpsmap.com/wp-content/uploads/2022/11/TGGN_A3_Ove-1536x1130.jpg
Reusing existing connection to shop.dpsmap.com:443.
HTTP request sent, awaiting response... 200 OK
Length: unspecified [image/jpeg]
Saving to: ‘shop.dpsmap.com/wp-content/uploads/2022/11/TGGN_A3_Ove-1536x1130.jpg’

     0K .......... .......... .......... .......... ..........  172K
    50K .......... .......... .......... .......... .......... 1.65M
   100K .......... .......... .......... .......... ..........  207K
   150K .......... .......... .......... .......... ..........  717K
   200K .......... .......... .......... .......... ..........  165K
   250K .......... .......... .......... .......... ..........  300K
   300K ..........                                              271M=1.1s

2026-05-13 01:47:43 (282 KB/s) - ‘shop.dpsmap.com/wp-content/uploads/2022/11/TGGN_A3_Ove-1536x1130.jpg’ saved [317589]

--2026-05-13 01:47:44--  https://shop.dpsmap.com/wp-content/uploads/2022/11/TGGN_A3_Ove-600x442.jpg
Reusing existing connection to shop.dpsmap.com:443.
HTTP request sent, awaiting response... 200 OK
Length: unspecified [image/jpeg]
Saving to: ‘shop.dpsmap.com/wp-content/uploads/2022/11/TGGN_A3_Ove-600x442.jpg’

     0K .......... .......... .......... .......... ..........  165K
    50K .........                                               176M=0.3s

2026-05-13 01:47:45 (196 KB/s) - ‘shop.dpsmap.com/wp-content/uploads/2022/11/TGGN_A3_Ove-600x442.jpg’ saved [61121]

--2026-05-13 01:47:45--  https://shop.dpsmap.com/index.php/product/bamawdistrict/
Reusing existing connection to shop.dpsmap.com:443.
HTTP request sent, awaiting response... 200 OK
Length: unspecified [text/html]
Saving to: ‘shop.dpsmap.com/index.php/product/bamawdistrict/index.html’

     0K .......... .......... .......... .......... ..........  140K
    50K .......... .......... .......... .........              229K=0.5s

Last-modified header missing -- time-stamps turned off.
2026-05-13 01:47:49 (169 KB/s) - ‘shop.dpsmap.com/index.php/product/bamawdistrict/index.html’ saved [91757]

--2026-05-13 01:47:49--  https://shop.dpsmap.com/wp-content/uploads/2022/11/viber_image_2022-12-01_14-36-02-927-scaled.jpg
Reusing existing connection to shop.dpsmap.com:443.
HTTP request sent, awaiting response... 200 OK
Length: unspecified [image/jpeg]
Saving to: ‘shop.dpsmap.com/wp-content/uploads/2022/11/viber_image_2022-12-01_14-36-02-927-scaled.jpg’

     0K .......... .......... .......... .......... ..........  193K
    50K .......... .......... .......... .......... ..........  193K
   100K .......... .......... .......... .......... ..........  208K
   150K .......... .......... .......... .......... .......... 5.88M
   200K .......... .......... .......... .......... ..........  192K
   250K .......... .......... .......... .......... .......... 5.30M
   300K .......... .......... .......... .......... ..........  390K
   350K .......... .......... .......... ..                     148K=1.4s

2026-05-13 01:47:51 (276 KB/s) - ‘shop.dpsmap.com/wp-content/uploads/2022/11/viber_image_2022-12-01_14-36-02-927-scaled.jpg’ saved [391659]

--2026-05-13 01:47:51--  https://shop.dpsmap.com/wp-content/uploads/2022/11/viber_image_2022-12-01_14-36-02-927-300x300.jpg
Reusing existing connection to shop.dpsmap.com:443.
HTTP request sent, awaiting response... Read error (Connection timed out) in headers.
Retrying.

--2026-05-13 01:48:12--  (try: 2)  https://shop.dpsmap.com/wp-content/uploads/2022/11/viber_image_2022-12-01_14-36-02-927-300x300.jpg
Connecting to shop.dpsmap.com (shop.dpsmap.com)|172.67.214.179|:443... connected.
HTTP request sent, awaiting response... 200 OK
Length: unspecified [image/jpeg]
Saving to: ‘shop.dpsmap.com/wp-content/uploads/2022/11/viber_image_2022-12-01_14-36-02-927-300x300.jpg’

     0K .......... .......                                     94.4K=0.2s

2026-05-13 01:48:15 (94.4 KB/s) - ‘shop.dpsmap.com/wp-content/uploads/2022/11/viber_image_2022-12-01_14-36-02-927-300x300.jpg’ saved [18367]

--2026-05-13 01:48:15--  https://shop.dpsmap.com/wp-content/uploads/2022/11/viber_image_2022-12-01_14-36-02-927-1024x1024.jpg
Reusing existing connection to shop.dpsmap.com:443.
HTTP request sent, awaiting response... 200 OK
Length: unspecified [image/jpeg]
Saving to: ‘shop.dpsmap.com/wp-content/uploads/2022/11/viber_image_2022-12-01_14-36-02-927-1024x1024.jpg’

     0K .......... .......... .......... .......... ..........  144K
    50K .......... .......... .......... .......... .......... 1.07M
   100K .......                                                43.9K=0.6s

2026-05-13 01:48:16 (189 KB/s) - ‘shop.dpsmap.com/wp-content/uploads/2022/11/viber_image_2022-12-01_14-36-02-927-1024x1024.jpg’ saved [110409]

--2026-05-13 01:48:16--  https://shop.dpsmap.com/wp-content/uploads/2022/11/viber_image_2022-12-01_14-36-02-927-150x150.jpg
Reusing existing connection to shop.dpsmap.com:443.
HTTP request sent, awaiting response... 200 OK
Length: unspecified [image/jpeg]
Saving to: ‘shop.dpsmap.com/wp-content/uploads/2022/11/viber_image_2022-12-01_14-36-02-927-150x150.jpg’

     0K .....                                                  32.5K=0.2s

2026-05-13 01:48:17 (32.5 KB/s) - ‘shop.dpsmap.com/wp-content/uploads/2022/11/viber_image_2022-12-01_14-36-02-927-150x150.jpg’ saved [6055]

--2026-05-13 01:48:17--  https://shop.dpsmap.com/wp-content/uploads/2022/11/viber_image_2022-12-01_14-36-02-927-768x768.jpg
Reusing existing connection to shop.dpsmap.com:443.
HTTP request sent, awaiting response... 200 OK
Length: unspecified [image/jpeg]
Saving to: ‘shop.dpsmap.com/wp-content/uploads/2022/11/viber_image_2022-12-01_14-36-02-927-768x768.jpg’

     0K .......... .......... .......... .......... ..........  139K
    50K .......... .......... ..                               1.05M=0.4s

2026-05-13 01:48:18 (190 KB/s) - ‘shop.dpsmap.com/wp-content/uploads/2022/11/viber_image_2022-12-01_14-36-02-927-768x768.jpg’ saved [73912]

--2026-05-13 01:48:18--  https://shop.dpsmap.com/wp-content/uploads/2022/11/viber_image_2022-12-01_14-36-02-927-1536x1536.jpg
Reusing existing connection to shop.dpsmap.com:443.
HTTP request sent, awaiting response... 200 OK
Length: unspecified [image/jpeg]
Saving to: ‘shop.dpsmap.com/wp-content/uploads/2022/11/viber_image_2022-12-01_14-36-02-927-1536x1536.jpg’

     0K .......... .......... .......... .......... ..........  287K
    50K .......... .......... .......... .......... ..........  499K
   100K .......... .......... .......... .......... ..........  648K
   150K .......... .......... .......... .......... .           189K=0.6s

2026-05-13 01:48:19 (336 KB/s) - ‘shop.dpsmap.com/wp-content/uploads/2022/11/viber_image_2022-12-01_14-36-02-927-1536x1536.jpg’ saved [195863]

--2026-05-13 01:48:20--  https://shop.dpsmap.com/wp-content/uploads/2022/11/viber_image_2022-12-01_14-36-02-927-2048x2048.jpg
Reusing existing connection to shop.dpsmap.com:443.
HTTP request sent, awaiting response... 200 OK
Length: unspecified [image/jpeg]
Saving to: ‘shop.dpsmap.com/wp-content/uploads/2022/11/viber_image_2022-12-01_14-36-02-927-2048x2048.jpg’

     0K .......... .......... .......... .......... ..........  293K
    50K .......... .......... .......... .......... .......... 7.91M
   100K .......... .......... .......... .......... ..........  299K
   150K .......... .......... .......... .......... .......... 3.76M
   200K .......... .......... .......... .......... ..........  826K
   250K .......... .......... ........                          188K=0.6s

2026-05-13 01:48:21 (490 KB/s) - ‘shop.dpsmap.com/wp-content/uploads/2022/11/viber_image_2022-12-01_14-36-02-927-2048x2048.jpg’ saved [284847]

--2026-05-13 01:48:21--  https://shop.dpsmap.com/wp-content/uploads/2022/11/viber_image_2022-12-01_14-36-02-927-600x600.jpg
Reusing existing connection to shop.dpsmap.com:443.
HTTP request sent, awaiting response... 200 OK
Length: unspecified [image/jpeg]
Saving to: ‘shop.dpsmap.com/wp-content/uploads/2022/11/viber_image_2022-12-01_14-36-02-927-600x600.jpg’

     0K .......... .......... .......... .......... ..........  265K
    50K                                                         404G=0.2s

2026-05-13 01:48:22 (266 KB/s) - ‘shop.dpsmap.com/wp-content/uploads/2022/11/viber_image_2022-12-01_14-36-02-927-600x600.jpg’ saved [51417]

--2026-05-13 01:48:22--  https://shop.dpsmap.com/wp-content/uploads/2022/11/viber_image_2022-12-01_14-36-02-927-100x100.jpg
Reusing existing connection to shop.dpsmap.com:443.
HTTP request sent, awaiting response... 200 OK
Length: unspecified [image/jpeg]
Saving to: ‘shop.dpsmap.com/wp-content/uploads/2022/11/viber_image_2022-12-01_14-36-02-927-100x100.jpg’

     0K ...                                                    1.20G=0s

2026-05-13 01:48:22 (1.20 GB/s) - ‘shop.dpsmap.com/wp-content/uploads/2022/11/viber_image_2022-12-01_14-36-02-927-100x100.jpg’ saved [3230]

--2026-05-13 01:48:23--  https://shop.dpsmap.com/?add-to-cart=238
Reusing existing connection to shop.dpsmap.com:443.
HTTP request sent, awaiting response... 200 OK
Length: unspecified [text/html]
Saving to: ‘shop.dpsmap.com/index.html@add-to-cart=238.html’

     0K .......... .......... .......... .......... ..........  280K
    50K .......... .......... .......... .......... ..........  290K
   100K .......... .......... .......... .......... .......... 1.06M
   150K ......                                                  105M=0.4s

Last-modified header missing -- time-stamps turned off.
2026-05-13 01:48:26 (395 KB/s) - ‘shop.dpsmap.com/index.html@add-to-cart=238.html’ saved [160733]

--2026-05-13 01:48:27--  https://shop.dpsmap.com/?add-to-cart=229
Reusing existing connection to shop.dpsmap.com:443.
HTTP request sent, awaiting response... 200 OK
Length: unspecified [text/html]
Saving to: ‘shop.dpsmap.com/index.html@add-to-cart=229.html’

     0K .......... .......... .......... .......... ..........  288K
    50K .......... .......... .......... .......... ..........  236K
   100K .......... .......... .......... .......... ..........  247K
   150K ......                                                  116M=0.6s

Last-modified header missing -- time-stamps turned off.
2026-05-13 01:48:30 (267 KB/s) - ‘shop.dpsmap.com/index.html@add-to-cart=229.html’ saved [160734]

--2026-05-13 01:48:30--  https://shop.dpsmap.com/index.php/product/hpakan/
Reusing existing connection to shop.dpsmap.com:443.
HTTP request sent, awaiting response... 200 OK
Length: unspecified [text/html]
Saving to: ‘shop.dpsmap.com/index.php/product/hpakan/index.html’

     0K .......... .......... .......... .......... ..........  277K
    50K .......... .......... .......... .......... .           191K=0.4s

Last-modified header missing -- time-stamps turned off.
2026-05-13 01:48:34 (230 KB/s) - ‘shop.dpsmap.com/index.php/product/hpakan/index.html’ saved [93620]

--2026-05-13 01:48:34--  https://shop.dpsmap.com/wp-content/uploads/2022/11/viber_image_2022-12-01_14-35-05-558-scaled.jpg
Reusing existing connection to shop.dpsmap.com:443.
HTTP request sent, awaiting response... 200 OK
Length: unspecified [image/jpeg]
Saving to: ‘shop.dpsmap.com/wp-content/uploads/2022/11/viber_image_2022-12-01_14-35-05-558-scaled.jpg’

     0K .......... .......... .......... .......... ..........  209K
    50K .......... .......... .......... .......... ..........  360K
   100K .......... .......... .......... .......... ..........  340K
   150K .......... .......... .......... .......... .......... 7.62M
   200K .......... .......... .......... .......... ..........  298K
   250K .......... .......... .......... .......... ..........  297K
   300K .......... .......... .......... .......... .......... 4.73M
   350K .......... .......                                      241K=1.0s

2026-05-13 01:48:35 (387 KB/s) - ‘shop.dpsmap.com/wp-content/uploads/2022/11/viber_image_2022-12-01_14-35-05-558-scaled.jpg’ saved [376271]

--2026-05-13 01:48:36--  https://shop.dpsmap.com/wp-content/uploads/2022/11/viber_image_2022-12-01_14-35-05-558-300x300.jpg
Reusing existing connection to shop.dpsmap.com:443.
HTTP request sent, awaiting response... 200 OK
Length: unspecified [image/jpeg]
Saving to: ‘shop.dpsmap.com/wp-content/uploads/2022/11/viber_image_2022-12-01_14-35-05-558-300x300.jpg’

     0K .......... ......                                      89.9K=0.2s

2026-05-13 01:48:36 (89.9 KB/s) - ‘shop.dpsmap.com/wp-content/uploads/2022/11/viber_image_2022-12-01_14-35-05-558-300x300.jpg’ saved [16715]

--2026-05-13 01:48:37--  https://shop.dpsmap.com/wp-content/uploads/2022/11/viber_image_2022-12-01_14-35-05-558-1024x1024.jpg
Reusing existing connection to shop.dpsmap.com:443.
HTTP request sent, awaiting response... 200 OK
Length: unspecified [image/jpeg]
Saving to: ‘shop.dpsmap.com/wp-content/uploads/2022/11/viber_image_2022-12-01_14-35-05-558-1024x1024.jpg’

     0K .......... .......... .......... .......... ..........  145K
    50K .......... .......... .......... .......... ..........  224K
   100K                                                        17.0M=0.6s

2026-05-13 01:48:38 (178 KB/s) - ‘shop.dpsmap.com/wp-content/uploads/2022/11/viber_image_2022-12-01_14-35-05-558-1024x1024.jpg’ saved [103305]

--2026-05-13 01:48:38--  https://shop.dpsmap.com/wp-content/uploads/2022/11/viber_image_2022-12-01_14-35-05-558-150x150.jpg
Reusing existing connection to shop.dpsmap.com:443.
HTTP request sent, awaiting response... 200 OK
Length: unspecified [image/jpeg]
Saving to: ‘shop.dpsmap.com/wp-content/uploads/2022/11/viber_image_2022-12-01_14-35-05-558-150x150.jpg’

     0K .....                                                  1.66G=0s

2026-05-13 01:48:39 (1.66 GB/s) - ‘shop.dpsmap.com/wp-content/uploads/2022/11/viber_image_2022-12-01_14-35-05-558-150x150.jpg’ saved [5560]

--2026-05-13 01:48:39--  https://shop.dpsmap.com/wp-content/uploads/2022/11/viber_image_2022-12-01_14-35-05-558-768x768.jpg
Reusing existing connection to shop.dpsmap.com:443.
HTTP request sent, awaiting response... 200 OK
Length: unspecified [image/jpeg]
Saving to: ‘shop.dpsmap.com/wp-content/uploads/2022/11/viber_image_2022-12-01_14-35-05-558-768x768.jpg’

     0K .......... .......... .......... .......... ..........  129K
    50K .......... ......                                      91.4K=0.6s

2026-05-13 01:48:40 (117 KB/s) - ‘shop.dpsmap.com/wp-content/uploads/2022/11/viber_image_2022-12-01_14-35-05-558-768x768.jpg’ saved [68158]

--2026-05-13 01:48:40--  https://shop.dpsmap.com/wp-content/uploads/2022/11/viber_image_2022-12-01_14-35-05-558-1536x1536.jpg
Reusing existing connection to shop.dpsmap.com:443.
HTTP request sent, awaiting response... 200 OK
Length: unspecified [image/jpeg]
Saving to: ‘shop.dpsmap.com/wp-content/uploads/2022/11/viber_image_2022-12-01_14-35-05-558-1536x1536.jpg’

     0K .......... .......... .......... .......... ..........  289K
    50K .......... .......... .......... .......... .......... 1.31M
   100K .......... .......... .......... .......... ..........  333K
   150K .......... .......... ......                            729K=0.4s

2026-05-13 01:48:41 (445 KB/s) - ‘shop.dpsmap.com/wp-content/uploads/2022/11/viber_image_2022-12-01_14-35-05-558-1536x1536.jpg’ saved [180745]

--2026-05-13 01:48:42--  https://shop.dpsmap.com/wp-content/uploads/2022/11/viber_image_2022-12-01_14-35-05-558-2048x2048.jpg
Reusing existing connection to shop.dpsmap.com:443.
HTTP request sent, awaiting response... 200 OK
Length: unspecified [image/jpeg]
Saving to: ‘shop.dpsmap.com/wp-content/uploads/2022/11/viber_image_2022-12-01_14-35-05-558-2048x2048.jpg’

     0K .......... .......... .......... .......... .......... 6.66M
    50K .......... .......... .......... .......... ..........  300K
   100K .......... .......... .......... .......... .......... 3.27M
   150K .......... .......... .......... .......... .......... 3.30M
   200K .......... .......... .......... .......... ..........  289K
   250K .......... .....                                       81.6K=0.6s

2026-05-13 01:48:43 (469 KB/s) - ‘shop.dpsmap.com/wp-content/uploads/2022/11/viber_image_2022-12-01_14-35-05-558-2048x2048.jpg’ saved [271856]

--2026-05-13 01:48:43--  https://shop.dpsmap.com/wp-content/uploads/2022/11/viber_image_2022-12-01_14-35-05-558-600x600.jpg
Reusing existing connection to shop.dpsmap.com:443.
HTTP request sent, awaiting response... 200 OK
Length: unspecified [image/jpeg]
Saving to: ‘shop.dpsmap.com/wp-content/uploads/2022/11/viber_image_2022-12-01_14-35-05-558-600x600.jpg’

     0K .......... .......... .......... .......... .......     260K=0.2s

2026-05-13 01:48:44 (260 KB/s) - ‘shop.dpsmap.com/wp-content/uploads/2022/11/viber_image_2022-12-01_14-35-05-558-600x600.jpg’ saved [48512]

--2026-05-13 01:48:44--  https://shop.dpsmap.com/wp-content/uploads/2022/11/viber_image_2022-12-01_14-35-05-558-100x100.jpg
Reusing existing connection to shop.dpsmap.com:443.
HTTP request sent, awaiting response... 200 OK
Length: unspecified [image/jpeg]
Saving to: ‘shop.dpsmap.com/wp-content/uploads/2022/11/viber_image_2022-12-01_14-35-05-558-100x100.jpg’

     0K ...                                                    1.80G=0s

2026-05-13 01:48:44 (1.80 GB/s) - ‘shop.dpsmap.com/wp-content/uploads/2022/11/viber_image_2022-12-01_14-35-05-558-100x100.jpg’ saved [3119]

--2026-05-13 01:48:44--  https://shop.dpsmap.com/?add-to-cart=226
Reusing existing connection to shop.dpsmap.com:443.
HTTP request sent, awaiting response... 200 OK
Length: unspecified [text/html]
Saving to: ‘shop.dpsmap.com/index.html@add-to-cart=226.html’

     0K .......... .......... .......... .......... ..........  287K
    50K .......... .......... .......... .......... ..........  289K
   100K .......... .......... .......... .......... .......... 1018K
   150K .........                                              95.5M=0.4s

Last-modified header missing -- time-stamps turned off.
2026-05-13 01:48:48 (401 KB/s) - ‘shop.dpsmap.com/index.html@add-to-cart=226.html’ saved [162914]

--2026-05-13 01:48:48--  https://shop.dpsmap.com/index.php/product/thinganggyun/
Reusing existing connection to shop.dpsmap.com:443.
HTTP request sent, awaiting response... 200 OK
Length: unspecified [text/html]
Saving to: ‘shop.dpsmap.com/index.php/product/thinganggyun/index.html’

     0K .......... .......... .......... .......... ..........  283K
    50K .......... .......... .......... .......... .....       205K=0.4s

Last-modified header missing -- time-stamps turned off.
2026-05-13 01:48:52 (240 KB/s) - ‘shop.dpsmap.com/index.php/product/thinganggyun/index.html’ saved [97623]

--2026-05-13 01:48:52--  https://shop.dpsmap.com/wp-content/uploads/2022/11/shop.jpg
Reusing existing connection to shop.dpsmap.com:443.
HTTP request sent, awaiting response... 404 Not Found
2026-05-13 01:48:52 ERROR 404: Not Found.

--2026-05-13 01:48:53--  https://shop.dpsmap.com/wp-content/uploads/2022/11/shop-300x221.jpg
Reusing existing connection to shop.dpsmap.com:443.
HTTP request sent, awaiting response... 404 Not Found
2026-05-13 01:48:53 ERROR 404: Not Found.

--2026-05-13 01:48:53--  https://shop.dpsmap.com/wp-content/uploads/2022/11/shop-600x442.jpg
Reusing existing connection to shop.dpsmap.com:443.
HTTP request sent, awaiting response... 404 Not Found
2026-05-13 01:48:54 ERROR 404: Not Found.

--2026-05-13 01:48:54--  https://shop.dpsmap.com/?add-to-cart=222
Reusing existing connection to shop.dpsmap.com:443.
HTTP request sent, awaiting response... 200 OK
Length: unspecified [text/html]
Saving to: ‘shop.dpsmap.com/index.html@add-to-cart=222.html’

     0K .......... .......... .......... .......... ..........  286K
    50K .......... .......... .......... .......... ..........  286K
   100K .......... .......... .......... .......... .......... 1.25M
   150K ..........                                             1.32M=0.4s

Last-modified header missing -- time-stamps turned off.
2026-05-13 01:48:58 (405 KB/s) - ‘shop.dpsmap.com/index.html@add-to-cart=222.html’ saved [164434]

--2026-05-13 01:48:58--  https://shop.dpsmap.com/index.php/product/inseindistrict/
Reusing existing connection to shop.dpsmap.com:443.
HTTP request sent, awaiting response... 200 OK
Length: unspecified [text/html]
Saving to: ‘shop.dpsmap.com/index.php/product/inseindistrict/index.html’

     0K .......... .......... .......... .......... ..........  289K
    50K .......... .......... .......... .......... ....       1.30M=0.2s

Last-modified header missing -- time-stamps turned off.
2026-05-13 01:49:01 (459 KB/s) - ‘shop.dpsmap.com/index.php/product/inseindistrict/index.html’ saved [97076]

--2026-05-13 01:49:01--  https://shop.dpsmap.com/wp-content/uploads/2022/11/viber_image_2022-12-01_14-39-00-472-scaled.jpg
Reusing existing connection to shop.dpsmap.com:443.
HTTP request sent, awaiting response... 200 OK
Length: unspecified [image/jpeg]
Saving to: ‘shop.dpsmap.com/wp-content/uploads/2022/11/viber_image_2022-12-01_14-39-00-472-scaled.jpg’

     0K .......... .......... .......... .......... ..........  253K
    50K .......... .......... .......... .......... ..........  306K
   100K .......... .......... .......... .......... ..........  307K
   150K .......... .......... .......... .......... .......... 8.25M
   200K .......... .......... .......... .......... ..........  292K
   250K .......... .......... .......... .......... ..........  301K
   300K .......... .......... .......... .......... .......... 7.33M
   350K .......... .......... .......... .......... ..........  291K
   400K .......... .......... .......... .......... .......... 5.15M
   450K .......... .......... .......... .......... .......... 4.41M
   500K .......... .......... .......... .......... .......... 1.18M
   550K .......... .......... ......                            840K=1.1s

2026-05-13 01:49:03 (506 KB/s) - ‘shop.dpsmap.com/wp-content/uploads/2022/11/viber_image_2022-12-01_14-39-00-472-scaled.jpg’ saved [590456]

--2026-05-13 01:49:03--  https://shop.dpsmap.com/wp-content/uploads/2022/11/viber_image_2022-12-01_14-39-00-472-300x300.jpg
Reusing existing connection to shop.dpsmap.com:443.
HTTP request sent, awaiting response... 200 OK
Length: unspecified [image/jpeg]
Saving to: ‘shop.dpsmap.com/wp-content/uploads/2022/11/viber_image_2022-12-01_14-39-00-472-300x300.jpg’

     0K .......... .........                                    103K=0.2s

2026-05-13 01:49:04 (103 KB/s) - ‘shop.dpsmap.com/wp-content/uploads/2022/11/viber_image_2022-12-01_14-39-00-472-300x300.jpg’ saved [19743]

--2026-05-13 01:49:04--  https://shop.dpsmap.com/wp-content/uploads/2022/11/viber_image_2022-12-01_14-39-00-472-1024x1024.jpg
Reusing existing connection to shop.dpsmap.com:443.
HTTP request sent, awaiting response... 200 OK
Length: unspecified [image/jpeg]
Saving to: ‘shop.dpsmap.com/wp-content/uploads/2022/11/viber_image_2022-12-01_14-39-00-472-1024x1024.jpg’

     0K .......... .......... .......... .......... ..........  290K
    50K .......... .......... .......... .......... ..........  281K
   100K .......... .......... .......... .......... ..........  230K
   150K                                                        26.1G=0.6s

2026-05-13 01:49:05 (264 KB/s) - ‘shop.dpsmap.com/wp-content/uploads/2022/11/viber_image_2022-12-01_14-39-00-472-1024x1024.jpg’ saved [153614]

--2026-05-13 01:49:05--  https://shop.dpsmap.com/wp-content/uploads/2022/11/viber_image_2022-12-01_14-39-00-472-150x150.jpg
Reusing existing connection to shop.dpsmap.com:443.
HTTP request sent, awaiting response... 200 OK
Length: unspecified [image/jpeg]
Saving to: ‘shop.dpsmap.com/wp-content/uploads/2022/11/viber_image_2022-12-01_14-39-00-472-150x150.jpg’

     0K .....                                                  2.44G=0s

2026-05-13 01:49:06 (2.44 GB/s) - ‘shop.dpsmap.com/wp-content/uploads/2022/11/viber_image_2022-12-01_14-39-00-472-150x150.jpg’ saved [6062]

--2026-05-13 01:49:06--  https://shop.dpsmap.com/wp-content/uploads/2022/11/viber_image_2022-12-01_14-39-00-472-768x768.jpg
Reusing existing connection to shop.dpsmap.com:443.
HTTP request sent, awaiting response... 200 OK
Length: unspecified [image/jpeg]
Saving to: ‘shop.dpsmap.com/wp-content/uploads/2022/11/viber_image_2022-12-01_14-39-00-472-768x768.jpg’

     0K .......... .......... .......... .......... ..........  258K
    50K .......... .......... .......... .......... ......      228K=0.4s

2026-05-13 01:49:07 (243 KB/s) - ‘shop.dpsmap.com/wp-content/uploads/2022/11/viber_image_2022-12-01_14-39-00-472-768x768.jpg’ saved [98726]

--2026-05-13 01:49:08--  https://shop.dpsmap.com/wp-content/uploads/2022/11/viber_image_2022-12-01_14-39-00-472-1536x1536.jpg
Reusing existing connection to shop.dpsmap.com:443.
HTTP request sent, awaiting response... 200 OK
Length: unspecified [image/jpeg]
Saving to: ‘shop.dpsmap.com/wp-content/uploads/2022/11/viber_image_2022-12-01_14-39-00-472-1536x1536.jpg’

     0K .......... .......... .......... .......... ..........  264K
    50K .......... .......... .......... .......... ..........  316K
   100K .......... .......... .......... .......... .......... 1.56M
   150K .......... .......... .......... .......... ..........  342K
   200K .......... .......... .......... .......... ..........  290K
   250K .......... .......... .........                         470K=0.8s

2026-05-13 01:49:09 (367 KB/s) - ‘shop.dpsmap.com/wp-content/uploads/2022/11/viber_image_2022-12-01_14-39-00-472-1536x1536.jpg’ saved [285719]

--2026-05-13 01:49:09--  https://shop.dpsmap.com/wp-content/uploads/2022/11/viber_image_2022-12-01_14-39-00-472-2048x2048.jpg
Reusing existing connection to shop.dpsmap.com:443.
HTTP request sent, awaiting response... 200 OK
Length: unspecified [image/jpeg]
Saving to: ‘shop.dpsmap.com/wp-content/uploads/2022/11/viber_image_2022-12-01_14-39-00-472-2048x2048.jpg’

     0K .......... .......... .......... .......... .......... 7.68M
    50K .......... .......... .......... .......... .......... 3.90M
   100K .......... .......... .......... .......... ..........  325K
   150K .......... .......... .......... .......... .......... 1.93M
   200K .......... .......... .......... .......... ..........  297K
   250K .......... .......... .......... .......... .......... 7.59M
   300K .......... .......... .......... .......... ..........  292K
   350K .......... .......... .......... .......... .......... 1.76M
   400K .......... .......... ..                                119K=0.8s

2026-05-13 01:49:10 (556 KB/s) - ‘shop.dpsmap.com/wp-content/uploads/2022/11/viber_image_2022-12-01_14-39-00-472-2048x2048.jpg’ saved [432296]

--2026-05-13 01:49:10--  https://shop.dpsmap.com/wp-content/uploads/2022/11/viber_image_2022-12-01_14-39-00-472-600x600.jpg
Reusing existing connection to shop.dpsmap.com:443.
HTTP request sent, awaiting response... 200 OK
Length: unspecified [image/jpeg]
Saving to: ‘shop.dpsmap.com/wp-content/uploads/2022/11/viber_image_2022-12-01_14-39-00-472-600x600.jpg’

     0K .......... .......... .......... .......... .......... 9.18M
    50K .......... ....                                        82.8K=0.2s

2026-05-13 01:49:11 (350 KB/s) - ‘shop.dpsmap.com/wp-content/uploads/2022/11/viber_image_2022-12-01_14-39-00-472-600x600.jpg’ saved [66484]

--2026-05-13 01:49:11--  https://shop.dpsmap.com/wp-content/uploads/2022/11/viber_image_2022-12-01_14-39-00-472-100x100.jpg
Reusing existing connection to shop.dpsmap.com:443.
HTTP request sent, awaiting response... 200 OK
Length: unspecified [image/jpeg]
Saving to: ‘shop.dpsmap.com/wp-content/uploads/2022/11/viber_image_2022-12-01_14-39-00-472-100x100.jpg’

     0K ...                                                    1.35G=0s

2026-05-13 01:49:12 (1.35 GB/s) - ‘shop.dpsmap.com/wp-content/uploads/2022/11/viber_image_2022-12-01_14-39-00-472-100x100.jpg’ saved [3239]

--2026-05-13 01:49:12--  https://shop.dpsmap.com/?add-to-cart=207
Reusing existing connection to shop.dpsmap.com:443.
HTTP request sent, awaiting response... 200 OK
Length: unspecified [text/html]
Saving to: ‘shop.dpsmap.com/index.html@add-to-cart=207.html’

     0K .......... .......... .......... .......... ..........  288K
    50K .......... .......... .......... .......... ..........  288K
   100K .......... .......... .......... .......... .......... 4.41M
   150K .......... ..                                           329K=0.4s

Last-modified header missing -- time-stamps turned off.
2026-05-13 01:49:15 (410 KB/s) - ‘shop.dpsmap.com/index.html@add-to-cart=207.html’ saved [166613]

--2026-05-13 01:49:15--  https://shop.dpsmap.com/index.php/product/kyolpyaw/
Reusing existing connection to shop.dpsmap.com:443.
HTTP request sent, awaiting response... 200 OK
Length: unspecified [text/html]
Saving to: ‘shop.dpsmap.com/index.php/product/kyolpyaw/index.html’

     0K .......... .......... .......... .......... ..........  269K
    50K .......... .......... .......... .......... ........    233K=0.4s

Last-modified header missing -- time-stamps turned off.
2026-05-13 01:49:18 (250 KB/s) - ‘shop.dpsmap.com/index.php/product/kyolpyaw/index.html’ saved [100823]

--2026-05-13 01:49:18--  https://shop.dpsmap.com/wp-content/uploads/2022/11/viber_image_2022-12-01_14-35-28-812-scaled.jpg
Reusing existing connection to shop.dpsmap.com:443.
HTTP request sent, awaiting response... 200 OK
Length: unspecified [image/jpeg]
Saving to: ‘shop.dpsmap.com/wp-content/uploads/2022/11/viber_image_2022-12-01_14-35-28-812-scaled.jpg’

     0K .......... .......... .......... .......... ..........  268K
    50K .......... .......... .......... .......... ..........  308K
   100K .......... .......... .......... .......... ..........  291K
   150K .......... .......... .......... .......... .......... 6.58M
   200K .......... .......... .......... .......... .......... 13.1M
   250K .......... .......... .......... .......... ..........  293K
   300K .......... .......... .......... .......... .......... 8.87M
   350K .......... .......... .......... .......... .......... 10.6M
   400K .......... .......... .......... .......... .......... 10.0M
   450K .......... .......... .......... .......... ..........  216K
   500K .......... ...                                          214M=0.9s

2026-05-13 01:49:20 (541 KB/s) - ‘shop.dpsmap.com/wp-content/uploads/2022/11/viber_image_2022-12-01_14-35-28-812-scaled.jpg’ saved [525611]

--2026-05-13 01:49:20--  https://shop.dpsmap.com/wp-content/uploads/2022/11/viber_image_2022-12-01_14-35-28-812-300x300.jpg
Reusing existing connection to shop.dpsmap.com:443.
HTTP request sent, awaiting response... 200 OK
Length: unspecified [image/jpeg]
Saving to: ‘shop.dpsmap.com/wp-content/uploads/2022/11/viber_image_2022-12-01_14-35-28-812-300x300.jpg’

     0K .......... ..........                                   117K=0.2s

2026-05-13 01:49:21 (117 KB/s) - ‘shop.dpsmap.com/wp-content/uploads/2022/11/viber_image_2022-12-01_14-35-28-812-300x300.jpg’ saved [20568]

--2026-05-13 01:49:21--  https://shop.dpsmap.com/wp-content/uploads/2022/11/viber_image_2022-12-01_14-35-28-812-1024x1024.jpg
Reusing existing connection to shop.dpsmap.com:443.
HTTP request sent, awaiting response... 200 OK
Length: unspecified [image/jpeg]
Saving to: ‘shop.dpsmap.com/wp-content/uploads/2022/11/viber_image_2022-12-01_14-35-28-812-1024x1024.jpg’

     0K .......... .......... .......... .......... ..........  289K
    50K .......... .......... .......... .......... ..........  289K
   100K .......... .......... .......... .......... ..         1.38M=0.4s

2026-05-13 01:49:22 (380 KB/s) - ‘shop.dpsmap.com/wp-content/uploads/2022/11/viber_image_2022-12-01_14-35-28-812-1024x1024.jpg’ saved [146373]

--2026-05-13 01:49:22--  https://shop.dpsmap.com/wp-content/uploads/2022/11/viber_image_2022-12-01_14-35-28-812-150x150.jpg
Reusing existing connection to shop.dpsmap.com:443.
HTTP request sent, awaiting response... 200 OK
Length: unspecified [image/jpeg]
Saving to: ‘shop.dpsmap.com/wp-content/uploads/2022/11/viber_image_2022-12-01_14-35-28-812-150x150.jpg’

     0K ......                                                 2.69G=0s

2026-05-13 01:49:22 (2.69 GB/s) - ‘shop.dpsmap.com/wp-content/uploads/2022/11/viber_image_2022-12-01_14-35-28-812-150x150.jpg’ saved [6278]

--2026-05-13 01:49:23--  https://shop.dpsmap.com/wp-content/uploads/2022/11/viber_image_2022-12-01_14-35-28-812-768x768.jpg
Reusing existing connection to shop.dpsmap.com:443.
HTTP request sent, awaiting response... 200 OK
Length: unspecified [image/jpeg]
Saving to: ‘shop.dpsmap.com/wp-content/uploads/2022/11/viber_image_2022-12-01_14-35-28-812-768x768.jpg’

     0K .......... .......... .......... .......... ..........  289K
    50K .......... .......... .......... .......... ...        1.26M=0.2s

2026-05-13 01:49:24 (453 KB/s) - ‘shop.dpsmap.com/wp-content/uploads/2022/11/viber_image_2022-12-01_14-35-28-812-768x768.jpg’ saved [95834]

--2026-05-13 01:49:24--  https://shop.dpsmap.com/wp-content/uploads/2022/11/viber_image_2022-12-01_14-35-28-812-1536x1536.jpg
Reusing existing connection to shop.dpsmap.com:443.
HTTP request sent, awaiting response... 200 OK
Length: unspecified [image/jpeg]
Saving to: ‘shop.dpsmap.com/wp-content/uploads/2022/11/viber_image_2022-12-01_14-35-28-812-1536x1536.jpg’

     0K .......... .......... .......... .......... ..........  282K
    50K .......... .......... .......... .......... ..........  294K
   100K .......... .......... .......... .......... .......... 2.14M
   150K .......... .......... .......... .......... .......... 2.04M
   200K .......... .......... .......... .......... ..........  259K
   250K .                                                      3.38T=0.6s

2026-05-13 01:49:25 (429 KB/s) - ‘shop.dpsmap.com/wp-content/uploads/2022/11/viber_image_2022-12-01_14-35-28-812-1536x1536.jpg’ saved [257859]

--2026-05-13 01:49:26--  https://shop.dpsmap.com/wp-content/uploads/2022/11/viber_image_2022-12-01_14-35-28-812-2048x2048.jpg
Reusing existing connection to shop.dpsmap.com:443.
HTTP request sent, awaiting response... 200 OK
Length: unspecified [image/jpeg]
Saving to: ‘shop.dpsmap.com/wp-content/uploads/2022/11/viber_image_2022-12-01_14-35-28-812-2048x2048.jpg’

     0K .......... .......... .......... .......... .......... 1.78M
    50K .......... .......... .......... .......... ..........  329K
   100K .......... .......... .......... .......... .......... 1.87M
   150K .......... .......... .......... .......... ..........  296K
   200K .......... .......... .......... .......... .......... 6.19M
   250K .......... .......... .......... .......... ..........  294K
   300K .......... .......... .......... .......... ..........  290K
   350K .......... .......... ....                             1.19M=0.7s

2026-05-13 01:49:27 (503 KB/s) - ‘shop.dpsmap.com/wp-content/uploads/2022/11/viber_image_2022-12-01_14-35-28-812-2048x2048.jpg’ saved [383004]

--2026-05-13 01:49:27--  https://shop.dpsmap.com/wp-content/uploads/2022/11/viber_image_2022-12-01_14-35-28-812-600x600.jpg
Reusing existing connection to shop.dpsmap.com:443.
HTTP request sent, awaiting response... 200 OK
Length: unspecified [image/jpeg]
Saving to: ‘shop.dpsmap.com/wp-content/uploads/2022/11/viber_image_2022-12-01_14-35-28-812-600x600.jpg’

     0K .......... .......... .......... .......... ..........  281K
    50K .......... ...                                          242M=0.2s

2026-05-13 01:49:28 (357 KB/s) - ‘shop.dpsmap.com/wp-content/uploads/2022/11/viber_image_2022-12-01_14-35-28-812-600x600.jpg’ saved [64951]

--2026-05-13 01:49:28--  https://shop.dpsmap.com/wp-content/uploads/2022/11/viber_image_2022-12-01_14-35-28-812-100x100.jpg
Reusing existing connection to shop.dpsmap.com:443.
HTTP request sent, awaiting response... 200 OK
Length: unspecified [image/jpeg]
Saving to: ‘shop.dpsmap.com/wp-content/uploads/2022/11/viber_image_2022-12-01_14-35-28-812-100x100.jpg’

     0K ...                                                    2.01G=0s

2026-05-13 01:49:29 (2.01 GB/s) - ‘shop.dpsmap.com/wp-content/uploads/2022/11/viber_image_2022-12-01_14-35-28-812-100x100.jpg’ saved [3284]

--2026-05-13 01:49:29--  https://shop.dpsmap.com/?add-to-cart=206
Reusing existing connection to shop.dpsmap.com:443.
HTTP request sent, awaiting response... 200 OK
Length: unspecified [text/html]
Saving to: ‘shop.dpsmap.com/index.html@add-to-cart=206.html’

     0K .......... .......... .......... .......... ..........  284K
    50K .......... .......... .......... .......... ..........  281K
   100K .......... .......... .......... .......... .......... 1.25M
   150K .......... ....                                        76.2K=0.6s

Last-modified header missing -- time-stamps turned off.
2026-05-13 01:49:34 (281 KB/s) - ‘shop.dpsmap.com/index.html@add-to-cart=206.html’ saved [168771]

--2026-05-13 01:49:34--  https://shop.dpsmap.com/index.php/product/we-track-lite/
Reusing existing connection to shop.dpsmap.com:443.
HTTP request sent, awaiting response... 200 OK
Length: unspecified [text/html]
Saving to: ‘shop.dpsmap.com/index.php/product/we-track-lite/index.html’

     0K .......... .......... .......... .......... ..........  228K
    50K .......... .......... .......... .......... ..........  281K
   100K                                                        1.24T=0.4s

Last-modified header missing -- time-stamps turned off.
2026-05-13 01:49:38 (254 KB/s) - ‘shop.dpsmap.com/index.php/product/we-track-lite/index.html’ saved [103079]

--2026-05-13 01:49:38--  https://shop.dpsmap.com/wp-content/uploads/2022/11/wetracklite-scaled.jpg
Reusing existing connection to shop.dpsmap.com:443.
HTTP request sent, awaiting response... 200 OK
Length: unspecified [image/jpeg]
Saving to: ‘shop.dpsmap.com/wp-content/uploads/2022/11/wetracklite-scaled.jpg’

     0K .......... .......... .......... .......... ..........  288K
    50K .......... .......... .......... .......... ..........  290K
   100K .......... .......... .......... .......... ..........  290K
   150K .......... .......... .......... .......... .......... 2.66M
   200K .......... ....                                         444K=0.6s

2026-05-13 01:49:39 (377 KB/s) - ‘shop.dpsmap.com/wp-content/uploads/2022/11/wetracklite-scaled.jpg’ saved [219237]

--2026-05-13 01:49:39--  https://shop.dpsmap.com/wp-content/uploads/2022/11/wetracklite-300x300.jpg
Reusing existing connection to shop.dpsmap.com:443.
HTTP request sent, awaiting response... 200 OK
Length: unspecified [image/jpeg]
Saving to: ‘shop.dpsmap.com/wp-content/uploads/2022/11/wetracklite-300x300.jpg’

     0K .......                                                3.55G=0s

2026-05-13 01:49:40 (3.55 GB/s) - ‘shop.dpsmap.com/wp-content/uploads/2022/11/wetracklite-300x300.jpg’ saved [8005]

--2026-05-13 01:49:40--  https://shop.dpsmap.com/wp-content/uploads/2022/11/wetracklite-scaled-100x100.jpg
Reusing existing connection to shop.dpsmap.com:443.
HTTP request sent, awaiting response... 200 OK
Length: unspecified [image/jpeg]
Saving to: ‘shop.dpsmap.com/wp-content/uploads/2022/11/wetracklite-scaled-100x100.jpg’

     0K ..                                                      959M=0s

2026-05-13 01:49:41 (959 MB/s) - ‘shop.dpsmap.com/wp-content/uploads/2022/11/wetracklite-scaled-100x100.jpg’ saved [2087]

--2026-05-13 01:49:41--  https://shop.dpsmap.com/wp-content/uploads/2022/11/wetracklite-scaled-600x600.jpg
Reusing existing connection to shop.dpsmap.com:443.
HTTP request sent, awaiting response... 200 OK
Length: unspecified [image/jpeg]
Saving to: ‘shop.dpsmap.com/wp-content/uploads/2022/11/wetracklite-scaled-600x600.jpg’

     0K .......... .......... .                                1.26M=0.02s

2026-05-13 01:49:42 (1.26 MB/s) - ‘shop.dpsmap.com/wp-content/uploads/2022/11/wetracklite-scaled-600x600.jpg’ saved [22216]

--2026-05-13 01:49:42--  https://shop.dpsmap.com/wp-content/uploads/2022/11/wetracklite-1024x1024.jpg
Reusing existing connection to shop.dpsmap.com:443.
HTTP request sent, awaiting response... 200 OK
Length: unspecified [image/jpeg]
Saving to: ‘shop.dpsmap.com/wp-content/uploads/2022/11/wetracklite-1024x1024.jpg’

     0K .......... .......... .......... .......... .........   241K=0.2s

2026-05-13 01:49:43 (241 KB/s) - ‘shop.dpsmap.com/wp-content/uploads/2022/11/wetracklite-1024x1024.jpg’ saved [51164]

--2026-05-13 01:49:43--  https://shop.dpsmap.com/wp-content/uploads/2022/11/wetracklite-150x150.jpg
Reusing existing connection to shop.dpsmap.com:443.
HTTP request sent, awaiting response... 200 OK
Length: unspecified [image/jpeg]
Saving to: ‘shop.dpsmap.com/wp-content/uploads/2022/11/wetracklite-150x150.jpg’

     0K ...                                                    1.52G=0s

2026-05-13 01:49:44 (1.52 GB/s) - ‘shop.dpsmap.com/wp-content/uploads/2022/11/wetracklite-150x150.jpg’ saved [3211]

--2026-05-13 01:49:44--  https://shop.dpsmap.com/wp-content/uploads/2022/11/wetracklite-768x768.jpg
Reusing existing connection to shop.dpsmap.com:443.
HTTP request sent, awaiting response... 200 OK
Length: unspecified [image/jpeg]
Saving to: ‘shop.dpsmap.com/wp-content/uploads/2022/11/wetracklite-768x768.jpg’

     0K .......... .......... .......... .                     1.69M=0.02s

2026-05-13 01:49:45 (1.69 MB/s) - ‘shop.dpsmap.com/wp-content/uploads/2022/11/wetracklite-768x768.jpg’ saved [32424]

--2026-05-13 01:49:45--  https://shop.dpsmap.com/wp-content/uploads/2022/11/wetracklite-1536x1536.jpg
Reusing existing connection to shop.dpsmap.com:443.
HTTP request sent, awaiting response... 200 OK
Length: unspecified [image/jpeg]
Saving to: ‘shop.dpsmap.com/wp-content/uploads/2022/11/wetracklite-1536x1536.jpg’

     0K .......... .......... .......... .......... ..........  267K
    50K .......... .......... .......... .......... ....        232K=0.4s

2026-05-13 01:49:46 (249 KB/s) - ‘shop.dpsmap.com/wp-content/uploads/2022/11/wetracklite-1536x1536.jpg’ saved [97191]

--2026-05-13 01:49:46--  https://shop.dpsmap.com/wp-content/uploads/2022/11/wetracklite-2048x2048.jpg
Reusing existing connection to shop.dpsmap.com:443.
HTTP request sent, awaiting response... 200 OK
Length: unspecified [image/jpeg]
Saving to: ‘shop.dpsmap.com/wp-content/uploads/2022/11/wetracklite-2048x2048.jpg’

     0K .......... .......... .......... .......... ..........  144K
    50K .......... .......... .......... .......... .......... 1.47M
   100K .......... .......... .......... .......... .........   259K=0.6s

2026-05-13 01:49:47 (262 KB/s) - ‘shop.dpsmap.com/wp-content/uploads/2022/11/wetracklite-2048x2048.jpg’ saved [152630]

--2026-05-13 01:49:47--  https://shop.dpsmap.com/?add-to-cart=19
Reusing existing connection to shop.dpsmap.com:443.
HTTP request sent, awaiting response... 200 OK
Length: unspecified [text/html]
Saving to: ‘shop.dpsmap.com/index.html@add-to-cart=19.html’

     0K .......... .......... .......... .......... ..........  244K
    50K .......... .......... .......... .......... ..........  321K
   100K .......... .......... .......... .......... .......... 1.49M
   150K .......... ......                                      86.3K=0.6s

Last-modified header missing -- time-stamps turned off.
2026-05-13 01:49:51 (284 KB/s) - ‘shop.dpsmap.com/index.html@add-to-cart=19.html’ saved [170706]

--2026-05-13 01:49:51--  https://shop.dpsmap.com/wp-content/uploads/2022/11/1popup-300x225.jpg
Reusing existing connection to shop.dpsmap.com:443.
HTTP request sent, awaiting response... 200 OK
Length: unspecified [image/jpeg]
Saving to: ‘shop.dpsmap.com/wp-content/uploads/2022/11/1popup-300x225.jpg’

     0K .......... ....                                        79.5K=0.2s

2026-05-13 01:49:52 (79.5 KB/s) - ‘shop.dpsmap.com/wp-content/uploads/2022/11/1popup-300x225.jpg’ saved [14926]

--2026-05-13 01:49:52--  https://dpsmap.com/mapplotting.shtml
Connecting to dpsmap.com (dpsmap.com)|172.67.214.179|:443... connected.
HTTP request sent, awaiting response... 200 OK
Length: unspecified [text/html]
Saving to: ‘dpsmap.com/mapplotting.shtml.html’

     0K .                                                      31.1M=0s

2026-05-13 01:49:54 (31.1 MB/s) - ‘dpsmap.com/mapplotting.shtml.html’ saved [1436]

--2026-05-13 01:49:55--  https://shop.dpsmap.com/index.php/shop/feed/
Connecting to shop.dpsmap.com (shop.dpsmap.com)|172.67.214.179|:443... connected.
HTTP request sent, awaiting response... 200 OK
Length: unspecified [application/rss+xml]
Saving to: ‘shop.dpsmap.com/index.php/shop/feed/index.html’

     0K .......... .......... ..                               86.2K=0.3s

2026-05-13 01:49:59 (86.2 KB/s) - ‘shop.dpsmap.com/index.php/shop/feed/index.html’ saved [22635]

--2026-05-13 01:50:00--  https://shop.dpsmap.com/index.php/shop/?add-to-cart=302
Reusing existing connection to shop.dpsmap.com:443.
HTTP request sent, awaiting response... 200 OK
Length: unspecified [text/html]
Saving to: ‘shop.dpsmap.com/index.php/shop/index.html@add-to-cart=302.html’

     0K .......... .......... .......... .......... ..........  170K
    50K .......... .......... .......... .......... ..........  233K
   100K ..........                                              543K=0.5s

Last-modified header missing -- time-stamps turned off.
2026-05-13 01:50:08 (209 KB/s) - ‘shop.dpsmap.com/index.php/shop/index.html@add-to-cart=302.html’ saved [112721]

--2026-05-13 01:50:08--  https://shop.dpsmap.com/index.php/product/entry-site-service/
Reusing existing connection to shop.dpsmap.com:443.
HTTP request sent, awaiting response... 200 OK
Length: unspecified [text/html]
Saving to: ‘shop.dpsmap.com/index.php/product/entry-site-service/index.html’

     0K .......... .......... .......... .......... ..........  187K
    50K .......... .......... .......... ..........             224K=0.4s

Last-modified header missing -- time-stamps turned off.
2026-05-13 01:50:12 (202 KB/s) - ‘shop.dpsmap.com/index.php/product/entry-site-service/index.html’ saved [92609]

--2026-05-13 01:50:12--  https://shop.dpsmap.com/wp-content/uploads/2022/11/Screenshot-2023-12-26-153030.png
Reusing existing connection to shop.dpsmap.com:443.
HTTP request sent, awaiting response... 200 OK
Length: unspecified [image/png]
Saving to: ‘shop.dpsmap.com/wp-content/uploads/2022/11/Screenshot-2023-12-26-153030.png’

     0K .......... .......... .......... .......... ..........  319K
    50K .......... .......... .......... .......... ..........  403K
   100K .......... .......... .......... .......... ..........  543K
   150K .......... .......... .......... .......... .           727K=0.4s

2026-05-13 01:50:13 (445 KB/s) - ‘shop.dpsmap.com/wp-content/uploads/2022/11/Screenshot-2023-12-26-153030.png’ saved [195935]

--2026-05-13 01:50:13--  https://shop.dpsmap.com/wp-content/uploads/2022/11/Screenshot-2023-12-26-153030-300x167.png
Reusing existing connection to shop.dpsmap.com:443.
HTTP request sent, awaiting response... 200 OK
Length: unspecified [image/png]
Saving to: ‘shop.dpsmap.com/wp-content/uploads/2022/11/Screenshot-2023-12-26-153030-300x167.png’

     0K .......... .......... .......... .......... ..........  386K
    50K .........                                               108K=0.2s

2026-05-13 01:50:14 (276 KB/s) - ‘shop.dpsmap.com/wp-content/uploads/2022/11/Screenshot-2023-12-26-153030-300x167.png’ saved [60609]

--2026-05-13 01:50:14--  https://shop.dpsmap.com/index.php/shop/?add-to-cart=807
Reusing existing connection to shop.dpsmap.com:443.
HTTP request sent, awaiting response... 200 OK
Length: unspecified [text/html]
Saving to: ‘shop.dpsmap.com/index.php/shop/index.html@add-to-cart=807.html’

     0K .......... .......... .......... .......... ..........  357K
    50K .......... .......... .......... .......... ..........  257K
   100K .........                                               166M=0.3s

Last-modified header missing -- time-stamps turned off.
2026-05-13 01:50:20 (328 KB/s) - ‘shop.dpsmap.com/index.php/shop/index.html@add-to-cart=807.html’ saved [112395]

--2026-05-13 01:50:20--  https://shop.dpsmap.com/index.php/shop/?add-to-cart=803
Reusing existing connection to shop.dpsmap.com:443.
HTTP request sent, awaiting response... 200 OK
Length: unspecified [text/html]
Saving to: ‘shop.dpsmap.com/index.php/shop/index.html@add-to-cart=803.html’

     0K .......... .......... .......... .......... ..........  103K
    50K .......... .......... .......... .......... .......... 1.51M
   100K .........                                               141M=0.5s

Last-modified header missing -- time-stamps turned off.
2026-05-13 01:50:25 (212 KB/s) - ‘shop.dpsmap.com/index.php/shop/index.html@add-to-cart=803.html’ saved [112394]

--2026-05-13 01:50:25--  https://shop.dpsmap.com/index.php/shop/?add-to-cart=809
Reusing existing connection to shop.dpsmap.com:443.
HTTP request sent, awaiting response... 200 OK
Length: unspecified [text/html]
Saving to: ‘shop.dpsmap.com/index.php/shop/index.html@add-to-cart=809.html’

     0K .......... .......... .......... .......... ..........  356K
    50K .......... .......... .......... .......... ..........  258K
   100K .........                                               122M=0.3s

Last-modified header missing -- time-stamps turned off.
2026-05-13 01:50:30 (328 KB/s) - ‘shop.dpsmap.com/index.php/shop/index.html@add-to-cart=809.html’ saved [112397]

--2026-05-13 01:50:31--  https://shop.dpsmap.com/index.php/shop/page/3/
Reusing existing connection to shop.dpsmap.com:443.
HTTP request sent, awaiting response... 200 OK
Length: unspecified [text/html]
Saving to: ‘shop.dpsmap.com/index.php/shop/page/3/index.html’

     0K .......... .......... .......... .......... ..........  304K
    50K .......... .......... .......... .......... .           240K=0.3s

Last-modified header missing -- time-stamps turned off.
2026-05-13 01:50:34 (271 KB/s) - ‘shop.dpsmap.com/index.php/shop/page/3/index.html’ saved [93883]

--2026-05-13 01:50:34--  https://shop.dpsmap.com/index.php/wp-json/oembed/1.0/embed?url=https%3A%2F%2Fshop.dpsmap.com%2Findex.php%2Fcart%2F
Reusing existing connection to shop.dpsmap.com:443.
HTTP request sent, awaiting response... 200 OK
Length: unspecified [application/json]
Saving to: ‘shop.dpsmap.com/index.php/wp-json/oembed/1.0/embed@url=https%3A%2F%2Fshop.dpsmap.com%2Findex.php%2Fcart%2F’

     0K ..                                                      885M=0s

Last-modified header missing -- time-stamps turned off.
2026-05-13 01:50:39 (885 MB/s) - ‘shop.dpsmap.com/index.php/wp-json/oembed/1.0/embed@url=https%3A%2F%2Fshop.dpsmap.com%2Findex.php%2Fcart%2F’ saved [2203]

--2026-05-13 01:50:39--  https://shop.dpsmap.com/index.php/wp-json/oembed/1.0/embed?url=https%3A%2F%2Fshop.dpsmap.com%2Findex.php%2Fcart%2F&format=xml
Reusing existing connection to shop.dpsmap.com:443.
HTTP request sent, awaiting response... 200 OK
Length: unspecified [text/xml]
Saving to: ‘shop.dpsmap.com/index.php/wp-json/oembed/1.0/embed@url=https%3A%2F%2Fshop.dpsmap.com%2Findex.php%2Fcart%2F&format=xml’

     0K ..                                                     1.28G=0s

Last-modified header missing -- time-stamps turned off.
2026-05-13 01:50:42 (1.28 GB/s) - ‘shop.dpsmap.com/index.php/wp-json/oembed/1.0/embed@url=https%3A%2F%2Fshop.dpsmap.com%2Findex.php%2Fcart%2F&format=xml’ saved [2349]

--2026-05-13 01:50:42--  https://shop.dpsmap.com/wp-content/plugins/woocommerce/assets/css/select2.css?ver=7.1.0
Reusing existing connection to shop.dpsmap.com:443.
HTTP request sent, awaiting response... 200 OK
Length: unspecified [text/css]
Saving to: ‘shop.dpsmap.com/wp-content/plugins/woocommerce/assets/css/select2.css@ver=7.1.0.css’

     0K .......... ....                                         393M=0s

2026-05-13 01:50:43 (393 MB/s) - ‘shop.dpsmap.com/wp-content/plugins/woocommerce/assets/css/select2.css@ver=7.1.0.css’ saved [14615]

--2026-05-13 01:50:44--  https://shop.dpsmap.com/index.php/wp-json/wp/v2/pages/11
Reusing existing connection to shop.dpsmap.com:443.
HTTP request sent, awaiting response... 200 OK
Length: unspecified [application/json]
Saving to: ‘shop.dpsmap.com/index.php/wp-json/wp/v2/pages/11’

     0K .                                                       613M=0s

Last-modified header missing -- time-stamps turned off.
2026-05-13 01:50:47 (613 MB/s) - ‘shop.dpsmap.com/index.php/wp-json/wp/v2/pages/11’ saved [1455]

--2026-05-13 01:50:47--  https://shop.dpsmap.com/?p=11
Reusing existing connection to shop.dpsmap.com:443.
HTTP request sent, awaiting response... 301 Moved Permanently
Location: https://shop.dpsmap.com/index.php/cart/ [following]
--2026-05-13 01:50:50--  https://shop.dpsmap.com/index.php/cart/
Reusing existing connection to shop.dpsmap.com:443.
HTTP request sent, awaiting response... 200 OK
Length: unspecified [text/html]
Saving to: ‘shop.dpsmap.com/index.html@p=11.html’

     0K .......... .......... .......... .......... ..........  357K
    50K .......... .......... .......... .......... ..........  102K
   100K .......... .......... .......... .......... .......... 1.46M
   150K .......... .......... .......... ......                1.85M=0.7s

Last-modified header missing -- time-stamps turned off.
2026-05-13 01:50:54 (274 KB/s) - ‘shop.dpsmap.com/index.html@p=11.html’ saved [191414]

--2026-05-13 01:50:54--  https://shop.dpsmap.com/wp-content/plugins/woocommerce/assets/js/frontend/country-select.min.js?ver=7.1.0
Reusing existing connection to shop.dpsmap.com:443.
HTTP request sent, awaiting response... 200 OK
Length: unspecified [application/javascript]
Saving to: ‘shop.dpsmap.com/wp-content/plugins/woocommerce/assets/js/frontend/country-select.min.js@ver=7.1.0’

     0K ...                                                    1.81G=0s

2026-05-13 01:50:55 (1.81 GB/s) - ‘shop.dpsmap.com/wp-content/plugins/woocommerce/assets/js/frontend/country-select.min.js@ver=7.1.0’ saved [3318]

--2026-05-13 01:50:55--  https://shop.dpsmap.com/wp-content/plugins/woocommerce/assets/js/frontend/address-i18n.min.js?ver=7.1.0
Reusing existing connection to shop.dpsmap.com:443.
HTTP request sent, awaiting response... 200 OK
Length: unspecified [application/javascript]
Saving to: ‘shop.dpsmap.com/wp-content/plugins/woocommerce/assets/js/frontend/address-i18n.min.js@ver=7.1.0’

     0K ..                                                     1.47G=0s

2026-05-13 01:50:55 (1.47 GB/s) - ‘shop.dpsmap.com/wp-content/plugins/woocommerce/assets/js/frontend/address-i18n.min.js@ver=7.1.0’ saved [2642]

--2026-05-13 01:50:56--  https://shop.dpsmap.com/wp-content/plugins/woocommerce/assets/js/frontend/cart.min.js?ver=7.1.0
Reusing existing connection to shop.dpsmap.com:443.
HTTP request sent, awaiting response... 200 OK
Length: unspecified [application/javascript]
Saving to: ‘shop.dpsmap.com/wp-content/plugins/woocommerce/assets/js/frontend/cart.min.js@ver=7.1.0’

     0K .......                                                3.39G=0s

2026-05-13 01:50:56 (3.39 GB/s) - ‘shop.dpsmap.com/wp-content/plugins/woocommerce/assets/js/frontend/cart.min.js@ver=7.1.0’ saved [7880]

--2026-05-13 01:50:57--  https://shop.dpsmap.com/wp-content/plugins/woocommerce/assets/js/selectWoo/selectWoo.full.min.js?ver=1.0.9-wc.7.1.0
Reusing existing connection to shop.dpsmap.com:443.
HTTP request sent, awaiting response... 200 OK
Length: unspecified [application/javascript]
Saving to: ‘shop.dpsmap.com/wp-content/plugins/woocommerce/assets/js/selectWoo/selectWoo.full.min.js@ver=1.0.9-wc.7.1.0’

     0K .......... .......... .......... .......... ..........  361K
    50K .......... .......... .....                             129K=0.3s

2026-05-13 01:50:58 (225 KB/s) - ‘shop.dpsmap.com/wp-content/plugins/woocommerce/assets/js/selectWoo/selectWoo.full.min.js@ver=1.0.9-wc.7.1.0’ saved [77052]

--2026-05-13 01:50:58--  https://shop.dpsmap.com/index.php/wp-json/oembed/1.0/embed?url=https%3A%2F%2Fshop.dpsmap.com%2Findex.php%2Fmy-account%2F
Reusing existing connection to shop.dpsmap.com:443.
HTTP request sent, awaiting response... 200 OK
Length: unspecified [application/json]
Saving to: ‘shop.dpsmap.com/index.php/wp-json/oembed/1.0/embed@url=https%3A%2F%2Fshop.dpsmap.com%2Findex.php%2Fmy-account%2F’

     0K ..                                                     1.08G=0s

Last-modified header missing -- time-stamps turned off.
2026-05-13 01:51:05 (1.08 GB/s) - ‘shop.dpsmap.com/index.php/wp-json/oembed/1.0/embed@url=https%3A%2F%2Fshop.dpsmap.com%2Findex.php%2Fmy-account%2F’ saved [2233]

--2026-05-13 01:51:05--  https://shop.dpsmap.com/index.php/wp-json/oembed/1.0/embed?url=https%3A%2F%2Fshop.dpsmap.com%2Findex.php%2Fmy-account%2F&format=xml
Reusing existing connection to shop.dpsmap.com:443.
HTTP request sent, awaiting response... 200 OK
Length: unspecified [text/xml]
Saving to: ‘shop.dpsmap.com/index.php/wp-json/oembed/1.0/embed@url=https%3A%2F%2Fshop.dpsmap.com%2Findex.php%2Fmy-account%2F&format=xml’

     0K ..                                                     1.08G=0s

Last-modified header missing -- time-stamps turned off.
2026-05-13 01:51:13 (1.08 GB/s) - ‘shop.dpsmap.com/index.php/wp-json/oembed/1.0/embed@url=https%3A%2F%2Fshop.dpsmap.com%2Findex.php%2Fmy-account%2F&format=xml’ saved [2379]

--2026-05-13 01:51:13--  https://shop.dpsmap.com/index.php/wp-json/wp/v2/pages/13
Reusing existing connection to shop.dpsmap.com:443.
HTTP request sent, awaiting response... 200 OK
Length: unspecified [application/json]
Saving to: ‘shop.dpsmap.com/index.php/wp-json/wp/v2/pages/13’

     0K .                                                       827M=0s

Last-modified header missing -- time-stamps turned off.
2026-05-13 01:51:18 (827 MB/s) - ‘shop.dpsmap.com/index.php/wp-json/wp/v2/pages/13’ saved [1513]

--2026-05-13 01:51:18--  https://shop.dpsmap.com/?p=13
Reusing existing connection to shop.dpsmap.com:443.
HTTP request sent, awaiting response... 301 Moved Permanently
Location: https://shop.dpsmap.com/index.php/my-account/ [following]
--2026-05-13 01:51:23--  https://shop.dpsmap.com/index.php/my-account/
Reusing existing connection to shop.dpsmap.com:443.
HTTP request sent, awaiting response... 200 OK
Length: unspecified [text/html]
Saving to: ‘shop.dpsmap.com/index.html@p=13.html’

     0K .......... .......... .......... .......... ..........  356K
    50K .......... .......... .......... ...                    174K=0.3s

Last-modified header missing -- time-stamps turned off.
2026-05-13 01:51:27 (251 KB/s) - ‘shop.dpsmap.com/index.html@p=13.html’ saved [85886]

--2026-05-13 01:51:27--  https://shop.dpsmap.com/index.php/my-account/lost-password/
Reusing existing connection to shop.dpsmap.com:443.
HTTP request sent, awaiting response... 200 OK
Length: unspecified [text/html]
Saving to: ‘shop.dpsmap.com/index.php/my-account/lost-password/index.html’

     0K .......... .......... .......... .......... ..........  356K
    50K .......... .......... .......... ...                    176K=0.3s

Last-modified header missing -- time-stamps turned off.
2026-05-13 01:51:31 (251 KB/s) - ‘shop.dpsmap.com/index.php/my-account/lost-password/index.html’ saved [86001]

--2026-05-13 01:51:31--  https://shop.dpsmap.com/index.php/product-category/all-products/feed/
Reusing existing connection to shop.dpsmap.com:443.
HTTP request sent, awaiting response... 200 OK
Length: unspecified [application/rss+xml]
Saving to: ‘shop.dpsmap.com/index.php/product-category/all-products/feed/index.html’

     0K .......... .......... ..                               97.8K=0.2s

2026-05-13 01:51:34 (97.8 KB/s) - ‘shop.dpsmap.com/index.php/product-category/all-products/feed/index.html’ saved [22668]

--2026-05-13 01:51:34--  https://shop.dpsmap.com/index.php/wp-json/wp/v2/product_cat/18
Reusing existing connection to shop.dpsmap.com:443.
HTTP request sent, awaiting response... 200 OK
Length: unspecified [application/json]
Saving to: ‘shop.dpsmap.com/index.php/wp-json/wp/v2/product_cat/18’

     0K                                                         229M=0s

Last-modified header missing -- time-stamps turned off.
2026-05-13 01:51:39 (229 MB/s) - ‘shop.dpsmap.com/index.php/wp-json/wp/v2/product_cat/18’ saved [718]

--2026-05-13 01:51:39--  https://shop.dpsmap.com/index.php/product-category/all-products/?add-to-cart=302
Reusing existing connection to shop.dpsmap.com:443.
HTTP request sent, awaiting response... 200 OK
Length: unspecified [text/html]
Saving to: ‘shop.dpsmap.com/index.php/product-category/all-products/index.html@add-to-cart=302.html’

     0K .......... .......... .......... .......... .......... 96.9K
    50K .......... .......... .......... .......... .......... 1.46M
   100K ..........                                              210M=0.5s

Last-modified header missing -- time-stamps turned off.
2026-05-13 01:51:42 (201 KB/s) - ‘shop.dpsmap.com/index.php/product-category/all-products/index.html@add-to-cart=302.html’ saved [113125]

--2026-05-13 01:51:42--  https://shop.dpsmap.com/index.php/product-category/all-products/?add-to-cart=807
Reusing existing connection to shop.dpsmap.com:443.
HTTP request sent, awaiting response... 200 OK
Length: unspecified [text/html]
Saving to: ‘shop.dpsmap.com/index.php/product-category/all-products/index.html@add-to-cart=807.html’

     0K .......... .......... .......... .......... ..........  287M
    50K .......... .......... .......... .......... .......... 3.31M
   100K ..........                                              110M=0.02s

Last-modified header missing -- time-stamps turned off.
2026-05-13 01:51:46 (7.18 MB/s) - ‘shop.dpsmap.com/index.php/product-category/all-products/index.html@add-to-cart=807.html’ saved [113034]

--2026-05-13 01:51:47--  https://shop.dpsmap.com/index.php/product-category/all-products/?add-to-cart=803
Reusing existing connection to shop.dpsmap.com:443.
HTTP request sent, awaiting response... 200 OK
Length: unspecified [text/html]
Saving to: ‘shop.dpsmap.com/index.php/product-category/all-products/index.html@add-to-cart=803.html’

     0K .......... .......... .......... .......... ..........  238K
    50K .......... .......... .......... .......... ..........  403K
   100K ..........                                              151M=0.3s

Last-modified header missing -- time-stamps turned off.
2026-05-13 01:51:50 (331 KB/s) - ‘shop.dpsmap.com/index.php/product-category/all-products/index.html@add-to-cart=803.html’ saved [113033]

--2026-05-13 01:51:50--  https://shop.dpsmap.com/index.php/product-category/all-products/?add-to-cart=809
Reusing existing connection to shop.dpsmap.com:443.
HTTP request sent, awaiting response... 200 OK
Length: unspecified [text/html]
Saving to: ‘shop.dpsmap.com/index.php/product-category/all-products/index.html@add-to-cart=809.html’

     0K .......... .......... .......... .......... ..........  292K
    50K .......... .......... .......... .......... ..........  306K
   100K ..........                                              149M=0.3s

Last-modified header missing -- time-stamps turned off.
2026-05-13 01:51:54 (330 KB/s) - ‘shop.dpsmap.com/index.php/product-category/all-products/index.html@add-to-cart=809.html’ saved [113036]

--2026-05-13 01:51:54--  https://shop.dpsmap.com/index.php/product-category/all-products/page/2/
Reusing existing connection to shop.dpsmap.com:443.
HTTP request sent, awaiting response... 200 OK
Length: unspecified [text/html]
Saving to: ‘shop.dpsmap.com/index.php/product-category/all-products/page/2/index.html’

     0K .......... .......... .......... .......... ..........  355K
    50K .......... .......... .......... .......... ..........  409K
   100K .......... .......                                      241K=0.3s

Last-modified header missing -- time-stamps turned off.
2026-05-13 01:51:58 (350 KB/s) - ‘shop.dpsmap.com/index.php/product-category/all-products/page/2/index.html’ saved [120120]

--2026-05-13 01:51:58--  https://shop.dpsmap.com/index.php/product-category/all-products/page/3/
Reusing existing connection to shop.dpsmap.com:443.
HTTP request sent, awaiting response... 200 OK
Length: unspecified [text/html]
Saving to: ‘shop.dpsmap.com/index.php/product-category/all-products/page/3/index.html’

     0K .......... .......... .......... .......... .......... 97.8K
    50K .......... .......... .......... .........             1.96M=0.5s

Last-modified header missing -- time-stamps turned off.
2026-05-13 01:52:01 (168 KB/s) - ‘shop.dpsmap.com/index.php/product-category/all-products/page/3/index.html’ saved [91599]

--2026-05-13 01:52:02--  https://shop.dpsmap.com/index.php/product-category/dgps-tracker/feed/
Reusing existing connection to shop.dpsmap.com:443.
HTTP request sent, awaiting response... 200 OK
Length: unspecified [application/rss+xml]
Saving to: ‘shop.dpsmap.com/index.php/product-category/dgps-tracker/feed/index.html’

     0K .......                                                2.77G=0s

2026-05-13 01:52:06 (2.77 GB/s) - ‘shop.dpsmap.com/index.php/product-category/dgps-tracker/feed/index.html’ saved [8021]

--2026-05-13 01:52:06--  https://shop.dpsmap.com/index.php/wp-json/wp/v2/product_cat/23
Reusing existing connection to shop.dpsmap.com:443.
HTTP request sent, awaiting response... 200 OK
Length: unspecified [application/json]
Saving to: ‘shop.dpsmap.com/index.php/wp-json/wp/v2/product_cat/23’

     0K                                                         402M=0s

Last-modified header missing -- time-stamps turned off.
2026-05-13 01:52:10 (402 MB/s) - ‘shop.dpsmap.com/index.php/wp-json/wp/v2/product_cat/23’ saved [716]

--2026-05-13 01:52:10--  https://shop.dpsmap.com/index.php/product-category/dgps-tracker/?add-to-cart=19
Reusing existing connection to shop.dpsmap.com:443.
HTTP request sent, awaiting response... 200 OK
Length: unspecified [text/html]
Saving to: ‘shop.dpsmap.com/index.php/product-category/dgps-tracker/index.html@add-to-cart=19.html’

     0K .......... .......... .......... .......... ..........  357K
    50K .......... .......... .......... .....                  181K=0.3s

Last-modified header missing -- time-stamps turned off.
2026-05-13 01:52:14 (254 KB/s) - ‘shop.dpsmap.com/index.php/product-category/dgps-tracker/index.html@add-to-cart=19.html’ saved [87240]

--2026-05-13 01:52:15--  https://shop.dpsmap.com/index.php/product-category/hard-copy/feed/
Reusing existing connection to shop.dpsmap.com:443.
HTTP request sent, awaiting response... 200 OK
Length: unspecified [application/rss+xml]
Saving to: ‘shop.dpsmap.com/index.php/product-category/hard-copy/feed/index.html’

     0K .......... .......... .........                         282K=0.1s

2026-05-13 01:52:18 (282 KB/s) - ‘shop.dpsmap.com/index.php/product-category/hard-copy/feed/index.html’ saved [29796]

--2026-05-13 01:52:18--  https://shop.dpsmap.com/index.php/wp-json/wp/v2/product_cat/36
Reusing existing connection to shop.dpsmap.com:443.
HTTP request sent, awaiting response... 200 OK
Length: unspecified [application/json]
Saving to: ‘shop.dpsmap.com/index.php/wp-json/wp/v2/product_cat/36’

     0K                                                         454M=0s

Last-modified header missing -- time-stamps turned off.
2026-05-13 01:52:22 (454 MB/s) - ‘shop.dpsmap.com/index.php/wp-json/wp/v2/product_cat/36’ saved [721]

--2026-05-13 01:52:22--  https://shop.dpsmap.com/index.php/product-category/hard-copy/?add-to-cart=807
Reusing existing connection to shop.dpsmap.com:443.
HTTP request sent, awaiting response... 200 OK
Length: unspecified [text/html]
Saving to: ‘shop.dpsmap.com/index.php/product-category/hard-copy/index.html@add-to-cart=807.html’

     0K .......... .......... .......... .......... ..........  356K
    50K .......... .......... .......... .......... ..........  408K
   100K .......... ..                                           169K=0.3s

Last-modified header missing -- time-stamps turned off.
2026-05-13 01:52:26 (335 KB/s) - ‘shop.dpsmap.com/index.php/product-category/hard-copy/index.html@add-to-cart=807.html’ saved [114714]

--2026-05-13 01:52:26--  https://shop.dpsmap.com/index.php/product-category/hard-copy/?add-to-cart=803
Reusing existing connection to shop.dpsmap.com:443.
HTTP request sent, awaiting response... 200 OK
Length: unspecified [text/html]
Saving to: ‘shop.dpsmap.com/index.php/product-category/hard-copy/index.html@add-to-cart=803.html’

     0K .......... .......... .......... .......... ..........  364K
    50K .......... .......... .......... .......... ..........  404K
   100K .......... ..                                           162K=0.3s

Last-modified header missing -- time-stamps turned off.
2026-05-13 01:52:29 (334 KB/s) - ‘shop.dpsmap.com/index.php/product-category/hard-copy/index.html@add-to-cart=803.html’ saved [114713]

--2026-05-13 01:52:29--  https://shop.dpsmap.com/index.php/product-category/hard-copy/?add-to-cart=809
Reusing existing connection to shop.dpsmap.com:443.
HTTP request sent, awaiting response... 200 OK
Length: unspecified [text/html]
Saving to: ‘shop.dpsmap.com/index.php/product-category/hard-copy/index.html@add-to-cart=809.html’

     0K .......... .......... .......... .......... ..........  357K
    50K .......... .......... .......... .......... ..........  408K
   100K .......... ..                                           166K=0.3s

Last-modified header missing -- time-stamps turned off.
2026-05-13 01:52:34 (334 KB/s) - ‘shop.dpsmap.com/index.php/product-category/hard-copy/index.html@add-to-cart=809.html’ saved [114716]

--2026-05-13 01:52:34--  https://shop.dpsmap.com/index.php/product-category/hard-copy/?add-to-cart=206
Reusing existing connection to shop.dpsmap.com:443.
HTTP request sent, awaiting response... 200 OK
Length: unspecified [text/html]
Saving to: ‘shop.dpsmap.com/index.php/product-category/hard-copy/index.html@add-to-cart=206.html’

     0K .......... .......... .......... .......... ..........  355K
    50K .......... .......... .......... .......... ..........  405K
   100K .......... ..                                           171K=0.3s

Last-modified header missing -- time-stamps turned off.
2026-05-13 01:52:38 (335 KB/s) - ‘shop.dpsmap.com/index.php/product-category/hard-copy/index.html@add-to-cart=206.html’ saved [114737]

--2026-05-13 01:52:38--  https://shop.dpsmap.com/index.php/product-category/hard-copy/?add-to-cart=226
Reusing existing connection to shop.dpsmap.com:443.
HTTP request sent, awaiting response... 200 OK
Length: unspecified [text/html]
Saving to: ‘shop.dpsmap.com/index.php/product-category/hard-copy/index.html@add-to-cart=226.html’

     0K .......... .......... .......... .......... ..........  336K
    50K .......... .......... .......... .......... ..........  434K
   100K .......... ..                                           170K=0.3s

Last-modified header missing -- time-stamps turned off.
2026-05-13 01:52:41 (335 KB/s) - ‘shop.dpsmap.com/index.php/product-category/hard-copy/index.html@add-to-cart=226.html’ saved [114761]

--2026-05-13 01:52:41--  https://shop.dpsmap.com/index.php/product-category/hard-copy/?add-to-cart=238
Reusing existing connection to shop.dpsmap.com:443.
HTTP request sent, awaiting response... 200 OK
Length: unspecified [text/html]
Saving to: ‘shop.dpsmap.com/index.php/product-category/hard-copy/index.html@add-to-cart=238.html’

     0K .......... .......... .......... .......... ..........  357K
    50K .......... .......... .......... .......... ..........  408K
   100K .......... ..                                           169K=0.3s

Last-modified header missing -- time-stamps turned off.
2026-05-13 01:52:45 (335 KB/s) - ‘shop.dpsmap.com/index.php/product-category/hard-copy/index.html@add-to-cart=238.html’ saved [114735]

--2026-05-13 01:52:45--  https://shop.dpsmap.com/index.php/product-category/hard-copy/page/2/
Reusing existing connection to shop.dpsmap.com:443.
HTTP request sent, awaiting response... 200 OK
Length: unspecified [text/html]
Saving to: ‘shop.dpsmap.com/index.php/product-category/hard-copy/page/2/index.html’

     0K .......... .......... .......... .......... ..........  358K
    50K .......... .......... .......... .......... ..........  103K
   100K ..                                                     4.83T=0.6s

Last-modified header missing -- time-stamps turned off.
2026-05-13 01:52:48 (164 KB/s) - ‘shop.dpsmap.com/index.php/product-category/hard-copy/page/2/index.html’ saved [105057]

--2026-05-13 01:52:48--  https://shop.dpsmap.com/index.php/product-category/map-softcopy/feed/
Reusing existing connection to shop.dpsmap.com:443.
HTTP request sent, awaiting response... 200 OK
Length: unspecified [application/rss+xml]
Saving to: ‘shop.dpsmap.com/index.php/product-category/map-softcopy/feed/index.html’

     0K .......... ..........                                   198K=0.1s

2026-05-13 01:52:51 (198 KB/s) - ‘shop.dpsmap.com/index.php/product-category/map-softcopy/feed/index.html’ saved [20858]

--2026-05-13 01:52:51--  https://shop.dpsmap.com/index.php/wp-json/wp/v2/product_cat/38
Reusing existing connection to shop.dpsmap.com:443.
HTTP request sent, awaiting response... 200 OK
Length: unspecified [application/json]
Saving to: ‘shop.dpsmap.com/index.php/wp-json/wp/v2/product_cat/38’

     0K                                                         349M=0s

Last-modified header missing -- time-stamps turned off.
2026-05-13 01:52:55 (349 MB/s) - ‘shop.dpsmap.com/index.php/wp-json/wp/v2/product_cat/38’ saved [718]

--2026-05-13 01:52:55--  https://shop.dpsmap.com/index.php/product-category/map-softcopy/?add-to-cart=824
Reusing existing connection to shop.dpsmap.com:443.
HTTP request sent, awaiting response... 200 OK
Length: unspecified [text/html]
Saving to: ‘shop.dpsmap.com/index.php/product-category/map-softcopy/index.html@add-to-cart=824.html’

     0K .......... .......... .......... .......... ..........  356K
    50K .......... .......... .......... .......... .......     245K=0.3s

Last-modified header missing -- time-stamps turned off.
2026-05-13 01:52:58 (292 KB/s) - ‘shop.dpsmap.com/index.php/product-category/map-softcopy/index.html@add-to-cart=824.html’ saved [99800]

--2026-05-13 01:52:58--  https://shop.dpsmap.com/index.php/product-category/mobile/feed/
Reusing existing connection to shop.dpsmap.com:443.
HTTP request sent, awaiting response... 200 OK
Length: unspecified [application/rss+xml]
Saving to: ‘shop.dpsmap.com/index.php/product-category/mobile/feed/index.html’

     0K .                                                       506M=0s

2026-05-13 01:53:01 (506 MB/s) - ‘shop.dpsmap.com/index.php/product-category/mobile/feed/index.html’ saved [1154]

--2026-05-13 01:53:01--  https://shop.dpsmap.com/index.php/wp-json/wp/v2/product_cat/39
Reusing existing connection to shop.dpsmap.com:443.
HTTP request sent, awaiting response... 200 OK
Length: unspecified [application/json]
Saving to: ‘shop.dpsmap.com/index.php/wp-json/wp/v2/product_cat/39’

     0K                                                         474M=0s

Last-modified header missing -- time-stamps turned off.
2026-05-13 01:53:07 (474 MB/s) - ‘shop.dpsmap.com/index.php/wp-json/wp/v2/product_cat/39’ saved [699]

--2026-05-13 01:53:08--  https://shop.dpsmap.com/index.php/product-category/website/feed/
Reusing existing connection to shop.dpsmap.com:443.
HTTP request sent, awaiting response... 200 OK
Length: unspecified [application/rss+xml]
Saving to: ‘shop.dpsmap.com/index.php/product-category/website/feed/index.html’

     0K .....                                                  1.62G=0s

2026-05-13 01:53:10 (1.62 GB/s) - ‘shop.dpsmap.com/index.php/product-category/website/feed/index.html’ saved [5515]

--2026-05-13 01:53:10--  https://shop.dpsmap.com/index.php/wp-json/wp/v2/product_cat/37
Reusing existing connection to shop.dpsmap.com:443.
HTTP request sent, awaiting response... 200 OK
Length: unspecified [application/json]
Saving to: ‘shop.dpsmap.com/index.php/wp-json/wp/v2/product_cat/37’

     0K                                                         284M=0s

Last-modified header missing -- time-stamps turned off.
2026-05-13 01:53:14 (284 MB/s) - ‘shop.dpsmap.com/index.php/wp-json/wp/v2/product_cat/37’ saved [711]

--2026-05-13 01:53:14--  https://shop.dpsmap.com/index.php/product/%e1%80%81%e1%80%9b%e1%80%ad%e1%80%af%e1%80%84%e1%80%ba%e1%80%99%e1%80%bc%e1%80%b1%e1%80%95%e1%80%af%e1%80%b6%e1%80%80%e1%80%94%e1%80%b1%e1%80%9b%e1%80%95%e1%80%ba%e1%80%80%e1%80%bd%e1%80%80%e1%80%ba/feed/
Reusing existing connection to shop.dpsmap.com:443.
HTTP request sent, awaiting response... 200 OK
Length: unspecified [application/rss+xml]
Saving to: ‘shop.dpsmap.com/index.php/product/ခရိုင်မြေပုံကနေရပ်ကွက်/feed/index.html’

     0K .                                                       640M=0s

2026-05-13 01:53:16 (640 MB/s) - ‘shop.dpsmap.com/index.php/product/ခရိုင်မြေပုံကနေရပ်ကွက်/feed/index.html’ saved [1281]

The destination name is too long (265), reducing to 236
--2026-05-13 01:53:17--  https://shop.dpsmap.com/index.php/wp-json/oembed/1.0/embed?url=https%3A%2F%2Fshop.dpsmap.com%2Findex.php%2Fproduct%2F%25e1%2580%2581%25e1%2580%259b%25e1%2580%25ad%25e1%2580%25af%25e1%2580%2584%25e1%2580%25ba%25e1%2580%2599%25e1%2580%25bc%25e1%2580%25b1%25e1%2580%2595%25e1%2580%25af%25e1%2580%25b6%25e1%2580%2580%25e1%2580%2594%25e1%2580%25b1%25e1%2580%259b%25e1%2580%2595%25e1%2580%25ba%25e1%2580%2580%25e1%2580%25bd%25e1%2580%2580%25e1%2580%25ba%2F
Reusing existing connection to shop.dpsmap.com:443.
HTTP request sent, awaiting response... 200 OK
Length: unspecified [application/json]
Saving to: ‘shop.dpsmap.com/index.php/wp-json/oembed/1.0/embed@url=https%3A%2F%2Fshop.dpsmap.com%2Findex.php%2Fproduct%2F%e1%80%81%e1%80%9b%e1%80%ad%e1%80%af%e1%80%84%e1%80%ba%e1%80%99%e1%80%bc%e1%80%b1%e1%80%95%e1%80%af%e1%80%b6%e1%80%80%e1%80%94%e1%80%b1%e1%80%9b%e1%80%95%e1%80%ba%e1%80%80%’

     0K ...                                                    1.27G=0s

Last-modified header missing -- time-stamps turned off.
2026-05-13 01:53:20 (1.27 GB/s) - ‘shop.dpsmap.com/index.php/wp-json/oembed/1.0/embed@url=https%3A%2F%2Fshop.dpsmap.com%2Findex.php%2Fproduct%2F%e1%80%81%e1%80%9b%e1%80%ad%e1%80%af%e1%80%84%e1%80%ba%e1%80%99%e1%80%bc%e1%80%b1%e1%80%95%e1%80%af%e1%80%b6%e1%80%80%e1%80%94%e1%80%b1%e1%80%9b%e1%80%95%e1%80%ba%e1%80%80%’ saved [3649]

The destination name is too long (276), reducing to 236
--2026-05-13 01:53:20--  https://shop.dpsmap.com/index.php/wp-json/oembed/1.0/embed?url=https%3A%2F%2Fshop.dpsmap.com%2Findex.php%2Fproduct%2F%25e1%2580%2581%25e1%2580%259b%25e1%2580%25ad%25e1%2580%25af%25e1%2580%2584%25e1%2580%25ba%25e1%2580%2599%25e1%2580%25bc%25e1%2580%25b1%25e1%2580%2595%25e1%2580%25af%25e1%2580%25b6%25e1%2580%2580%25e1%2580%2594%25e1%2580%25b1%25e1%2580%259b%25e1%2580%2595%25e1%2580%25ba%25e1%2580%2580%25e1%2580%25bd%25e1%2580%2580%25e1%2580%25ba%2F&format=xml
Reusing existing connection to shop.dpsmap.com:443.
HTTP request sent, awaiting response... 200 OK
Length: unspecified [text/xml]
Saving to: ‘shop.dpsmap.com/index.php/wp-json/oembed/1.0/embed@url=https%3A%2F%2Fshop.dpsmap.com%2Findex.php%2Fproduct%2F%e1%80%81%e1%80%9b%e1%80%ad%e1%80%af%e1%80%84%e1%80%ba%e1%80%99%e1%80%bc%e1%80%b1%e1%80%95%e1%80%af%e1%80%b6%e1%80%80%e1%80%94%e1%80%b1%e1%80%9b%e1%80%95%e1%80%ba%e1%80%80%’

     0K ....                                                   17.3K=0.2s

Last-modified header missing -- time-stamps turned off.
2026-05-13 01:53:24 (17.3 KB/s) - ‘shop.dpsmap.com/index.php/wp-json/oembed/1.0/embed@url=https%3A%2F%2Fshop.dpsmap.com%2Findex.php%2Fproduct%2F%e1%80%81%e1%80%9b%e1%80%ad%e1%80%af%e1%80%84%e1%80%ba%e1%80%99%e1%80%bc%e1%80%b1%e1%80%95%e1%80%af%e1%80%b6%e1%80%80%e1%80%94%e1%80%b1%e1%80%9b%e1%80%95%e1%80%ba%e1%80%80%’ saved [4116]

--2026-05-13 01:53:24--  https://shop.dpsmap.com/index.php/wp-json/wp/v2/product/360
Reusing existing connection to shop.dpsmap.com:443.
HTTP request sent, awaiting response... 200 OK
Length: unspecified [application/json]
Saving to: ‘shop.dpsmap.com/index.php/wp-json/wp/v2/product/360’

     0K ........                                                202M=0s

Last-modified header missing -- time-stamps turned off.
2026-05-13 01:53:27 (202 MB/s) - ‘shop.dpsmap.com/index.php/wp-json/wp/v2/product/360’ saved [8799]

--2026-05-13 01:53:27--  https://shop.dpsmap.com/?p=360
Reusing existing connection to shop.dpsmap.com:443.
HTTP request sent, awaiting response... 301 Moved Permanently
Location: https://shop.dpsmap.com/index.php/product/%e1%80%81%e1%80%9b%e1%80%ad%e1%80%af%e1%80%84%e1%80%ba%e1%80%99%e1%80%bc%e1%80%b1%e1%80%95%e1%80%af%e1%80%b6%e1%80%80%e1%80%94%e1%80%b1%e1%80%9b%e1%80%95%e1%80%ba%e1%80%80%e1%80%bd%e1%80%80%e1%80%ba/ [following]
--2026-05-13 01:53:30--  https://shop.dpsmap.com/index.php/product/%e1%80%81%e1%80%9b%e1%80%ad%e1%80%af%e1%80%84%e1%80%ba%e1%80%99%e1%80%bc%e1%80%b1%e1%80%95%e1%80%af%e1%80%b6%e1%80%80%e1%80%94%e1%80%b1%e1%80%9b%e1%80%95%e1%80%ba%e1%80%80%e1%80%bd%e1%80%80%e1%80%ba/
Reusing existing connection to shop.dpsmap.com:443.
HTTP request sent, awaiting response... 200 OK
Length: unspecified [text/html]
Saving to: ‘shop.dpsmap.com/index.html@p=360.html’

     0K .......... .......... .......... .......... ..........  117M
    50K .......... .......... .......... .......... .......... 83.2M
   100K .                                                      3.21T=0.001s

Last-modified header missing -- time-stamps turned off.
2026-05-13 01:53:36 (98.9 MB/s) - ‘shop.dpsmap.com/index.html@p=360.html’ saved [104164]

--2026-05-13 01:53:36--  https://shop.dpsmap.com/index.php/product/%e1%80%81%e1%80%9b%e1%80%ad%e1%80%af%e1%80%84%e1%80%ba%e1%80%99%e1%80%bc%e1%80%b1%e1%80%95%e1%80%af%e1%80%b6%e1%80%80%e1%80%94%e1%80%b1%e1%80%9b%e1%80%95%e1%80%ba%e1%80%80%e1%80%bd%e1%80%80%e1%80%ba/?add-to-cart=229
Reusing existing connection to shop.dpsmap.com:443.
HTTP request sent, awaiting response... 200 OK
Length: unspecified [text/html]
Saving to: ‘shop.dpsmap.com/index.php/product/ခရိုင်မြေပုံကနေရပ်ကွက်/index.html@add-to-cart=229.html’

     0K .......... .......... .......... .......... ..........  102K
    50K .......... .......... .......... .......... .......... 1.78M
   100K .                                                      3.57T=0.5s

Last-modified header missing -- time-stamps turned off.
2026-05-13 01:53:39 (198 KB/s) - ‘shop.dpsmap.com/index.php/product/ခရိုင်မြေပုံကနေရပ်ကွက်/index.html@add-to-cart=229.html’ saved [104364]

--2026-05-13 01:53:40--  https://shop.dpsmap.com/index.php/product/%e1%80%81%e1%80%9b%e1%80%ad%e1%80%af%e1%80%84%e1%80%ba%e1%80%99%e1%80%bc%e1%80%b1%e1%80%95%e1%80%af%e1%80%b6%e1%80%80%e1%80%94%e1%80%b1%e1%80%9b%e1%80%95%e1%80%ba%e1%80%80%e1%80%bd%e1%80%80%e1%80%ba/?add-to-cart=207
Reusing existing connection to shop.dpsmap.com:443.
HTTP request sent, awaiting response... 200 OK
Length: unspecified [text/html]
Saving to: ‘shop.dpsmap.com/index.php/product/ခရိုင်မြေပုံကနေရပ်ကွက်/index.html@add-to-cart=207.html’

     0K .......... .......... .......... .......... ..........  357K
    50K .......... .......... .......... .......... .........   257K=0.3s

Last-modified header missing -- time-stamps turned off.
2026-05-13 01:53:43 (299 KB/s) - ‘shop.dpsmap.com/index.php/product/ခရိုင်မြေပုံကနေရပ်ကွက်/index.html@add-to-cart=207.html’ saved [102359]

--2026-05-13 01:53:43--  https://shop.dpsmap.com/index.php/product/%e1%80%81%e1%80%9b%e1%80%ad%e1%80%af%e1%80%84%e1%80%ba%e1%80%99%e1%80%bc%e1%80%b1%e1%80%95%e1%80%af%e1%80%b6%e1%80%80%e1%80%94%e1%80%b1%e1%80%9b%e1%80%95%e1%80%ba%e1%80%80%e1%80%bd%e1%80%80%e1%80%ba/?add-to-cart=809
Reusing existing connection to shop.dpsmap.com:443.
HTTP request sent, awaiting response... 200 OK
Length: unspecified [text/html]
Saving to: ‘shop.dpsmap.com/index.php/product/ခရိုင်မြေပုံကနေရပ်ကွက်/index.html@add-to-cart=809.html’

     0K .......... .......... .......... .......... ..........  355K
    50K .......... .......... .......... .......... .........   257K=0.3s

Last-modified header missing -- time-stamps turned off.
2026-05-13 01:53:46 (298 KB/s) - ‘shop.dpsmap.com/index.php/product/ခရိုင်မြေပုံကနေရပ်ကွက်/index.html@add-to-cart=809.html’ saved [102151]

--2026-05-13 01:53:46--  https://shop.dpsmap.com/index.php/product/%e1%80%81%e1%80%9b%e1%80%ad%e1%80%af%e1%80%84%e1%80%ba%e1%80%99%e1%80%bc%e1%80%b1%e1%80%95%e1%80%af%e1%80%b6%e1%80%80%e1%80%94%e1%80%b1%e1%80%9b%e1%80%95%e1%80%ba%e1%80%80%e1%80%bd%e1%80%80%e1%80%ba/?add-to-cart=803
Reusing existing connection to shop.dpsmap.com:443.
HTTP request sent, awaiting response... 200 OK
Length: unspecified [text/html]
Saving to: ‘shop.dpsmap.com/index.php/product/ခရိုင်မြေပုံကနေရပ်ကွက်/index.html@add-to-cart=803.html’

     0K .......... .......... .......... .......... ..........  336K
    50K .......... .......... .......... .......... ..........  269K
   100K                                                        1.35T=0.3s

Last-modified header missing -- time-stamps turned off.
2026-05-13 01:53:49 (301 KB/s) - ‘shop.dpsmap.com/index.php/product/ခရိုင်မြေပုံကနေရပ်ကွက်/index.html@add-to-cart=803.html’ saved [103144]

--2026-05-13 01:53:49--  https://shop.dpsmap.com/index.php/product/dgps-tracker/feed/
Reusing existing connection to shop.dpsmap.com:443.
HTTP request sent, awaiting response... 200 OK
Length: unspecified [application/rss+xml]
Saving to: ‘shop.dpsmap.com/index.php/product/dgps-tracker/feed/index.html’

     0K                                                         448M=0s

2026-05-13 01:53:53 (448 MB/s) - ‘shop.dpsmap.com/index.php/product/dgps-tracker/feed/index.html’ saved [781]

--2026-05-13 01:53:53--  https://shop.dpsmap.com/index.php/wp-json/oembed/1.0/embed?url=https%3A%2F%2Fshop.dpsmap.com%2Findex.php%2Fproduct%2Fdgps-tracker%2F
Reusing existing connection to shop.dpsmap.com:443.
HTTP request sent, awaiting response... 200 OK
Length: unspecified [application/json]
Saving to: ‘shop.dpsmap.com/index.php/wp-json/oembed/1.0/embed@url=https%3A%2F%2Fshop.dpsmap.com%2Findex.php%2Fproduct%2Fdgps-tracker%2F’

     0K ..                                                     1.40G=0s

Last-modified header missing -- time-stamps turned off.
2026-05-13 01:53:57 (1.40 GB/s) - ‘shop.dpsmap.com/index.php/wp-json/oembed/1.0/embed@url=https%3A%2F%2Fshop.dpsmap.com%2Findex.php%2Fproduct%2Fdgps-tracker%2F’ saved [2450]

--2026-05-13 01:53:57--  https://shop.dpsmap.com/index.php/wp-json/oembed/1.0/embed?url=https%3A%2F%2Fshop.dpsmap.com%2Findex.php%2Fproduct%2Fdgps-tracker%2F&format=xml
Reusing existing connection to shop.dpsmap.com:443.
HTTP request sent, awaiting response... 200 OK
Length: unspecified [text/xml]
Saving to: ‘shop.dpsmap.com/index.php/wp-json/oembed/1.0/embed@url=https%3A%2F%2Fshop.dpsmap.com%2Findex.php%2Fproduct%2Fdgps-tracker%2F&format=xml’

     0K ..